step,zone,n_links,mean_rssi_dbm,min_rssi_dbm,max_rssi_dbm,mean_propagation_loss_db,min_propagation_loss_db,max_propagation_loss_db
1,0,110,-82.01067484075372,-120.0,-48.85166549682617,105.01067484075372,71.85166549682617,143.0
2,0,240,-82.36443139712016,-120.0,-37.48976135253906,105.36443139712016,60.48976135253906,143.0
3,0,462,-84.36189952866856,-120.0,-40.53507614135742,107.36189952866856,63.53507614135742,143.0
4,0,552,-81.49828874201015,-120.0,-37.37007522583008,104.49828874201015,60.37007522583008,143.0
5,0,870,-79.78161200161638,-120.0,-40.376548767089844,102.78161200161638,63.376548767089844,143.0
6,0,992,-77.55697420335585,-120.0,-37.92522048950195,100.55697420335585,60.92522048950195,143.0
7,0,1122,-74.35789138535553,-120.0,-36.91494369506836,97.35789138535553,59.91494369506836,143.0
8,0,1190,-71.86630776669799,-120.0,-37.21330642700195,94.86630776669799,60.21330642700195,143.0
9,0,1332,-71.87647835843198,-120.0,-31.238662719726562,94.87647835843198,54.23866271972656,143.0
10,0,1332,-70.17137081272251,-120.0,-37.202213287353516,93.17137081272251,60.202213287353516,143.0
11,0,1332,-69.00228240898063,-120.0,-36.1765251159668,92.00228240898063,59.1765251159668,143.0
12,0,1406,-67.62295756061928,-120.0,-34.85886764526367,90.62295756061928,57.85886764526367,143.0
13,0,1406,-66.36820931522809,-120.0,-32.45139694213867,89.36820931522809,55.45139694213867,143.0
14,0,1406,-65.35232026817789,-120.0,-30.688030242919922,88.35232026817789,53.68803024291992,143.0
15,0,1406,-64.60318496454491,-120.0,-30.522113800048828,87.60318496454491,53.52211380004883,143.0
16,0,1406,-64.09322185163647,-120.0,-32.145751953125,87.09322185163647,55.145751953125,143.0
17,0,1482,-63.93797206492559,-120.0,-30.399572372436523,86.93797206492559,53.39957237243652,143.0
18,0,1260,-62.951761239672464,-120.0,-30.93146324157715,85.95176123967246,53.93146324157715,143.0
19,0,1332,-63.78248924536032,-120.0,-30.432926177978516,86.78248924536032,53.432926177978516,143.0
20,0,1332,-63.80196313027505,-120.0,-30.690340042114258,86.80196313027506,53.69034004211426,143.0
21,0,1332,-63.39159942317654,-120.0,-30.600908279418945,86.39159942317653,53.600908279418945,143.0
22,0,1406,-64.09940054338654,-120.0,-30.390899658203125,87.09940054338654,53.390899658203125,143.0
23,0,1406,-63.20815489811036,-120.0,-30.455297470092773,86.20815489811037,53.45529747009277,143.0
24,0,1406,-62.75664560961011,-120.0,-30.432884216308594,85.7566456096101,53.432884216308594,143.0
25,0,1332,-61.43812124721997,-120.0,-30.43219757080078,84.43812124721997,53.43219757080078,143.0
26,0,1332,-62.27445210637273,-120.0,-30.432165145874023,85.27445210637273,53.43216514587402,143.0
27,0,1332,-62.60599648415506,-120.0,-30.416542053222656,85.60599648415506,53.416542053222656,143.0
28,0,1332,-62.93248299435452,-120.0,-30.407970428466797,85.93248299435453,53.4079704284668,143.0
29,0,1482,-64.18499182239074,-120.0,-30.407711029052734,87.18499182239074,53.407711029052734,143.0
30,0,1406,-61.85553068456745,-120.0,-30.407711029052734,84.85553068456744,53.407711029052734,143.0
31,0,1482,-62.707006949966576,-120.0,-30.407711029052734,85.70700694996657,53.407711029052734,143.0
32,0,1482,-62.47978893980163,-120.0,-30.407711029052734,85.47978893980164,53.407711029052734,143.0
33,0,1482,-62.30119210344899,-120.0,-30.407711029052734,85.30119210344898,53.407711029052734,143.0
34,0,1406,-61.50943830308331,-120.0,-30.407711029052734,84.5094383030833,53.407711029052734,143.0
35,0,1482,-63.11102958632867,-120.0,-30.407711029052734,86.11102958632867,53.407711029052734,143.0
36,0,1482,-63.11101142404533,-120.0,-30.407711029052734,86.11101142404533,53.407711029052734,143.0
37,0,1482,-62.93094549423609,-120.0,-30.407711029052734,85.93094549423608,53.407711029052734,143.0
38,0,1406,-62.13724018465913,-120.0,-30.407711029052734,85.13724018465913,53.407711029052734,143.0
39,0,1560,-63.62763057121864,-120.0,-30.407711029052734,86.62763057121865,53.407711029052734,143.0
40,0,1560,-63.48888083726932,-120.0,-30.407712936401367,86.48888083726932,53.40771293640137,143.0
41,0,1560,-64.21418107839732,-120.0,-30.407712936401367,87.21418107839732,53.40771293640137,143.0
42,0,1406,-62.6040242318578,-120.0,-30.407711029052734,85.6040242318578,53.407711029052734,143.0
43,0,1560,-65.15256754557292,-120.0,-30.407712936401367,88.15256754557292,53.40771293640137,143.0
44,0,1482,-64.38004894359553,-120.0,-30.407711029052734,87.38004894359553,53.407711029052734,143.0
45,0,1560,-65.4707773783268,-120.0,-30.407711029052734,88.4707773783268,53.407711029052734,143.0
46,0,1560,-65.29457045579568,-120.0,-30.407712936401367,88.29457045579568,53.40771293640137,143.0
47,0,1560,-65.3047947553488,-120.0,-30.407711029052734,88.3047947553488,53.407711029052734,143.0
48,0,1560,-64.60323247909545,-120.0,-30.407712936401367,87.60323247909545,53.40771293640137,143.0
49,0,1482,-62.291514114812315,-120.0,-29.600894927978516,85.29151411481232,52.600894927978516,143.0
50,0,1560,-62.35416667889326,-120.0,-30.433767318725586,85.35416667889325,53.433767318725586,143.0
51,0,1482,-61.57040878893071,-120.0,-28.693241119384766,84.5704087889307,51.693241119384766,143.0
52,0,1560,-61.422987649379635,-120.0,-30.432157516479492,84.42298764937964,53.43215751647949,143.0
53,0,1560,-60.92041328870333,-120.0,-30.413066864013672,83.92041328870333,53.41306686401367,143.0
54,0,1560,-60.309547035510725,-120.0,-30.43922996520996,83.30954703551072,53.43922996520996,143.0
55,0,1560,-60.13150064272758,-120.0,-30.523273468017578,83.13150064272759,53.52327346801758,143.0
56,0,1560,-61.03211454733824,-120.0,-30.743906021118164,84.03211454733824,53.743906021118164,143.0
57,0,1482,-61.124294399410765,-120.0,-30.518306732177734,84.12429439941076,53.518306732177734,143.0
58,0,1560,-61.865030990502774,-120.0,-30.388036727905273,84.86503099050277,53.38803672790527,143.0
59,0,1560,-61.9231009825682,-120.0,-30.7529239654541,84.9231009825682,53.7529239654541,143.0
60,0,1482,-60.1508611274956,-100.78490447998047,-31.187788009643555,83.1508611274956,54.187788009643555,123.78490447998047
61,0,1560,-60.26215860171196,-92.96585083007812,-32.53430938720703,83.26215860171196,55.53430938720703,115.96585083007812
62,0,1482,-60.11053246460784,-105.8858871459961,-31.443565368652344,83.11053246460784,54.443565368652344,128.8858871459961
63,0,1482,-60.30726179001946,-120.0,-30.68608856201172,83.30726179001945,53.68608856201172,143.0
64,0,1560,-61.08608092528123,-120.0,-30.442405700683594,84.08608092528124,53.442405700683594,143.0
65,0,1560,-61.32798721606915,-120.0,-30.46031951904297,84.32798721606915,53.46031951904297,143.0
66,0,1560,-61.85754913916955,-120.0,-30.497682571411133,84.85754913916955,53.49768257141113,143.0
67,0,1482,-60.89572167235669,-91.69227600097656,-33.138492584228516,83.8957216723567,56.138492584228516,114.69227600097656
68,0,1560,-63.646610991160074,-120.0,-30.412700653076172,86.64661099116007,53.41270065307617,143.0
69,0,1560,-64.94323393748357,-120.0,-30.39606285095215,87.94323393748357,53.39606285095215,143.0
70,0,1482,-64.61330547667386,-120.0,-30.515239715576172,87.61330547667386,53.51523971557617,143.0
71,0,1560,-65.61849560859876,-120.0,-30.8989200592041,88.61849560859876,53.8989200592041,143.0
72,0,1482,-64.51513499158276,-120.0,-31.249897003173828,87.51513499158276,54.24989700317383,143.0
73,0,1406,-62.259926842083125,-120.0,-30.50457191467285,85.25992684208313,53.50457191467285,143.0
74,0,1332,-61.3895409443715,-120.0,-30.84682273864746,84.3895409443715,53.84682273864746,143.0
75,0,1332,-61.08530577525004,-120.0,-31.20994758605957,84.08530577525005,54.20994758605957,143.0
76,0,1482,-63.50578602573328,-120.0,-30.633930206298828,86.50578602573327,53.63393020629883,143.0
77,0,1482,-64.53889140748142,-120.0,-31.44941520690918,87.53889140748142,54.44941520690918,143.0
78,0,1406,-64.16068789426497,-120.0,-31.449413299560547,87.16068789426497,54.44941329956055,143.0
79,0,1406,-62.96656980283908,-120.0,-31.44941520690918,85.96656980283908,54.44941520690918,143.0
80,0,1332,-62.41323241099223,-120.0,-31.44941520690918,85.41323241099224,54.44941520690918,143.0
81,0,1406,-62.36699790737537,-120.0,-30.39698028564453,85.36699790737538,53.39698028564453,143.0
82,0,1406,-62.07623037471201,-120.0,-31.154823303222656,85.07623037471201,54.154823303222656,143.0
83,0,1482,-61.556948506076004,-120.0,-31.414918899536133,84.556948506076,54.41491889953613,143.0
84,0,1482,-60.95321130688213,-91.10118103027344,-31.44941520690918,83.95321130688214,54.44941520690918,114.10118103027344
85,0,1482,-60.85521149217037,-91.09205627441406,-31.44941520690918,83.85521149217037,54.44941520690918,114.09205627441406
86,0,1482,-60.784488477204974,-91.09034729003906,-30.572040557861328,83.78448847720497,53.57204055786133,114.09034729003906
87,0,1482,-60.6885169565919,-91.08998107910156,-31.44941520690918,83.6885169565919,54.44941520690918,114.08998107910156
88,0,1482,-60.60302775044512,-91.08998107910156,-31.44941520690918,83.60302775044512,54.44941520690918,114.08998107910156
89,0,1482,-60.520817611220714,-91.08998107910156,-31.44941520690918,83.5208176112207,54.44941520690918,114.08998107910156
90,0,1482,-60.4136294469177,-91.08998107910156,-31.44941520690918,83.4136294469177,54.44941520690918,114.08998107910156
91,0,1482,-60.5204534054446,-91.08998107910156,-31.44941520690918,83.5204534054446,54.44941520690918,114.08998107910156
92,0,1482,-60.62806336664156,-90.92198181152344,-31.44941520690918,83.62806336664156,54.44941520690918,113.92198181152344
93,0,1560,-62.53620690810375,-120.0,-32.32620620727539,85.53620690810375,55.32620620727539,143.0
94,0,1560,-62.55191887586545,-120.0,-28.79241943359375,85.55191887586545,51.79241943359375,143.0
95,0,1560,-63.172081957107935,-120.0,-30.423507690429688,86.17208195710793,53.42350769042969,143.0
96,0,1560,-63.44358297739274,-120.0,-30.108938217163086,86.44358297739274,53.108938217163086,143.0
97,0,1560,-63.39383315795507,-120.0,-31.586864471435547,86.39383315795507,54.58686447143555,143.0
98,0,1260,-61.39688933236258,-90.74102783203125,-31.060791015625,84.39688933236258,54.060791015625,113.74102783203125
99,0,1332,-62.090291727770555,-94.52888488769531,-31.804855346679688,85.09029172777056,54.80485534667969,117.52888488769531
100,0,1332,-63.02903407328838,-120.0,-30.4820613861084,86.02903407328839,53.4820613861084,143.0
101,0,1190,-62.745864172542795,-120.0,-33.02239227294922,85.7458641725428,56.02239227294922,143.0
102,0,1190,-63.79593591770204,-120.0,-30.491003036499023,86.79593591770204,53.49100303649902,143.0
103,0,1122,-63.28995406478909,-120.0,-31.071535110473633,86.2899540647891,54.07153511047363,143.0
104,0,1260,-65.31378086937798,-120.0,-30.967863082885742,88.31378086937798,53.96786308288574,143.0
105,0,1260,-65.5835282310607,-120.0,-30.77993392944336,88.5835282310607,53.77993392944336,143.0
106,0,1190,-64.90645240334904,-120.0,-30.616973876953125,87.90645240334904,53.616973876953125,143.0
107,0,1190,-66.45121715770048,-120.0,-30.511180877685547,89.45121715770048,53.51118087768555,143.0
108,0,1056,-65.5337228233164,-120.0,-30.49558448791504,88.5337228233164,53.49558448791504,143.0
109,0,1190,-67.40658319938083,-120.0,-30.66071891784668,90.40658319938083,53.66071891784668,143.0
110,0,1190,-67.0923882139831,-120.0,-28.934253692626953,90.0923882139831,51.93425369262695,143.0
111,0,1122,-66.75743847947282,-120.0,-30.99909019470215,89.75743847947282,53.99909019470215,143.0
112,0,992,-63.09465538301775,-120.0,-30.46149444580078,86.09465538301775,53.46149444580078,143.0
113,0,1056,-63.21444067088041,-120.0,-31.71422576904297,86.2144406708804,54.71422576904297,143.0
114,0,1056,-62.371544491160996,-120.0,-37.237083435058594,85.37154449116099,60.237083435058594,143.0
115,0,1056,-62.26866222150398,-120.0,-30.494884490966797,85.26866222150397,53.4948844909668,143.0
116,0,1190,-64.52286154803107,-120.0,-31.194250106811523,87.52286154803107,54.19425010681152,143.0
117,0,1190,-63.70922153376731,-120.0,-28.775848388671875,86.7092215337673,51.775848388671875,143.0
118,0,1122,-63.183776994865,-120.0,-30.747987747192383,86.183776994865,53.74798774719238,143.0
119,0,1190,-62.72288963253759,-120.0,-30.498815536499023,85.72288963253759,53.49881553649902,143.0
120,0,1260,-61.86997700948564,-120.0,-31.80599021911621,84.86997700948564,54.80599021911621,143.0
121,0,1406,-62.15331205365329,-120.0,-30.679061889648438,85.15331205365328,53.67906188964844,143.0
122,0,1406,-61.24210622741352,-120.0,-30.384307861328125,84.24210622741353,53.384307861328125,143.0
123,0,1406,-60.44495567386893,-120.0,-30.602468490600586,83.44495567386893,53.602468490600586,143.0
124,0,1406,-60.95107312697605,-120.0,-30.671215057373047,83.95107312697604,53.67121505737305,143.0
125,0,1406,-60.55444135706591,-120.0,-30.46974754333496,83.55444135706591,53.46974754333496,143.0
126,0,1482,-60.8421375774018,-120.0,-30.621196746826172,83.8421375774018,53.62119674682617,143.0
127,0,1560,-62.79845955188458,-120.0,-30.684675216674805,85.79845955188458,53.684675216674805,143.0
128,0,1482,-62.66455277611531,-120.0,-30.435569763183594,85.6645527761153,53.435569763183594,143.0
129,0,1482,-63.36017683546553,-120.0,-30.687185287475586,86.36017683546552,53.687185287475586,143.0
130,0,1406,-62.91325958762027,-120.0,-30.73080062866211,85.91325958762027,53.73080062866211,143.0
131,0,1482,-63.525890406970234,-120.0,-30.73080062866211,86.52589040697023,53.73080062866211,143.0
132,0,1482,-63.24270524605405,-120.0,-30.41901206970215,86.24270524605404,53.41901206970215,143.0
133,0,1406,-62.175791551853145,-120.0,-30.674571990966797,85.17579155185314,53.6745719909668,143.0
134,0,1406,-61.80409617851333,-120.0,-30.725236892700195,84.80409617851333,53.725236892700195,143.0
135,0,1482,-61.06936902909787,-120.0,-30.729406356811523,84.06936902909787,53.72940635681152,143.0
136,0,1482,-60.72546089676871,-120.0,-30.73080062866211,83.72546089676871,53.73080062866211,143.0
137,0,1482,-60.61357978223628,-120.0,-30.73080062866211,83.61357978223629,53.73080062866211,143.0
138,0,1482,-61.499191912240505,-120.0,-30.73080062866211,84.4991919122405,53.73080062866211,143.0
139,0,1482,-61.477232507044164,-120.0,-30.110429763793945,84.47723250704416,53.110429763793945,143.0
140,0,1482,-61.60470789550287,-120.0,-30.43433380126953,84.60470789550287,53.43433380126953,143.0
141,0,1482,-61.90646223050219,-120.0,-30.4990234375,84.9064622305022,53.4990234375,143.0
142,0,1406,-60.13206093680977,-120.0,-30.519821166992188,83.13206093680978,53.51982116699219,143.0
143,0,1482,-62.424973347569924,-120.0,-30.77091407775879,85.42497334756993,53.77091407775879,143.0
144,0,1482,-62.41921849321579,-120.0,-30.40653419494629,85.4192184932158,53.40653419494629,143.0
145,0,1482,-62.27827221179298,-120.0,-30.41088104248047,85.27827221179298,53.41088104248047,143.0
146,0,1482,-61.83905774990396,-120.0,-30.455535888671875,84.83905774990396,53.455535888671875,143.0
147,0,1406,-61.66813882960703,-120.0,-31.42290687561035,84.66813882960703,54.42290687561035,143.0
148,0,1482,-64.44352634393896,-120.0,-30.643583297729492,87.44352634393896,53.64358329772949,143.0
149,0,1406,-65.6321059534933,-120.0,-31.099332809448242,88.6321059534933,54.09933280944824,143.0
150,0,1482,-66.04036971335469,-120.0,-30.49770736694336,89.04036971335469,53.49770736694336,143.0
151,0,1482,-66.3345125690002,-120.0,-31.94901466369629,89.3345125690002,54.94901466369629,143.0
152,0,1406,-64.48978669070247,-120.0,-30.613147735595703,87.48978669070247,53.6131477355957,143.0
153,0,1332,-63.205737512032904,-120.0,-30.432422637939453,86.2057375120329,53.43242263793945,143.0
154,0,1482,-65.57014374726536,-120.0,-30.443084716796875,88.57014374726536,53.443084716796875,143.0
155,0,1332,-64.71508135809913,-120.0,-30.840444564819336,87.71508135809913,53.840444564819336,143.0
156,0,1482,-65.26297610201816,-120.0,-28.88085174560547,88.26297610201816,51.88085174560547,143.0
157,0,1560,-65.16030872540597,-120.0,-30.440736770629883,88.16030872540597,53.44073677062988,143.0
158,0,1482,-63.8905752467723,-120.0,-30.541484832763672,86.8905752467723,53.54148483276367,143.0
159,0,1560,-64.3826724541493,-120.0,-30.489789962768555,87.3826724541493,53.489789962768555,143.0
160,0,1482,-63.57944316838273,-120.0,-30.43132972717285,86.57944316838274,53.43132972717285,143.0
161,0,1482,-63.022483197622776,-120.0,-31.434709548950195,86.02248319762278,54.434709548950195,143.0
162,0,1560,-62.816913646306745,-120.0,-30.52814292907715,85.81691364630674,53.52814292907715,143.0
163,0,1482,-61.49349430665957,-91.97842407226562,-31.34451675415039,84.49349430665957,54.34451675415039,114.97842407226562
164,0,1560,-62.970808639281834,-120.0,-31.457944869995117,85.97080863928184,54.45794486999512,143.0
165,0,1560,-62.69615658735618,-120.0,-31.460166931152344,85.69615658735617,54.460166931152344,143.0
166,0,1560,-62.55537565182417,-120.0,-30.838634490966797,85.55537565182416,53.8386344909668,143.0
167,0,1560,-62.33201779585618,-120.0,-31.46127700805664,85.33201779585619,54.46127700805664,143.0
168,0,1560,-61.71743188271156,-120.0,-31.46127700805664,84.71743188271157,54.46127700805664,143.0
169,0,1560,-61.020236078898115,-95.28124237060547,-30.874935150146484,84.02023607889811,53.874935150146484,118.28124237060547
170,0,1560,-61.02058943968553,-93.02436065673828,-31.04640007019043,84.02058943968552,54.04640007019043,116.02436065673828
171,0,1560,-60.95098135287945,-93.40806579589844,-30.69525146484375,83.95098135287945,53.69525146484375,116.40806579589844
172,0,1560,-60.905329627257125,-93.0546875,-30.88014030456543,83.90532962725712,53.88014030456543,116.0546875
173,0,1560,-60.90991583604079,-92.95415496826172,-31.382492065429688,83.9099158360408,54.38249206542969,115.95415496826172
174,0,1560,-60.989368707705765,-92.92867279052734,-31.46127700805664,83.98936870770576,54.46127700805664,115.92867279052734
175,0,1560,-60.97206083933512,-92.92229461669922,-31.46127700805664,83.97206083933511,54.46127700805664,115.92229461669922
176,0,1560,-60.94450248327011,-92.92216491699219,-30.602771759033203,83.9445024832701,53.6027717590332,115.92216491699219
177,0,1482,-60.74011932146533,-92.92216491699219,-31.406339645385742,83.74011932146533,54.40633964538574,115.92216491699219
178,0,1560,-61.68479206134111,-120.0,-31.46127700805664,84.68479206134111,54.46127700805664,143.0
179,0,1560,-61.55572434938871,-120.0,-31.46127700805664,84.55572434938871,54.46127700805664,143.0
180,0,1560,-61.379658579215025,-120.0,-31.46127700805664,84.37965857921503,54.46127700805664,143.0
181,0,1560,-60.98167957403721,-92.92216491699219,-31.46127700805664,83.9816795740372,54.46127700805664,115.92216491699219
182,0,1560,-60.96293837963007,-92.92216491699219,-31.46127700805664,83.96293837963006,54.46127700805664,115.92216491699219
183,0,1560,-60.96544694900513,-92.92216491699219,-30.54022789001465,83.96544694900513,53.54022789001465,115.92216491699219
184,0,1560,-61.024340888781424,-92.79766082763672,-32.230045318603516,84.02434088878142,55.230045318603516,115.79766082763672
185,0,1560,-61.10971643741314,-92.53679656982422,-30.658592224121094,84.10971643741314,53.658592224121094,115.53679656982422
186,0,1560,-61.303295223529524,-92.11253356933594,-32.93840026855469,84.30329522352952,55.93840026855469,115.11253356933594
187,0,1560,-61.63998016455235,-93.2403793334961,-30.614768981933594,84.63998016455236,53.614768981933594,116.2403793334961
188,0,1332,-61.318614275247846,-91.52816772460938,-30.622798919677734,84.31861427524785,53.622798919677734,114.52816772460938
189,0,1406,-61.62241465540054,-91.8619613647461,-30.51039695739746,84.62241465540055,53.51039695739746,114.8619613647461
190,0,1332,-61.32091536536231,-110.40998077392578,-31.178342819213867,84.32091536536231,54.17834281921387,133.40998077392578
191,0,1332,-62.186431930587815,-120.0,-30.46693229675293,85.18643193058782,53.46693229675293,143.0
192,0,1260,-61.87525264497787,-120.0,-29.12109375,84.87525264497788,52.12109375,143.0
193,0,1332,-62.38455529828688,-120.0,-30.407684326171875,85.38455529828687,53.407684326171875,143.0
194,0,1332,-62.38185310077381,-120.0,-30.697986602783203,85.38185310077381,53.6979866027832,143.0
195,0,1260,-60.95846893068344,-120.0,-30.951982498168945,83.95846893068344,53.951982498168945,143.0
196,0,1332,-64.6025570734843,-120.0,-31.047958374023438,87.6025570734843,54.04795837402344,143.0
197,0,1332,-65.76491394844857,-120.0,-28.682905197143555,88.76491394844857,51.682905197143555,143.0
198,0,1332,-66.79477346552027,-120.0,-30.454710006713867,89.79477346552027,53.45471000671387,143.0
199,0,1190,-65.39781155626314,-120.0,-36.14314270019531,88.39781155626314,59.14314270019531,143.0
200,0,1122,-63.62924863097927,-120.0,-32.960838317871094,86.62924863097928,55.960838317871094,143.0
201,0,1260,-62.64581587049696,-120.0,-30.632036209106445,85.64581587049696,53.632036209106445,143.0
202,0,1332,-62.61463334538915,-120.0,-30.6607723236084,85.61463334538915,53.6607723236084,143.0
203,0,1260,-61.91695169115823,-120.0,-30.447420120239258,84.91695169115823,53.44742012023926,143.0
204,0,1332,-62.46031447573825,-120.0,-30.591022491455078,85.46031447573824,53.59102249145508,143.0
205,0,1332,-62.35452146787901,-120.0,-30.55434226989746,85.35452146787901,53.55434226989746,143.0
206,0,1332,-63.428340576790475,-120.0,-30.407806396484375,86.42834057679048,53.407806396484375,143.0
207,0,1260,-64.49589379628499,-120.0,-30.62969207763672,87.49589379628499,53.62969207763672,143.0
208,0,1260,-64.09295102074033,-120.0,-30.5744686126709,87.09295102074033,53.5744686126709,143.0
209,0,1260,-65.13124539814298,-120.0,-30.68425750732422,88.13124539814298,53.68425750732422,143.0
210,0,1260,-65.35765956999764,-120.0,-30.726621627807617,88.35765956999764,53.72662162780762,143.0
211,0,1332,-63.45219301676249,-120.0,-30.438106536865234,86.4521930167625,53.438106536865234,143.0
212,0,1260,-60.84511194077749,-120.0,-30.73080062866211,83.84511194077749,53.73080062866211,143.0
213,0,1332,-60.477638780175745,-112.25452423095703,-30.73080062866211,83.47763878017574,53.73080062866211,135.25452423095703
214,0,1332,-60.99625117499549,-120.0,-30.713184356689453,83.99625117499549,53.71318435668945,143.0
215,0,1406,-61.040356366088346,-120.0,-30.69389533996582,84.04035636608835,53.69389533996582,143.0
216,0,1406,-60.73197970926168,-120.0,-30.43238067626953,83.73197970926168,53.43238067626953,143.0
217,0,1406,-60.74943608681474,-120.0,-30.432178497314453,83.74943608681474,53.43217849731445,143.0
218,0,1406,-60.970179313616256,-120.0,-30.432165145874023,83.97017931361626,53.43216514587402,143.0
219,0,1406,-61.18957288370363,-120.0,-30.432165145874023,84.18957288370363,53.43216514587402,143.0
220,0,1260,-60.23992410084558,-120.0,-30.432165145874023,83.23992410084557,53.43216514587402,143.0
221,0,1332,-61.445436582193004,-120.0,-30.432165145874023,84.445436582193,53.43216514587402,143.0
222,0,1332,-61.2870729119928,-120.0,-30.410802841186523,84.2870729119928,53.41080284118652,143.0
223,0,1260,-61.01614756811233,-120.0,-30.407745361328125,84.01614756811233,53.407745361328125,143.0
224,0,1260,-60.77099668714735,-120.0,-30.407712936401367,83.77099668714735,53.40771293640137,143.0
225,0,1260,-60.53095953805106,-120.0,-30.407712936401367,83.53095953805106,53.40771293640137,143.0
226,0,1260,-60.37565614003984,-120.0,-30.407712936401367,83.37565614003984,53.40771293640137,143.0
227,0,1332,-60.50933401291077,-120.0,-30.407711029052734,83.50933401291077,53.407711029052734,143.0
228,0,1332,-60.084641843228724,-120.0,-30.407712936401367,83.08464184322872,53.40771293640137,143.0
229,0,1332,-59.83834103421048,-120.0,-29.758655548095703,82.83834103421049,52.7586555480957,143.0
230,0,1332,-59.917757051485076,-120.0,-30.467660903930664,82.91775705148507,53.467660903930664,143.0
231,0,1332,-60.10978713909069,-120.0,-30.450389862060547,83.10978713909068,53.45038986206055,143.0
232,0,1482,-62.457647668527045,-120.0,-30.43821907043457,85.45764766852704,53.43821907043457,143.0
233,0,1482,-62.183047719329956,-120.0,-28.97477149963379,85.18304771932995,51.97477149963379,143.0
234,0,1406,-61.9818840488092,-120.0,-30.63918685913086,84.9818840488092,53.63918685913086,143.0
235,0,1560,-63.19225490398896,-120.0,-30.433338165283203,86.19225490398895,53.4333381652832,143.0
236,0,1560,-63.35225943785447,-120.0,-30.331401824951172,86.35225943785447,53.33140182495117,143.0
237,0,1560,-63.05236471371773,-120.0,-30.40601921081543,86.05236471371774,53.40601921081543,143.0
238,0,1560,-63.2350792664748,-120.0,-28.668657302856445,86.2350792664748,51.668657302856445,143.0
239,0,1332,-61.63950702879164,-120.0,-30.520965576171875,84.63950702879164,53.520965576171875,143.0
240,0,1560,-63.35787661381257,-120.0,-30.544471740722656,86.35787661381258,53.544471740722656,143.0
241,0,1482,-63.19090897383799,-120.0,-30.41327476501465,86.19090897383799,53.41327476501465,143.0
242,0,1482,-63.68116359221629,-120.0,-31.075185775756836,86.6811635922163,54.075185775756836,143.0
243,0,1406,-63.807793759689226,-120.0,-30.764177322387695,86.80779375968922,53.764177322387695,143.0
244,0,1406,-63.35186003010778,-120.0,-30.4030704498291,86.35186003010779,53.4030704498291,143.0
245,0,1406,-63.83921202690808,-120.0,-30.71704864501953,86.83921202690809,53.71704864501953,143.0
246,0,1260,-63.22554182930598,-120.0,-30.668323516845703,86.22554182930598,53.6683235168457,143.0
247,0,1332,-64.43770299516282,-120.0,-30.5505428314209,87.43770299516282,53.5505428314209,143.0
248,0,1332,-64.64572038450041,-120.0,-30.454374313354492,87.64572038450041,53.45437431335449,143.0
249,0,1260,-63.55907026926676,-120.0,-30.87933349609375,86.55907026926675,53.87933349609375,143.0
250,0,1122,-64.50425363564449,-120.0,-31.278762817382812,87.50425363564449,54.27876281738281,143.0
251,0,1260,-65.79819653828939,-120.0,-31.456817626953125,88.79819653828939,54.456817626953125,143.0
252,0,1260,-65.90376119159517,-120.0,-30.594215393066406,88.90376119159517,53.594215393066406,143.0
253,0,1190,-65.76696333364278,-120.0,-31.34108543395996,88.76696333364278,54.34108543395996,143.0
254,0,1190,-64.98994966394761,-120.0,-30.932592391967773,87.98994966394761,53.93259239196777,143.0
255,0,1190,-63.96147902673032,-120.0,-30.442216873168945,86.96147902673033,53.442216873168945,143.0
256,0,1122,-62.592988587105765,-120.0,-30.94934844970703,85.59298858710576,53.94934844970703,143.0
257,0,1190,-64.32783430724585,-120.0,-31.501375198364258,87.32783430724585,54.50137519836426,143.0
258,0,1190,-65.15267646853664,-120.0,-31.4512882232666,88.15267646853664,54.4512882232666,143.0
259,0,1190,-65.04799464570374,-120.0,-31.214853286743164,88.04799464570374,54.214853286743164,143.0
260,0,1190,-65.39984870718307,-120.0,-31.501375198364258,88.39984870718307,54.50137519836426,143.0
261,0,1122,-63.36320753318528,-120.0,-31.501375198364258,86.36320753318529,54.50137519836426,143.0
262,0,1122,-63.59844167984743,-120.0,-31.501375198364258,86.59844167984744,54.50137519836426,143.0
263,0,1122,-63.84324653815883,-120.0,-31.501375198364258,86.84324653815884,54.50137519836426,143.0
264,0,1122,-64.05412281260772,-120.0,-31.501375198364258,87.05412281260772,54.50137519836426,143.0
265,0,1056,-62.141375516400196,-94.55885314941406,-30.839157104492188,85.14137551640019,53.83915710449219,117.55885314941406
266,0,1056,-62.5269092465892,-94.55885314941406,-31.501375198364258,85.5269092465892,54.50137519836426,117.55885314941406
267,0,1056,-62.72975677432436,-120.0,-31.501375198364258,85.72975677432436,54.50137519836426,143.0
268,0,1056,-63.1474809032498,-120.0,-31.501375198364258,86.1474809032498,54.50137519836426,143.0
269,0,1056,-63.27468460256403,-120.0,-31.501375198364258,86.27468460256404,54.50137519836426,143.0
270,0,992,-62.21575915044354,-94.55885314941406,-31.501375198364258,85.21575915044355,54.50137519836426,117.55885314941406
271,0,1056,-62.65528472625848,-94.55885314941406,-31.501375198364258,85.65528472625849,54.50137519836426,117.55885314941406
272,0,1056,-62.86469067949237,-94.55885314941406,-33.084449768066406,85.86469067949237,56.084449768066406,117.55885314941406
273,0,1056,-62.95574420148676,-94.55885314941406,-30.452245712280273,85.95574420148677,53.45224571228027,117.55885314941406
274,0,1056,-62.89765021656499,-94.55885314941406,-31.802379608154297,85.89765021656498,54.8023796081543,117.55885314941406
275,0,1056,-62.58612437320478,-94.67707061767578,-32.024539947509766,85.58612437320478,55.024539947509766,117.67707061767578
276,0,1122,-62.27201708965335,-94.77566528320312,-28.852434158325195,85.27201708965336,51.852434158325195,117.77566528320312
277,0,1122,-62.678439342614375,-94.28063201904297,-30.445274353027344,85.67843934261438,53.445274353027344,117.28063201904297
278,0,930,-62.37282793598791,-93.75227355957031,-28.731313705444336,85.37282793598791,51.731313705444336,116.75227355957031
279,0,1056,-64.11108323299524,-120.0,-30.644426345825195,87.11108323299524,53.644426345825195,143.0
280,0,1056,-64.08859333486268,-120.0,-30.610231399536133,87.08859333486268,53.61023139953613,143.0
281,0,992,-64.17417810809228,-120.0,-31.15862464904785,87.17417810809228,54.15862464904785,143.0
282,0,1056,-64.54839251619397,-93.4789810180664,-31.301349639892578,87.54839251619397,54.30134963989258,116.4789810180664
283,0,1056,-65.64327244686358,-120.0,-30.889171600341797,88.64327244686358,53.8891716003418,143.0
284,0,992,-65.9871147524926,-120.0,-30.972301483154297,88.9871147524926,53.9723014831543,143.0
285,0,870,-66.24102150928015,-120.0,-33.60992431640625,89.24102150928015,56.60992431640625,143.0
286,0,930,-69.13096043576476,-120.0,-31.918066024780273,92.13096043576476,54.91806602478027,143.0
287,0,812,-67.20495019640241,-120.0,-30.604400634765625,90.20495019640241,53.604400634765625,143.0
288,0,870,-69.5593024549813,-120.0,-30.55741310119629,92.5593024549813,53.55741310119629,143.0
289,0,870,-70.26151594403146,-120.0,-30.541494369506836,93.26151594403146,53.541494369506836,143.0
290,0,870,-68.45188890654465,-120.0,-30.42962646484375,91.45188890654465,53.42962646484375,143.0
291,0,870,-68.50279844875993,-120.0,-33.44987869262695,91.50279844875993,56.44987869262695,143.0
292,0,812,-67.69726309283027,-120.0,-31.839149475097656,90.69726309283027,54.839149475097656,143.0
293,0,812,-69.15591490327431,-120.0,-30.43142318725586,92.15591490327431,53.43142318725586,143.0
294,0,702,-67.36068779926354,-120.0,-30.699153900146484,90.36068779926354,53.699153900146484,143.0
295,0,756,-67.54276013248182,-120.0,-30.446685791015625,90.54276013248182,53.446685791015625,143.0
296,0,756,-68.06256914895678,-120.0,-30.434040069580078,91.06256914895678,53.43404006958008,143.0
297,0,702,-65.9855307119864,-120.0,-30.565921783447266,88.9855307119864,53.565921783447266,143.0
298,0,756,-62.56346393766857,-120.0,-36.834598541259766,85.56346393766857,59.834598541259766,143.0
299,0,812,-62.30803406062385,-120.0,-35.530372619628906,85.30803406062384,58.530372619628906,143.0
300,0,930,-62.07507089184177,-120.0,-31.599451065063477,85.07507089184176,54.59945106506348,143.0
301,0,930,-62.313753406975856,-120.0,-31.638816833496094,85.31375340697585,54.638816833496094,143.0
302,0,992,-62.756741496824446,-120.0,-32.2257080078125,85.75674149682445,55.2257080078125,143.0
303,0,992,-62.37436712172724,-120.0,-30.462621688842773,85.37436712172723,53.46262168884277,143.0
304,0,992,-62.62441477083391,-120.0,-30.39091682434082,85.62441477083391,53.39091682434082,143.0
305,0,870,-60.339835896985285,-90.9662857055664,-30.52373504638672,83.33983589698528,53.52373504638672,113.9662857055664
306,0,992,-62.76662373927332,-120.0,-30.866437911987305,85.76662373927331,53.866437911987305,143.0
307,0,992,-63.21773231414057,-120.0,-30.87917137145996,86.21773231414056,53.87917137145996,143.0
308,0,1122,-64.5466376727915,-120.0,-32.814476013183594,87.5466376727915,55.814476013183594,143.0
309,0,992,-62.69038640299151,-120.0,-36.74302673339844,85.6903864029915,59.74302673339844,143.0
310,0,1122,-64.11530462730802,-120.0,-32.73944091796875,87.11530462730802,55.73944091796875,143.0
311,0,1122,-63.30641464328596,-120.0,-32.19978332519531,86.30641464328596,55.19978332519531,143.0
312,0,1122,-62.80329118140453,-120.0,-31.224876403808594,85.80329118140453,54.224876403808594,143.0
313,0,1122,-62.48353592299735,-120.0,-31.536823272705078,85.48353592299735,54.53682327270508,143.0
314,0,1260,-62.4775765434144,-120.0,-30.9381103515625,85.4775765434144,53.9381103515625,143.0
315,0,1260,-61.73242563822913,-120.0,-30.412599563598633,84.73242563822913,53.41259956359863,143.0
316,0,1406,-61.73464377879418,-120.0,-30.407970428466797,84.73464377879418,53.4079704284668,143.0
317,0,1406,-61.36429460289468,-120.0,-30.407745361328125,84.36429460289469,53.407745361328125,143.0
318,0,1482,-61.02943201618478,-120.0,-30.407718658447266,84.02943201618478,53.407718658447266,143.0
319,0,1482,-60.434454538239805,-93.07976531982422,-30.99466896057129,83.4344545382398,53.99466896057129,116.07976531982422
320,0,1482,-60.74617085476153,-120.0,-30.406269073486328,83.74617085476153,53.40626907348633,143.0
321,0,1406,-61.26967422789225,-120.0,-29.36504364013672,84.26967422789225,52.36504364013672,143.0
322,0,1482,-62.710026021589314,-120.0,-30.434274673461914,85.71002602158931,53.434274673461914,143.0
323,0,1482,-62.86367627708857,-120.0,-30.65423011779785,85.86367627708857,53.65423011779785,143.0
324,0,1406,-62.12721396238672,-120.0,-30.607284545898438,85.12721396238672,53.60728454589844,143.0
325,0,1406,-62.7848472649478,-120.0,-30.4030704498291,85.7848472649478,53.4030704498291,143.0
326,0,1482,-62.95258680335906,-120.0,-30.637405395507812,85.95258680335905,53.63740539550781,143.0
327,0,1482,-62.700849638615864,-120.0,-30.765037536621094,85.70084963861586,53.765037536621094,143.0
328,0,1482,-63.25595226622465,-120.0,-28.741409301757812,86.25595226622465,51.74140930175781,143.0
329,0,1482,-63.35386050760987,-120.0,-30.43654441833496,86.35386050760988,53.43654441833496,143.0
330,0,1406,-63.674490365670046,-120.0,-28.674346923828125,86.67449036567004,51.674346923828125,143.0
331,0,1406,-65.46930564348592,-120.0,-29.584609985351562,88.46930564348592,52.58460998535156,143.0
332,0,1190,-62.54694094297265,-120.0,-30.603824615478516,85.54694094297264,53.603824615478516,143.0
333,0,1332,-62.90092886961974,-120.0,-32.41414260864258,85.90092886961975,55.41414260864258,143.0
334,0,1260,-64.56760895138694,-120.0,-32.45534133911133,87.56760895138694,55.45534133911133,143.0
335,0,1406,-63.25039698897859,-120.0,-31.57753562927246,86.2503969889786,54.57753562927246,143.0
336,0,1406,-63.25723107474966,-120.0,-31.304262161254883,86.25723107474965,54.30426216125488,143.0
337,0,1260,-61.79063639262366,-120.0,-32.45547866821289,84.79063639262367,55.45547866821289,143.0
338,0,1406,-63.85077395920733,-120.0,-29.542280197143555,86.85077395920733,52.542280197143555,143.0
339,0,1406,-63.01866546023113,-120.0,-30.599349975585938,86.01866546023112,53.59934997558594,143.0
340,0,1332,-62.567309416808165,-120.0,-30.43699073791504,85.56730941680817,53.43699073791504,143.0
341,0,1406,-61.700405283638965,-120.0,-30.625585556030273,84.70040528363896,53.62558555603027,143.0
342,0,1406,-61.26094769278427,-93.31087493896484,-32.41560363769531,84.26094769278427,55.41560363769531,116.31087493896484
343,0,1406,-60.94743014263734,-93.3110122680664,-32.57501983642578,83.94743014263733,55.57501983642578,116.3110122680664
344,0,1406,-61.003017443172624,-93.3110122680664,-30.42768096923828,84.00301744317262,53.42768096923828,116.3110122680664
345,0,1406,-61.1881945733495,-93.3110122680664,-30.779794692993164,84.1881945733495,53.779794692993164,116.3110122680664
346,0,1406,-61.37315878725662,-93.3110122680664,-30.402053833007812,84.37315878725661,53.40205383300781,116.3110122680664
347,0,1406,-61.910935153662734,-93.57330322265625,-30.46092987060547,84.91093515366273,53.46092987060547,116.57330322265625
348,0,1332,-61.92367800864371,-93.3110122680664,-30.94046401977539,84.92367800864372,53.94046401977539,116.3110122680664
349,0,1406,-62.98024748399281,-120.0,-31.75260353088379,85.98024748399281,54.75260353088379,143.0
350,0,1332,-63.042574295410525,-120.0,-32.461177825927734,86.04257429541053,55.461177825927734,143.0
351,0,1406,-63.550969893020046,-120.0,-31.26744270324707,86.55096989302004,54.26744270324707,143.0
352,0,1332,-63.395325007739366,-120.0,-33.348270416259766,86.39532500773936,56.348270416259766,143.0
353,0,1332,-62.690642302458706,-93.3110122680664,-33.92039108276367,85.69064230245871,56.92039108276367,116.3110122680664
354,0,1406,-64.78175854581178,-120.0,-31.385211944580078,87.78175854581178,54.38521194458008,143.0
355,0,1332,-64.3469318555998,-120.0,-32.01621627807617,87.3469318555998,55.01621627807617,143.0
356,0,1406,-64.46514083243706,-120.0,-36.556278228759766,87.46514083243706,59.556278228759766,143.0
357,0,1406,-63.61700244919843,-120.0,-30.42751121520996,86.61700244919842,53.42751121520996,143.0
358,0,1406,-62.77127242054404,-94.0683364868164,-30.524944305419922,85.77127242054404,53.52494430541992,117.0683364868164
359,0,1406,-62.713462059053555,-94.65611267089844,-30.447755813598633,85.71346205905355,53.44775581359863,117.65611267089844
360,0,1332,-62.736425756334185,-94.31721496582031,-31.12797737121582,85.73642575633419,54.12797737121582,117.31721496582031
361,0,1406,-63.39887366966367,-120.0,-31.81972885131836,86.39887366966367,54.81972885131836,143.0
362,0,1406,-63.3437866601632,-120.0,-36.912025451660156,86.3437866601632,59.912025451660156,143.0
363,0,1406,-63.23031656365646,-120.0,-30.662574768066406,86.23031656365646,53.662574768066406,143.0
364,0,1406,-63.26797834806049,-94.13632202148438,-29.94769287109375,86.2679783480605,52.94769287109375,117.13632202148438
365,0,1406,-63.101370473674486,-94.07047271728516,-32.25735092163086,86.10137047367448,55.25735092163086,117.07047271728516
366,0,1482,-63.24552727260409,-94.07901763916016,-29.9686336517334,86.2455272726041,52.9686336517334,117.07901763916016
367,0,1406,-63.09790897505042,-93.76652526855469,-30.400218963623047,86.09790897505042,53.40021896362305,116.76652526855469
368,0,1260,-62.54791821979341,-93.60948944091797,-30.62627410888672,85.54791821979342,53.62627410888672,116.60948944091797
369,0,1332,-63.506596038291406,-120.0,-29.005651473999023,86.5065960382914,52.00565147399902,143.0
370,0,1260,-63.6849259709555,-120.0,-30.466447830200195,86.6849259709555,53.466447830200195,143.0
371,0,1260,-63.64943507663787,-120.0,-30.40456771850586,86.64943507663787,53.40456771850586,143.0
372,0,1332,-64.005247239236,-120.0,-30.761550903320312,87.005247239236,53.76155090332031,143.0
373,0,1406,-65.06721320226895,-120.0,-30.44194793701172,88.06721320226895,53.44194793701172,143.0
374,0,1482,-65.92779606910531,-120.0,-31.2072811126709,88.92779606910531,54.2072811126709,143.0
375,0,1482,-66.6400438339604,-120.0,-30.862403869628906,89.6400438339604,53.862403869628906,143.0
376,0,1332,-66.89300886789958,-120.0,-30.536869049072266,89.89300886789958,53.536869049072266,143.0
377,0,1260,-65.33026789710635,-120.0,-30.415752410888672,88.33026789710635,53.41575241088867,143.0
378,0,1190,-65.28187775171104,-120.0,-30.391403198242188,88.28187775171104,53.39140319824219,143.0
379,0,1122,-64.01583298939859,-120.0,-33.6165771484375,87.01583298939859,56.6165771484375,143.0
380,0,1122,-66.3789936242469,-120.0,-31.804479598999023,89.3789936242469,54.80447959899902,143.0
381,0,1056,-67.11639568661198,-120.0,-30.76653480529785,90.11639568661198,53.76653480529785,143.0
382,0,992,-68.3351971103299,-120.0,-30.413494110107422,91.3351971103299,53.41349411010742,143.0
383,0,1056,-69.86917859496492,-120.0,-30.46030616760254,92.86917859496492,53.46030616760254,143.0
384,0,930,-67.66138604482015,-120.0,-30.405643463134766,90.66138604482015,53.405643463134766,143.0
385,0,992,-67.62696394228166,-120.0,-30.89284324645996,90.62696394228166,53.89284324645996,143.0
386,0,930,-66.08863092648086,-120.0,-33.60686111450195,89.08863092648086,56.60686111450195,143.0
387,0,992,-67.02748705494788,-120.0,-30.838808059692383,90.02748705494788,53.83880805969238,143.0
388,0,992,-67.06996361670956,-120.0,-30.48798942565918,90.06996361670956,53.48798942565918,143.0
389,0,930,-69.23250330853206,-120.0,-31.043075561523438,92.23250330853206,54.04307556152344,143.0
390,0,992,-72.14301812264227,-120.0,-30.396575927734375,95.14301812264227,53.396575927734375,143.0
391,0,1056,-73.33394450491124,-120.0,-30.6420841217041,96.33394450491124,53.6420841217041,143.0
392,0,992,-71.66547504163557,-120.0,-31.311508178710938,94.66547504163557,54.31150817871094,143.0
393,0,930,-70.14397825835853,-120.0,-30.419204711914062,93.14397825835853,53.41920471191406,143.0
394,0,1122,-68.40333270176635,-120.0,-30.43189811706543,91.40333270176635,53.43189811706543,143.0
395,0,1190,-68.91476740155902,-120.0,-31.800779342651367,91.91476740155902,54.80077934265137,143.0
396,0,1332,-69.3178938931531,-120.0,-32.86048889160156,92.3178938931531,55.86048889160156,143.0
397,0,1260,-70.02545948331318,-120.0,-32.48131561279297,93.02545948331318,55.48131561279297,143.0
398,0,1406,-70.01675712672271,-120.0,-30.62828254699707,93.01675712672271,53.62828254699707,143.0
399,0,1332,-69.27601852932492,-120.0,-30.541494369506836,92.27601852932492,53.541494369506836,143.0
400,0,1406,-68.16671020106266,-120.0,-30.551860809326172,91.16671020106266,53.55186080932617,143.0
401,0,1406,-64.4849404379789,-120.0,-30.595674514770508,87.4849404379789,53.59567451477051,143.0
402,0,1406,-63.9675032125937,-120.0,-30.80714988708496,86.9675032125937,53.80714988708496,143.0
403,0,1406,-63.57383877793552,-120.0,-32.93170928955078,86.57383877793552,55.93170928955078,143.0
404,0,1406,-63.32377564822288,-120.0,-33.98136901855469,86.32377564822288,56.98136901855469,143.0
405,0,1482,-63.18313812276452,-120.0,-30.54922866821289,86.18313812276452,53.54922866821289,143.0
406,0,1482,-63.01519917476515,-120.0,-30.442445755004883,86.01519917476514,53.44244575500488,143.0
407,0,1482,-62.76458608959368,-120.0,-30.432401657104492,85.76458608959368,53.43240165710449,143.0
408,0,1560,-64.74970096441416,-120.0,-30.610088348388672,87.74970096441416,53.61008834838867,143.0
409,0,1560,-64.27830846737592,-120.0,-29.971534729003906,87.27830846737592,52.971534729003906,143.0
410,0,1560,-64.10600485190368,-120.0,-30.662574768066406,87.10600485190368,53.662574768066406,143.0
411,0,1560,-63.56695625843146,-120.0,-30.680923461914062,86.56695625843146,53.68092346191406,143.0
412,0,1560,-62.67720375550099,-120.0,-30.42469024658203,85.67720375550098,53.42469024658203,143.0
413,0,1482,-62.62235421400804,-120.0,-28.68036460876465,85.62235421400804,51.68036460876465,143.0
414,0,1560,-63.59156026595678,-120.0,-30.409934997558594,86.59156026595679,53.409934997558594,143.0
415,0,1482,-63.01489298739414,-120.0,-30.474618911743164,86.01489298739415,53.474618911743164,143.0
416,0,1482,-64.05373490419787,-120.0,-30.486469268798828,87.05373490419787,53.48646926879883,143.0
417,0,1482,-64.25049720280245,-120.0,-30.506736755371094,87.25049720280245,53.506736755371094,143.0
418,0,1482,-65.30220519257621,-120.0,-30.408710479736328,88.30220519257621,53.40871047973633,143.0
419,0,1406,-65.01020041909361,-120.0,-30.93195343017578,88.01020041909361,53.93195343017578,143.0
420,0,1560,-64.94311113357544,-120.0,-30.54953956604004,87.94311113357544,53.54953956604004,143.0
421,0,1482,-64.54339475026819,-120.0,-31.645097732543945,87.54339475026819,54.645097732543945,143.0
422,0,1560,-64.27753131083954,-120.0,-30.469457626342773,87.27753131083954,53.46945762634277,143.0
423,0,1560,-63.5459840627817,-120.0,-30.503087997436523,86.5459840627817,53.50308799743652,143.0
424,0,1482,-63.378685200906155,-120.0,-30.556533813476562,86.37868520090615,53.55653381347656,143.0
425,0,1482,-63.40134746536069,-120.0,-30.818273544311523,86.40134746536069,53.81827354431152,143.0
426,0,1560,-65.3696475469149,-120.0,-30.5372314453125,88.3696475469149,53.5372314453125,143.0
427,0,1482,-64.47702339367989,-120.0,-30.38975715637207,87.47702339367989,53.38975715637207,143.0
428,0,1560,-65.9685809257703,-120.0,-30.435104370117188,88.9685809257703,53.43510437011719,143.0
429,0,1482,-66.03502340226682,-120.0,-30.54668426513672,89.03502340226682,53.54668426513672,143.0
430,0,1482,-64.96793156468112,-120.0,-30.548707962036133,87.96793156468112,53.54870796203613,143.0
431,0,1406,-65.68193970974615,-120.0,-30.613603591918945,88.68193970974615,53.613603591918945,143.0
432,0,1560,-67.62786259039855,-120.0,-30.543235778808594,90.62786259039855,53.543235778808594,143.0
433,0,1482,-67.03721533709692,-120.0,-30.655630111694336,90.03721533709692,53.655630111694336,143.0
434,0,1560,-67.28600522554838,-120.0,-35.40642166137695,90.28600522554838,58.40642166137695,143.0
435,0,1482,-65.48974764330988,-120.0,-35.40642166137695,88.48974764330988,58.40642166137695,143.0
436,0,1406,-64.97926871027072,-120.0,-31.123411178588867,87.97926871027072,54.12341117858887,143.0
437,0,1406,-65.0947890057842,-120.0,-30.673505783081055,88.0947890057842,53.673505783081055,143.0
438,0,1260,-64.04798621828594,-120.0,-30.572477340698242,87.04798621828594,53.57247734069824,143.0
439,0,1332,-65.15641052658493,-120.0,-30.45341682434082,88.15641052658493,53.45341682434082,143.0
440,0,1332,-65.24882364416266,-120.0,-31.114667892456055,88.24882364416266,54.114667892456055,143.0
441,0,1332,-65.16608418358697,-120.0,-31.353086471557617,88.16608418358697,54.35308647155762,143.0
442,0,1332,-64.66563299253538,-120.0,-31.435810089111328,87.66563299253538,54.43581008911133,143.0
443,0,1332,-64.0793323889151,-120.0,-30.577577590942383,87.0793323889151,53.57757759094238,143.0
444,0,1332,-62.92107457799597,-93.31108856201172,-30.53204345703125,85.92107457799597,53.53204345703125,116.31108856201172
445,0,1332,-62.81341075897217,-93.31108856201172,-31.46124839782715,85.81341075897217,54.46124839782715,116.31108856201172
446,0,1332,-62.67932795332717,-93.31108856201172,-30.520610809326172,85.67932795332717,53.52061080932617,116.31108856201172
447,0,1332,-62.5881366787014,-93.3111343383789,-31.274616241455078,85.5881366787014,54.27461624145508,116.3111343383789
448,0,1332,-62.638924784846495,-93.3111343383789,-31.46127700805664,85.6389247848465,54.46127700805664,116.3111343383789
449,0,1332,-62.713379942977035,-93.31108856201172,-31.46127700805664,85.71337994297704,54.46127700805664,116.31108856201172
450,0,1332,-62.87145425893881,-93.3111343383789,-31.46127700805664,85.87145425893881,54.46127700805664,116.3111343383789
451,0,1332,-63.00106519120592,-93.3111343383789,-31.46127700805664,86.00106519120592,54.46127700805664,116.3111343383789
452,0,1332,-63.06252115553206,-93.3111343383789,-31.46127700805664,86.06252115553207,54.46127700805664,116.3111343383789
453,0,1332,-63.166270479425656,-93.21379089355469,-30.76134490966797,86.16627047942566,53.76134490966797,116.21379089355469
454,0,1332,-63.23031982215675,-92.95869445800781,-30.064842224121094,86.23031982215676,53.064842224121094,115.95869445800781
455,0,1332,-62.949686634647954,-92.57398986816406,-30.746898651123047,85.94968663464795,53.74689865112305,115.57398986816406
456,0,1332,-63.00238573944962,-92.58128356933594,-28.735736846923828,86.00238573944962,51.73573684692383,115.58128356933594
457,0,1332,-63.76824395005051,-120.0,-30.640962600708008,86.7682439500505,53.64096260070801,143.0
458,0,1332,-64.05559149447146,-120.0,-28.703323364257812,87.05559149447146,51.70332336425781,143.0
459,0,1332,-64.27310556978793,-120.0,-30.419397354125977,87.27310556978793,53.41939735412598,143.0
460,0,1190,-63.627891194319524,-120.0,-28.729354858398438,86.62789119431952,51.72935485839844,143.0
461,0,1332,-67.69789907380984,-120.0,-32.05242919921875,90.69789907380984,55.05242919921875,143.0
462,0,1406,-68.09754480169305,-120.0,-31.92322540283203,91.09754480169305,54.92322540283203,143.0
463,0,1406,-68.86295786894233,-120.0,-32.74069595336914,91.86295786894233,55.74069595336914,143.0
464,0,1332,-69.46850166950856,-120.0,-30.44194793701172,92.46850166950856,53.44194793701172,143.0
465,0,1260,-66.2321768230862,-120.0,-31.00923728942871,89.2321768230862,54.00923728942871,143.0
466,0,1332,-67.9942476599066,-120.0,-30.64545440673828,90.9942476599066,53.64545440673828,143.0
467,0,1190,-68.236602517136,-120.0,-31.169939041137695,91.236602517136,54.169939041137695,143.0
468,0,1190,-68.43026339426761,-120.0,-31.586830139160156,91.43026339426761,54.586830139160156,143.0
469,0,1122,-65.62606736385462,-120.0,-31.02943992614746,88.62606736385462,54.02943992614746,143.0
470,0,1190,-67.61555156547482,-120.0,-30.460493087768555,90.61555156547482,53.460493087768555,143.0
471,0,1122,-63.8098157042913,-120.0,-30.432209014892578,86.80981570429131,53.43220901489258,143.0
472,0,1056,-65.0388211445375,-120.0,-30.717546463012695,88.0388211445375,53.717546463012695,143.0
473,0,1190,-66.9983385807326,-120.0,-30.600814819335938,89.9983385807326,53.60081481933594,143.0
474,0,1122,-66.38140389073554,-120.0,-30.468069076538086,89.38140389073554,53.468069076538086,143.0
475,0,1190,-66.05325943441952,-120.0,-30.392045974731445,89.05325943441952,53.392045974731445,143.0
476,0,1190,-65.33843352694471,-120.0,-30.916358947753906,88.33843352694471,53.916358947753906,143.0
477,0,1190,-63.77453200396369,-120.0,-30.8826847076416,86.77453200396369,53.8826847076416,143.0
478,0,1122,-62.525711729352274,-120.0,-29.15232276916504,85.52571172935228,52.15232276916504,143.0
479,0,1190,-65.9624300948712,-120.0,-30.58615493774414,88.9624300948712,53.58615493774414,143.0
480,0,1056,-66.13168493545416,-120.0,-31.51741600036621,89.13168493545416,54.51741600036621,143.0
481,0,1122,-68.0278807961367,-120.0,-31.638898849487305,91.0278807961367,54.638898849487305,143.0
482,0,1122,-67.9576216542997,-120.0,-31.810291290283203,90.9576216542997,54.8102912902832,143.0
483,0,992,-64.92173528671265,-120.0,-28.700998306274414,87.92173528671265,51.700998306274414,143.0
484,0,1056,-66.28314164913061,-120.0,-32.86102294921875,89.28314164913061,55.86102294921875,143.0
485,0,1056,-65.20715336004893,-120.0,-30.643714904785156,88.20715336004893,53.643714904785156,143.0
486,0,992,-66.06366453247685,-120.0,-30.417861938476562,89.06366453247685,53.41786193847656,143.0
487,0,1260,-65.74736992669484,-120.0,-30.432209014892578,88.74736992669484,53.43220901489258,143.0
488,0,1482,-67.35289901856952,-120.0,-30.432165145874023,90.35289901856952,53.43216514587402,143.0
489,0,1482,-66.8098524765447,-120.0,-30.432165145874023,89.8098524765447,53.43216514587402,143.0
490,0,1332,-65.56075453543448,-120.0,-30.432165145874023,88.56075453543448,53.43216514587402,143.0
491,0,1482,-65.41200737174545,-120.0,-30.432165145874023,88.41200737174545,53.43216514587402,143.0
492,0,1406,-62.72567554761471,-120.0,-30.432165145874023,85.72567554761471,53.43216514587402,143.0
493,0,1406,-62.645156502214974,-120.0,-30.407806396484375,85.64515650221497,53.407806396484375,143.0
494,0,1482,-63.209232978975244,-120.0,-30.407726287841797,86.20923297897525,53.4077262878418,143.0
495,0,1482,-63.347945612290935,-120.0,-30.407711029052734,86.34794561229094,53.407711029052734,143.0
496,0,1482,-63.13856017283904,-120.0,-30.407712936401367,86.13856017283905,53.40771293640137,143.0
497,0,1332,-61.24575655310004,-120.0,-30.407712936401367,84.24575655310004,53.40771293640137,143.0
498,0,1482,-62.38301200583557,-120.0,-30.407711029052734,85.38301200583557,53.407711029052734,143.0
499,0,1482,-61.39482420176147,-120.0,-29.973106384277344,84.39482420176148,52.973106384277344,143.0
500,0,1482,-61.2820431121126,-120.0,-30.648944854736328,84.2820431121126,53.64894485473633,143.0
501,0,1482,-61.4432250780937,-120.0,-30.438079833984375,84.44322507809369,53.438079833984375,143.0
502,0,1560,-61.61888613334069,-120.0,-30.441753387451172,84.61888613334068,53.44175338745117,143.0
503,0,1560,-62.256594662788586,-120.0,-30.43144989013672,85.25659466278859,53.43144989013672,143.0
504,0,1560,-62.73011932128515,-120.0,-31.330480575561523,85.73011932128514,54.33048057556152,143.0
505,0,1406,-61.46386594487458,-120.0,-30.540651321411133,84.46386594487458,53.54065132141113,143.0
506,0,1560,-61.89505263353006,-120.0,-30.444232940673828,84.89505263353006,53.44423294067383,143.0
507,0,1560,-61.82841843580589,-120.0,-30.795269012451172,84.82841843580589,53.79526901245117,143.0
508,0,1482,-62.20884559157728,-120.0,-30.037559509277344,85.20884559157727,53.037559509277344,143.0
509,0,1406,-62.34276139922705,-120.0,-30.434919357299805,85.34276139922704,53.434919357299805,143.0
510,0,1482,-62.63563624599524,-120.0,-30.764297485351562,85.63563624599524,53.76429748535156,143.0
511,0,1482,-64.22004232007643,-120.0,-30.433372497558594,87.22004232007643,53.433372497558594,143.0
512,0,1406,-62.46307221381458,-120.0,-31.12049102783203,85.46307221381457,54.12049102783203,143.0
513,0,1406,-61.423763562741016,-120.0,-30.869890213012695,84.42376356274102,53.869890213012695,143.0
514,0,1406,-62.318795183813926,-120.0,-30.41741943359375,85.31879518381393,53.41741943359375,143.0
515,0,1406,-62.44118421345652,-120.0,-30.57342529296875,85.44118421345652,53.57342529296875,143.0
516,0,1406,-62.89579064272885,-120.0,-30.81982421875,85.89579064272885,53.81982421875,143.0
517,0,1406,-63.3292367210768,-120.0,-31.011075973510742,86.3292367210768,54.01107597351074,143.0
518,0,1332,-63.97976816309107,-120.0,-31.501375198364258,86.97976816309108,54.50137519836426,143.0
519,0,1190,-64.0035228152235,-120.0,-31.501375198364258,87.0035228152235,54.50137519836426,143.0
520,0,1190,-66.02752062693364,-120.0,-31.501375198364258,89.02752062693364,54.50137519836426,143.0
521,0,1332,-69.29446293999841,-120.0,-30.43882942199707,92.29446293999841,53.43882942199707,143.0
522,0,1332,-69.42120146536612,-120.0,-30.407861709594727,92.42120146536612,53.40786170959473,143.0
523,0,1190,-67.32401230114849,-120.0,-31.501375198364258,90.32401230114849,54.50137519836426,143.0
524,0,1260,-67.27257553584992,-120.0,-31.26119613647461,90.27257553584992,54.26119613647461,143.0
525,0,1332,-67.9915256299772,-120.0,-31.501375198364258,90.9915256299772,54.50137519836426,143.0
526,0,1332,-67.87916473297028,-120.0,-31.501375198364258,90.87916473297028,54.50137519836426,143.0
527,0,1332,-68.26755845582521,-120.0,-31.501375198364258,91.26755845582521,54.50137519836426,143.0
528,0,1332,-68.29599937519154,-120.0,-31.501375198364258,91.29599937519154,54.50137519836426,143.0
529,0,1260,-66.61023004017179,-120.0,-31.501375198364258,89.61023004017179,54.50137519836426,143.0
530,0,1332,-66.93666616502824,-120.0,-31.501375198364258,89.93666616502824,54.50137519836426,143.0
531,0,1260,-64.54877104078021,-120.0,-31.262630462646484,87.54877104078021,54.262630462646484,143.0
532,0,1332,-64.84901077682908,-120.0,-30.588865280151367,87.84901077682908,53.58886528015137,143.0
533,0,1332,-64.79275833450639,-120.0,-30.40260887145996,87.79275833450639,53.40260887145996,143.0
534,0,1332,-64.42790133960254,-120.0,-30.431760787963867,87.42790133960254,53.43176078796387,143.0
535,0,1332,-63.43552264651737,-120.0,-31.2884521484375,86.43552264651737,54.2884521484375,143.0
536,0,1260,-62.81665309724354,-94.3603286743164,-30.96427345275879,85.81665309724355,53.96427345275879,117.3603286743164
537,0,1332,-63.21557226266947,-120.0,-31.312725067138672,86.21557226266947,54.31272506713867,143.0
538,0,1332,-63.188773487423276,-120.0,-31.43172264099121,86.18877348742328,54.43172264099121,143.0
539,0,1332,-62.91192446814643,-120.0,-31.44719886779785,85.91192446814642,54.44719886779785,143.0
540,0,1332,-62.51791234059377,-92.92132568359375,-31.44941520690918,85.51791234059377,54.44941520690918,115.92132568359375
541,0,1332,-62.40111866799203,-92.92139434814453,-31.44941520690918,85.40111866799202,54.44941520690918,115.92139434814453
542,0,1332,-62.488238374750175,-92.92139434814453,-31.44941520690918,85.48823837475018,54.44941520690918,115.92139434814453
543,0,1332,-62.7012391877962,-92.92139434814453,-32.811012268066406,85.7012391877962,55.811012268066406,115.92139434814453
544,0,1332,-62.86502507069447,-92.68754577636719,-31.12417221069336,85.86502507069447,54.12417221069336,115.68754577636719
545,0,1332,-62.57637398808568,-92.49530029296875,-31.077054977416992,85.57637398808568,54.07705497741699,115.49530029296875
546,0,1406,-62.42099563359875,-93.32190704345703,-28.761470794677734,85.42099563359875,51.761470794677734,116.32190704345703
547,0,1406,-62.40768288819922,-93.35225677490234,-30.453697204589844,85.40768288819922,53.453697204589844,116.35225677490234
548,0,1406,-62.868804041725475,-93.26470184326172,-29.032320022583008,85.86880404172547,52.03232002258301,116.26470184326172
549,0,1406,-63.520706442647096,-93.81166076660156,-29.348350524902344,86.5207064426471,52.348350524902344,116.81166076660156
550,0,1190,-63.19443004832548,-92.70267486572266,-28.711708068847656,86.19443004832547,51.711708068847656,115.70267486572266
551,0,1406,-65.35353989960629,-120.0,-29.64532470703125,88.35353989960629,52.64532470703125,143.0
552,0,1406,-65.45219754290954,-120.0,-30.446510314941406,88.45219754290954,53.446510314941406,143.0
553,0,1406,-65.9038298431874,-120.0,-30.771549224853516,88.9038298431874,53.771549224853516,143.0
554,0,1406,-68.28425412022033,-120.0,-31.010025024414062,91.28425412022033,54.01002502441406,143.0
555,0,1332,-69.95659221614804,-120.0,-30.64817237854004,92.95659221614804,53.64817237854004,143.0
556,0,1260,-69.04722835904076,-120.0,-31.999473571777344,92.04722835904076,54.999473571777344,143.0
557,0,1190,-69.71534427033752,-120.0,-30.41064453125,92.71534427033752,53.41064453125,143.0
558,0,992,-66.99641721479354,-120.0,-30.48087501525879,89.99641721479354,53.48087501525879,143.0
559,0,1122,-68.24235139598609,-120.0,-30.57782745361328,91.24235139598609,53.57782745361328,143.0
560,0,1056,-66.91037574320129,-120.0,-30.628536224365234,89.91037574320129,53.628536224365234,143.0
561,0,1122,-68.08697384988986,-120.0,-30.434764862060547,91.08697384988986,53.43476486206055,143.0
562,0,1190,-69.63060644454315,-120.0,-31.650466918945312,92.63060644454315,54.65046691894531,143.0
563,0,1190,-69.5899323471454,-120.0,-34.66123962402344,92.5899323471454,57.66123962402344,143.0
564,0,1260,-68.24165147448343,-120.0,-29.457698822021484,91.24165147448343,52.457698822021484,143.0
565,0,1190,-66.43762324677796,-120.0,-30.93484878540039,89.43762324677796,53.93484878540039,143.0
566,0,1190,-65.12211923999946,-120.0,-32.38640213012695,88.12211923999946,55.38640213012695,143.0
567,0,1260,-64.40310104006812,-120.0,-30.423574447631836,87.40310104006812,53.423574447631836,143.0
568,0,1332,-64.42044791087017,-120.0,-30.43974494934082,87.42044791087017,53.43974494934082,143.0
569,0,1260,-63.788846391344826,-120.0,-30.507369995117188,86.78884639134483,53.50736999511719,143.0
570,0,1332,-64.73022517356071,-120.0,-30.561325073242188,87.73022517356071,53.56132507324219,143.0
571,0,1260,-64.11998511420356,-120.0,-30.503881454467773,87.11998511420356,53.50388145446777,143.0
572,0,1332,-65.65890802492251,-120.0,-30.43238067626953,88.65890802492251,53.43238067626953,143.0
573,0,1406,-65.56469654663867,-120.0,-30.503883361816406,88.56469654663867,53.503883361816406,143.0
574,0,1406,-65.12590878515121,-120.0,-30.581708908081055,88.12590878515121,53.581708908081055,143.0
575,0,1332,-64.65843515711146,-120.0,-30.432781219482422,87.65843515711146,53.43278121948242,143.0
576,0,1332,-64.08268224011671,-120.0,-30.376977920532227,87.08268224011671,53.37697792053223,143.0
577,0,1406,-64.08208007866763,-120.0,-30.40773582458496,87.08208007866763,53.40773582458496,143.0
578,0,1406,-63.84011935780771,-120.0,-30.407718658447266,86.84011935780771,53.407718658447266,143.0
579,0,1406,-64.20997857843999,-120.0,-30.407712936401367,87.20997857843999,53.40771293640137,143.0
580,0,1482,-63.92192725131386,-120.0,-30.407711029052734,86.92192725131386,53.407711029052734,143.0
581,0,1332,-62.782020179359044,-120.0,-30.407712936401367,85.78202017935905,53.40771293640137,143.0
582,0,1332,-63.19251757412702,-120.0,-30.407711029052734,86.19251757412701,53.407711029052734,143.0
583,0,1406,-63.47387946279425,-120.0,-30.407712936401367,86.47387946279426,53.40771293640137,143.0
584,0,1482,-63.15033122949433,-120.0,-30.407712936401367,86.15033122949433,53.40771293640137,143.0
585,0,1482,-62.950898040483196,-120.0,-30.407712936401367,85.9508980404832,53.40771293640137,143.0
586,0,1482,-62.024004265686116,-120.0,-30.407712936401367,85.02400426568612,53.40771293640137,143.0
587,0,1482,-61.971216098821436,-120.0,-30.407712936401367,84.97121609882143,53.40771293640137,143.0
588,0,1482,-61.618032017860976,-120.0,-30.407712936401367,84.61803201786097,53.40771293640137,143.0
589,0,1482,-61.57876109433399,-120.0,-30.84996795654297,84.578761094334,53.84996795654297,143.0
590,0,1482,-62.20405001260652,-120.0,-32.31813049316406,85.20405001260653,55.31813049316406,143.0
591,0,1482,-62.79154067097405,-120.0,-28.690105438232422,85.79154067097406,51.69010543823242,143.0
592,0,1482,-63.55303178496367,-120.0,-30.4385929107666,86.55303178496368,53.4385929107666,143.0
593,0,1482,-64.43625554382078,-120.0,-30.469478607177734,87.43625554382078,53.469478607177734,143.0
594,0,1190,-62.9814750927837,-120.0,-30.96322250366211,85.9814750927837,53.96322250366211,143.0
595,0,1482,-65.32677572458861,-120.0,-31.331798553466797,88.32677572458861,54.3317985534668,143.0
596,0,1482,-66.57680941078505,-120.0,-30.59393310546875,89.57680941078505,53.59393310546875,143.0
597,0,1560,-68.35465249037131,-120.0,-31.810827255249023,91.35465249037131,54.81082725524902,143.0
598,0,1560,-68.16214921902387,-120.0,-30.50617218017578,91.16214921902387,53.50617218017578,143.0
599,0,1482,-66.92853938165786,-120.0,-30.437423706054688,89.92853938165786,53.43742370605469,143.0
600,0,1406,-65.72205507975724,-120.0,-30.850332260131836,88.72205507975724,53.850332260131836,143.0
601,0,1332,-63.2158949768937,-120.0,-31.74750328063965,86.21589497689371,54.74750328063965,143.0
602,0,1482,-62.99845376831961,-120.0,-30.43962287902832,85.9984537683196,53.43962287902832,143.0
603,0,1332,-61.59765643615265,-120.0,-31.0517635345459,84.59765643615265,54.0517635345459,143.0
604,0,1332,-61.20109966495732,-120.0,-30.92591667175293,84.20109966495733,53.92591667175293,143.0
605,0,1332,-60.76376241105455,-92.73332977294922,-30.455642700195312,83.76376241105456,53.45564270019531,115.73332977294922
606,0,1260,-60.688575681050615,-98.63135528564453,-32.00455856323242,83.68857568105062,55.00455856323242,121.63135528564453
607,0,1332,-62.08914800592371,-120.0,-30.967857360839844,85.0891480059237,53.967857360839844,143.0
608,0,1332,-62.23678877833369,-120.0,-30.563610076904297,85.23678877833369,53.5636100769043,143.0
609,0,1332,-62.23047251601119,-120.0,-30.4309024810791,85.23047251601119,53.4309024810791,143.0
610,0,1332,-62.379631002386056,-120.0,-30.967567443847656,85.37963100238605,53.967567443847656,143.0
611,0,1332,-61.94387341118431,-120.0,-34.73979568481445,84.94387341118431,57.73979568481445,143.0
612,0,1260,-62.48669612218463,-120.0,-32.12773895263672,85.48669612218464,55.12773895263672,143.0
613,0,1332,-64.84072109027667,-120.0,-31.978435516357422,87.84072109027667,54.97843551635742,143.0
614,0,1332,-65.11807388156743,-120.0,-35.301116943359375,88.11807388156743,58.301116943359375,143.0
615,0,1260,-65.05005935790047,-120.0,-35.301116943359375,88.05005935790047,58.301116943359375,143.0
616,0,1260,-62.968010844881576,-120.0,-30.49231719970703,85.96801084488158,53.49231719970703,143.0
617,0,1260,-62.827836723933146,-120.0,-30.724225997924805,85.82783672393315,53.724225997924805,143.0
618,0,1190,-62.33892650443967,-92.73396301269531,-32.66878890991211,85.33892650443967,55.66878890991211,115.73396301269531
619,0,1260,-63.61475905766563,-120.0,-33.53169250488281,86.61475905766562,56.53169250488281,143.0
620,0,1260,-63.62604799119253,-120.0,-30.50929832458496,86.62604799119254,53.50929832458496,143.0
621,0,1260,-63.624806189158605,-120.0,-30.837867736816406,86.6248061891586,53.837867736816406,143.0
622,0,1260,-63.59569432394845,-120.0,-30.562061309814453,86.59569432394845,53.56206130981445,143.0
623,0,1260,-62.843528151133704,-92.7868423461914,-30.93998908996582,85.84352815113371,53.93998908996582,115.7868423461914
624,0,1260,-62.35639167664543,-92.73401641845703,-30.40333366394043,85.35639167664543,53.40333366394043,115.73401641845703
625,0,1260,-62.33074127681672,-92.73401641845703,-30.62359619140625,85.33074127681672,53.62359619140625,115.73401641845703
626,0,1260,-62.33833324492924,-92.73401641845703,-31.499134063720703,85.33833324492923,54.4991340637207,115.73401641845703
627,0,1332,-64.02247042842097,-120.0,-31.36623191833496,87.02247042842097,54.36623191833496,143.0
628,0,1332,-63.873174484069644,-120.0,-31.501375198364258,86.87317448406964,54.50137519836426,143.0
629,0,1332,-63.716856148865844,-120.0,-31.501375198364258,86.71685614886584,54.50137519836426,143.0
630,0,1332,-63.768334159621965,-120.0,-31.501375198364258,86.76833415962196,54.50137519836426,143.0
631,0,1332,-63.87874490434343,-120.0,-31.501375198364258,86.87874490434342,54.50137519836426,143.0
632,0,1332,-63.803147496403874,-120.0,-30.589818954467773,86.80314749640388,53.58981895446777,143.0
633,0,1332,-64.09245496469217,-120.0,-32.693878173828125,87.09245496469217,55.693878173828125,143.0
634,0,1332,-64.48821972225521,-120.0,-28.897031784057617,87.48821972225521,51.89703178405762,143.0
635,0,1260,-62.75994457668728,-92.5364761352539,-30.544889450073242,85.75994457668727,53.54488945007324,115.5364761352539
636,0,1332,-63.870866005127134,-120.0,-28.676301956176758,86.87086600512714,51.67630195617676,143.0
637,0,1332,-64.2477063588552,-120.0,-30.440492630004883,87.2477063588552,53.44049263000488,143.0
638,0,1122,-63.92203033161673,-94.09419250488281,-28.695016860961914,86.92203033161672,51.695016860961914,117.09419250488281
639,0,1260,-66.42794812520346,-120.0,-30.50693130493164,89.42794812520346,53.50693130493164,143.0
640,0,1122,-68.0129650408359,-120.0,-30.529369354248047,91.0129650408359,53.52936935424805,143.0
641,0,1260,-69.93470074789865,-120.0,-31.19626235961914,92.93470074789865,54.19626235961914,143.0
642,0,1190,-70.4776250214136,-120.0,-30.511444091796875,93.4776250214136,53.511444091796875,143.0
643,0,1056,-70.3727674700997,-120.0,-30.48914909362793,93.3727674700997,53.48914909362793,143.0
644,0,1122,-72.59572813812636,-120.0,-30.046428680419922,95.59572813812636,53.04642868041992,143.0
645,0,1122,-73.67391921024696,-120.0,-30.44599151611328,96.67391921024696,53.44599151611328,143.0
646,0,1122,-73.79748322661973,-120.0,-30.872888565063477,96.79748322661973,53.87288856506348,143.0
647,0,992,-71.08469335109957,-120.0,-31.524612426757812,94.08469335109957,54.52461242675781,143.0
648,0,992,-71.23940477063579,-120.0,-31.9453182220459,94.23940477063579,54.9453182220459,143.0
649,0,1056,-71.08384714343332,-120.0,-37.07905197143555,94.08384714343332,60.07905197143555,143.0
650,0,1122,-70.77403576488801,-120.0,-34.49242401123047,93.77403576488801,57.49242401123047,143.0
651,0,1122,-69.59362034449178,-120.0,-31.775920867919922,92.59362034449178,54.77592086791992,143.0
652,0,1056,-67.72943615913391,-120.0,-31.307313919067383,90.72943615913391,54.30731391906738,143.0
653,0,1056,-68.82132296128707,-120.0,-30.778926849365234,91.82132296128707,53.778926849365234,143.0
654,0,992,-66.14702400469011,-120.0,-30.7828311920166,89.14702400469011,53.7828311920166,143.0
655,0,1190,-68.24736145724769,-120.0,-30.450271606445312,91.24736145724769,53.45027160644531,143.0
656,0,1122,-66.45472502750934,-120.0,-29.374109268188477,89.45472502750934,52.37410926818848,143.0
657,0,1190,-67.41575090103791,-120.0,-30.555917739868164,90.41575090103791,53.555917739868164,143.0
658,0,1190,-66.61064494798164,-120.0,-30.820032119750977,89.61064494798164,53.82003211975098,143.0
659,0,1260,-65.32060113028875,-120.0,-30.431760787963867,88.32060113028875,53.43176078796387,143.0
660,0,1260,-63.63445730966235,-120.0,-30.8229923248291,86.63445730966235,53.8229923248291,143.0
661,0,1260,-62.44102706303672,-120.0,-30.40532112121582,85.44102706303673,53.40532112121582,143.0
662,0,1260,-61.33590235028948,-93.37621307373047,-30.432920455932617,84.33590235028947,53.43292045593262,116.37621307373047
663,0,1260,-61.013903024461534,-92.93071746826172,-30.432178497314453,84.01390302446154,53.43217849731445,115.93071746826172
664,0,1260,-60.89411946251279,-92.1884994506836,-30.432165145874023,83.89411946251279,53.43216514587402,115.1884994506836
665,0,1260,-60.5906279700143,-91.27899169921875,-30.39423942565918,83.59062797001431,53.39423942565918,114.27899169921875
666,0,1190,-60.07516712060496,-90.41569519042969,-30.407766342163086,83.07516712060496,53.407766342163086,113.41569519042969
667,0,1260,-59.93270689646403,-90.74077606201172,-29.99199104309082,82.93270689646403,52.99199104309082,113.74077606201172
668,0,1260,-59.697112981099934,-120.0,-30.399744033813477,82.69711298109993,53.39974403381348,143.0
669,0,1260,-59.85415991828555,-120.0,-30.407712936401367,82.85415991828555,53.40771293640137,143.0
670,0,1190,-59.34167899123761,-90.11685180664062,-30.407712936401367,82.34167899123761,53.40771293640137,113.11685180664062
671,0,1260,-60.23746232683696,-120.0,-30.407711029052734,83.23746232683696,53.407711029052734,143.0
672,0,1122,-60.63439297123601,-120.0,-30.407712936401367,83.63439297123601,53.40771293640137,143.0
673,0,1260,-64.64993718767923,-120.0,-30.407712936401367,87.64993718767923,53.40771293640137,143.0
674,0,1260,-64.91951134848216,-120.0,-30.407711029052734,87.91951134848216,53.407711029052734,143.0
675,0,1260,-64.94756067972335,-120.0,-30.407711029052734,87.94756067972335,53.407711029052734,143.0
676,0,1056,-61.12442786946441,-120.0,-30.407711029052734,84.12442786946441,53.407711029052734,143.0
677,0,1122,-62.69752702866008,-120.0,-30.407711029052734,85.69752702866009,53.407711029052734,143.0
678,0,1190,-61.683744799189206,-120.0,-30.407712936401367,84.68374479918921,53.40771293640137,143.0
679,0,1260,-61.65524329230899,-120.0,-29.202049255371094,84.655243292309,52.202049255371094,143.0
680,0,1260,-61.08667381528824,-120.0,-30.598318099975586,84.08667381528824,53.598318099975586,143.0
681,0,1260,-60.72721407451327,-92.81291198730469,-28.745893478393555,83.72721407451327,51.745893478393555,115.81291198730469
682,0,1190,-60.214836899573065,-92.38249969482422,-27.504976272583008,83.21483689957307,50.50497627258301,115.38249969482422
683,0,1260,-61.33655362507653,-120.0,-29.247159957885742,84.33655362507653,52.24715995788574,143.0
684,0,1190,-60.546262952660314,-120.0,-30.426599502563477,83.54626295266031,53.42659950256348,143.0
685,0,1260,-62.21669659993005,-120.0,-30.643651962280273,85.21669659993006,53.64365196228027,143.0
686,0,1260,-62.516878627595446,-120.0,-32.533164978027344,85.51687862759545,55.533164978027344,143.0
687,0,1332,-64.49374430602019,-120.0,-31.038827896118164,87.49374430602019,54.038827896118164,143.0
688,0,1260,-63.075281476217604,-120.0,-31.937753677368164,86.07528147621761,54.937753677368164,143.0
689,0,1260,-63.376917397029814,-120.0,-32.284690856933594,86.37691739702981,55.284690856933594,143.0
690,0,1332,-63.805075424927495,-120.0,-30.94542694091797,86.8050754249275,53.94542694091797,143.0
691,0,1260,-63.56929448142884,-120.0,-30.43779754638672,86.56929448142884,53.43779754638672,143.0
692,0,1332,-65.05199472181074,-120.0,-28.800399780273438,88.05199472181074,51.80039978027344,143.0
693,0,1190,-65.46715171557514,-120.0,-34.720951080322266,88.46715171557514,57.720951080322266,143.0
694,0,1260,-69.68390647040474,-120.0,-30.638561248779297,92.68390647040474,53.6385612487793,143.0
695,0,1260,-70.11036387246753,-120.0,-30.398229598999023,93.11036387246753,53.39822959899902,143.0
696,0,1332,-71.01986760205335,-120.0,-31.258142471313477,94.01986760205335,54.25814247131348,143.0
697,0,1260,-70.37359696645585,-120.0,-30.455575942993164,93.37359696645585,53.455575942993164,143.0
698,0,1122,-68.2997278733687,-120.0,-30.468984603881836,91.2997278733687,53.468984603881836,143.0
699,0,1332,-69.49510355539866,-120.0,-30.803241729736328,92.49510355539866,53.80324172973633,143.0
700,0,1260,-68.39750846378386,-120.0,-31.46127700805664,91.39750846378386,54.46127700805664,143.0
701,0,1332,-67.6704294072973,-120.0,-31.46127700805664,90.6704294072973,54.46127700805664,143.0
702,0,1332,-62.76437462127961,-120.0,-31.46127700805664,85.76437462127961,54.46127700805664,143.0
703,0,1332,-62.11945989396837,-94.0143051147461,-31.46127700805664,85.11945989396837,54.46127700805664,117.0143051147461
704,0,1332,-61.980674305477656,-94.37865447998047,-30.94759750366211,84.98067430547766,53.94759750366211,117.37865447998047
705,0,1332,-61.92951405871738,-93.80897521972656,-31.46127700805664,84.92951405871739,54.46127700805664,116.80897521972656
706,0,1332,-61.93830456891217,-92.9239501953125,-31.362762451171875,84.93830456891217,54.362762451171875,115.9239501953125
707,0,1332,-61.85380282416358,-92.20450592041016,-31.44907569885254,84.85380282416358,54.44907569885254,115.20450592041016
708,0,1332,-61.801804342069424,-91.95264434814453,-30.782106399536133,84.80180434206943,53.78210639953613,114.95264434814453
709,0,1332,-61.73374347858601,-91.94007110595703,-31.46127700805664,84.733743478586,54.46127700805664,114.94007110595703
710,0,1332,-62.013053200982355,-91.93915557861328,-31.46127700805664,85.01305320098236,54.46127700805664,114.93915557861328
711,0,1332,-62.169508928293226,-91.93889617919922,-31.46127700805664,85.16950892829323,54.46127700805664,114.93889617919922
712,0,1332,-62.44858664721698,-91.93889617919922,-31.46127700805664,85.44858664721698,54.46127700805664,114.93889617919922
713,0,1332,-62.4388720137221,-91.93889617919922,-30.409147262573242,85.43887201372209,53.40914726257324,114.93889617919922
714,0,1332,-62.391617921021606,-91.93889617919922,-30.77945899963379,85.3916179210216,53.77945899963379,114.93889617919922
715,0,1332,-62.410405877832176,-91.93889617919922,-30.78746795654297,85.41040587783218,53.78746795654297,114.93889617919922
716,0,1332,-62.465238476658726,-91.93889617919922,-30.71421241760254,85.46523847665873,53.71421241760254,114.93889617919922
717,0,1332,-62.37831448792695,-92.71823120117188,-31.46127700805664,85.37831448792696,54.46127700805664,115.71823120117188
718,0,1332,-62.31984047703557,-93.56401824951172,-31.46127700805664,85.31984047703557,54.46127700805664,116.56401824951172
719,0,1332,-62.26692018136606,-93.76551818847656,-31.14104461669922,85.26692018136606,54.14104461669922,116.76551818847656
720,0,1332,-62.24128649829028,-93.13790893554688,-31.46127700805664,85.24128649829028,54.46127700805664,116.13790893554688
721,0,1332,-62.706480269675495,-120.0,-31.46127700805664,85.7064802696755,54.46127700805664,143.0
722,0,1332,-64.17155500646825,-120.0,-31.46127700805664,87.17155500646825,54.46127700805664,143.0
723,0,1332,-64.42831784325676,-120.0,-32.45200729370117,87.42831784325676,55.45200729370117,143.0
724,0,1332,-64.62429256553764,-120.0,-30.771728515625,87.62429256553764,53.771728515625,143.0
725,0,1260,-62.185834651523166,-92.13836669921875,-30.31609344482422,85.18583465152317,53.31609344482422,115.13836669921875
726,0,1332,-67.01207130306118,-120.0,-28.806995391845703,90.01207130306118,51.8069953918457,143.0
727,0,1332,-66.87547557132022,-120.0,-30.530540466308594,89.87547557132022,53.530540466308594,143.0
728,0,1260,-66.12810222989037,-120.0,-30.498735427856445,89.12810222989037,53.498735427856445,143.0
729,0,1190,-65.65784411069725,-120.0,-30.529769897460938,88.65784411069725,53.52976989746094,143.0
730,0,1122,-64.8043966140339,-120.0,-32.08405303955078,87.8043966140339,55.08405303955078,143.0
731,0,1190,-65.22607985424395,-120.0,-31.58145523071289,88.22607985424395,54.58145523071289,143.0
732,0,1190,-66.00608218217097,-120.0,-30.49585723876953,89.00608218217097,53.49585723876953,143.0
733,0,1122,-65.94854846485158,-120.0,-30.639392852783203,88.94854846485158,53.6393928527832,143.0
734,0,1122,-66.39075317654805,-120.0,-30.447580337524414,89.39075317654805,53.447580337524414,143.0
735,0,992,-64.47065277253428,-120.0,-37.225318908691406,87.47065277253428,60.225318908691406,143.0
736,0,992,-67.27234790402073,-120.0,-30.384140014648438,90.27234790402073,53.38414001464844,143.0
737,0,1122,-67.51513939447794,-120.0,-30.44380760192871,90.51513939447794,53.44380760192871,143.0
738,0,1122,-67.34862770583753,-120.0,-30.77311897277832,90.34862770583753,53.77311897277832,143.0
739,0,1122,-67.6759679627716,-120.0,-30.445140838623047,90.6759679627716,53.44514083862305,143.0
740,0,930,-65.95839569337906,-120.0,-31.45370864868164,88.95839569337906,54.45370864868164,143.0
741,0,1122,-67.83483429091075,-120.0,-31.389034271240234,90.83483429091075,54.389034271240234,143.0
742,0,1190,-67.43389866291976,-120.0,-30.794893264770508,90.43389866291976,53.79489326477051,143.0
743,0,992,-63.30190485523593,-120.0,-30.432655334472656,86.30190485523593,53.432655334472656,143.0
744,0,1122,-64.71383968904057,-120.0,-30.44678497314453,87.71383968904057,53.44678497314453,143.0
745,0,1260,-64.95364477672274,-120.0,-31.293720245361328,87.95364477672274,54.29372024536133,143.0
746,0,1260,-64.22269960433718,-120.0,-30.595746994018555,87.22269960433718,53.595746994018555,143.0
747,0,1332,-63.343148758461524,-120.0,-30.51558494567871,86.34314875846152,53.51558494567871,143.0
748,0,1332,-61.49222726220483,-120.0,-30.432626724243164,84.49222726220484,53.432626724243164,143.0
749,0,1482,-60.98117672640946,-120.0,-30.659887313842773,83.98117672640946,53.65988731384277,143.0
750,0,1482,-61.246073631461655,-120.0,-30.718782424926758,84.24607363146166,53.71878242492676,143.0
751,0,1406,-61.31517950738986,-120.0,-30.73080062866211,84.31517950738986,53.73080062866211,143.0
752,0,1260,-61.88364395868211,-120.0,-30.73080062866211,84.88364395868211,53.73080062866211,143.0
753,0,1332,-63.617448420137976,-120.0,-30.73080062866211,86.61744842013798,53.73080062866211,143.0
754,0,1406,-65.23355364629927,-120.0,-30.73080062866211,88.23355364629927,53.73080062866211,143.0
755,0,1406,-64.72187620952492,-120.0,-30.600879669189453,87.72187620952492,53.60087966918945,143.0
756,0,1406,-64.17503224802898,-120.0,-30.73080062866211,87.17503224802898,53.73080062866211,143.0
757,0,1406,-63.14631057022984,-120.0,-30.435495376586914,86.14631057022984,53.435495376586914,143.0
758,0,1406,-62.747019223773464,-120.0,-30.45500373840332,85.74701922377346,53.45500373840332,143.0
759,0,1332,-61.795556606831134,-120.0,-30.73080062866211,84.79555660683113,53.73080062866211,143.0
