step,active_count,active_ids
1,2,dyn_southwest_modular_building;dyn_northeast_modular_building
2,2,dyn_southwest_modular_building;dyn_northeast_modular_building
3,2,dyn_southwest_modular_building;dyn_northeast_modular_building
4,2,dyn_southwest_modular_building;dyn_northeast_modular_building
5,2,dyn_southwest_modular_building;dyn_northeast_modular_building
6,2,dyn_southwest_modular_building;dyn_northeast_modular_building
7,2,dyn_southwest_modular_building;dyn_northeast_modular_building
8,2,dyn_southwest_modular_building;dyn_northeast_modular_building
9,2,dyn_southwest_modular_building;dyn_northeast_modular_building
10,2,dyn_southwest_modular_building;dyn_northeast_modular_building
11,2,dyn_southwest_modular_building;dyn_northeast_modular_building
12,1,dyn_southwest_modular_building
13,1,dyn_southwest_modular_building
14,0,
15,0,
16,0,
17,0,
18,0,
19,0,
20,0,
21,0,
22,0,
23,0,
24,0,
25,0,
26,0,
27,0,
28,0,
29,0,
30,0,
31,0,
32,0,
33,0,
34,0,
35,0,
36,0,
37,0,
38,1,dyn_southwest_modular_building
39,1,dyn_southwest_modular_building
40,1,dyn_southwest_modular_building
41,1,dyn_southwest_modular_building
42,1,dyn_southwest_modular_building
43,1,dyn_southwest_modular_building
44,1,dyn_southwest_modular_building
45,1,dyn_southwest_modular_building
46,1,dyn_southwest_modular_building
47,1,dyn_southwest_modular_building
48,1,dyn_southwest_modular_building
49,1,dyn_southwest_modular_building
50,2,dyn_southwest_modular_building;dyn_northeast_modular_building
51,2,dyn_southwest_modular_building;dyn_northeast_modular_building
52,2,dyn_southwest_modular_building;dyn_northeast_modular_building
53,2,dyn_southwest_modular_building;dyn_northeast_modular_building
54,2,dyn_southwest_modular_building;dyn_northeast_modular_building
55,2,dyn_southwest_modular_building;dyn_northeast_modular_building
56,2,dyn_southwest_modular_building;dyn_northeast_modular_building
57,1,dyn_northeast_modular_building
58,1,dyn_northeast_modular_building
59,1,dyn_northeast_modular_building
60,1,dyn_northeast_modular_building
61,1,dyn_northeast_modular_building
62,1,dyn_northeast_modular_building
63,1,dyn_northeast_modular_building
64,1,dyn_northeast_modular_building
65,1,dyn_northeast_modular_building
66,1,dyn_northeast_modular_building
67,1,dyn_northeast_modular_building
68,1,dyn_northeast_modular_building
69,1,dyn_northeast_modular_building
70,1,dyn_northeast_modular_building
71,1,dyn_northeast_modular_building
72,1,dyn_northeast_modular_building
73,1,dyn_northeast_modular_building
74,1,dyn_northeast_modular_building
75,1,dyn_northeast_modular_building
76,1,dyn_northeast_modular_building
77,1,dyn_northeast_modular_building
78,1,dyn_northeast_modular_building
79,0,
80,0,
81,1,dyn_southwest_modular_building
82,1,dyn_southwest_modular_building
83,1,dyn_southwest_modular_building
84,1,dyn_southwest_modular_building
85,1,dyn_southwest_modular_building
86,1,dyn_southwest_modular_building
87,1,dyn_southwest_modular_building
88,1,dyn_southwest_modular_building
89,1,dyn_southwest_modular_building
90,1,dyn_southwest_modular_building
91,1,dyn_southwest_modular_building
92,1,dyn_southwest_modular_building
93,1,dyn_southwest_modular_building
94,1,dyn_southwest_modular_building
95,1,dyn_southwest_modular_building
96,1,dyn_southwest_modular_building
97,1,dyn_southwest_modular_building
98,1,dyn_southwest_modular_building
99,1,dyn_southwest_modular_building
100,0,
101,0,
102,0,
103,0,
104,0,
105,0,
106,0,
107,0,
108,0,
109,0,
110,0,
111,0,
112,0,
113,0,
114,0,
115,0,
116,0,
117,1,dyn_northeast_modular_building
118,1,dyn_northeast_modular_building
119,1,dyn_northeast_modular_building
120,1,dyn_northeast_modular_building
121,1,dyn_northeast_modular_building
122,1,dyn_northeast_modular_building
123,1,dyn_northeast_modular_building
124,2,dyn_southwest_modular_building;dyn_northeast_modular_building
125,2,dyn_southwest_modular_building;dyn_northeast_modular_building
126,2,dyn_southwest_modular_building;dyn_northeast_modular_building
127,2,dyn_southwest_modular_building;dyn_northeast_modular_building
128,2,dyn_southwest_modular_building;dyn_northeast_modular_building
129,2,dyn_southwest_modular_building;dyn_northeast_modular_building
130,2,dyn_southwest_modular_building;dyn_northeast_modular_building
131,2,dyn_southwest_modular_building;dyn_northeast_modular_building
132,2,dyn_southwest_modular_building;dyn_northeast_modular_building
133,2,dyn_southwest_modular_building;dyn_northeast_modular_building
134,2,dyn_southwest_modular_building;dyn_northeast_modular_building
135,2,dyn_southwest_modular_building;dyn_northeast_modular_building
136,2,dyn_southwest_modular_building;dyn_northeast_modular_building
137,2,dyn_southwest_modular_building;dyn_northeast_modular_building
138,2,dyn_southwest_modular_building;dyn_northeast_modular_building
139,2,dyn_southwest_modular_building;dyn_northeast_modular_building
140,2,dyn_southwest_modular_building;dyn_northeast_modular_building
141,2,dyn_southwest_modular_building;dyn_northeast_modular_building
142,2,dyn_southwest_modular_building;dyn_northeast_modular_building
143,1,dyn_northeast_modular_building
144,1,dyn_northeast_modular_building
145,1,dyn_northeast_modular_building
146,0,
147,0,
148,0,
149,0,
150,0,
151,0,
152,0,
153,0,
154,0,
155,0,
156,0,
157,0,
158,0,
159,0,
160,0,
161,0,
162,0,
163,0,
164,0,
165,0,
166,0,
167,1,dyn_southwest_modular_building
168,1,dyn_southwest_modular_building
169,1,dyn_southwest_modular_building
170,1,dyn_southwest_modular_building
171,1,dyn_southwest_modular_building
172,1,dyn_southwest_modular_building
173,1,dyn_southwest_modular_building
174,1,dyn_southwest_modular_building
175,1,dyn_southwest_modular_building
176,1,dyn_southwest_modular_building
177,1,dyn_southwest_modular_building
178,1,dyn_southwest_modular_building
179,1,dyn_southwest_modular_building
180,1,dyn_southwest_modular_building
181,1,dyn_southwest_modular_building
182,1,dyn_southwest_modular_building
183,1,dyn_southwest_modular_building
184,2,dyn_southwest_modular_building;dyn_northeast_modular_building
185,2,dyn_southwest_modular_building;dyn_northeast_modular_building
186,1,dyn_northeast_modular_building
187,1,dyn_northeast_modular_building
188,1,dyn_northeast_modular_building
189,1,dyn_northeast_modular_building
190,1,dyn_northeast_modular_building
191,1,dyn_northeast_modular_building
192,1,dyn_northeast_modular_building
193,1,dyn_northeast_modular_building
194,1,dyn_northeast_modular_building
195,1,dyn_northeast_modular_building
196,1,dyn_northeast_modular_building
197,1,dyn_northeast_modular_building
198,1,dyn_northeast_modular_building
199,1,dyn_northeast_modular_building
200,1,dyn_northeast_modular_building
201,1,dyn_northeast_modular_building
202,1,dyn_northeast_modular_building
203,1,dyn_northeast_modular_building
204,1,dyn_northeast_modular_building
205,1,dyn_northeast_modular_building
206,1,dyn_northeast_modular_building
207,1,dyn_northeast_modular_building
208,1,dyn_northeast_modular_building
209,1,dyn_northeast_modular_building
210,2,dyn_southwest_modular_building;dyn_northeast_modular_building
211,2,dyn_southwest_modular_building;dyn_northeast_modular_building
212,2,dyn_southwest_modular_building;dyn_northeast_modular_building
213,1,dyn_southwest_modular_building
214,1,dyn_southwest_modular_building
215,1,dyn_southwest_modular_building
216,1,dyn_southwest_modular_building
217,1,dyn_southwest_modular_building
218,1,dyn_southwest_modular_building
219,1,dyn_southwest_modular_building
220,1,dyn_southwest_modular_building
221,1,dyn_southwest_modular_building
222,1,dyn_southwest_modular_building
223,1,dyn_southwest_modular_building
224,1,dyn_southwest_modular_building
225,1,dyn_southwest_modular_building
226,1,dyn_southwest_modular_building
227,1,dyn_southwest_modular_building
228,1,dyn_southwest_modular_building
229,0,
230,0,
231,0,
232,0,
233,0,
234,0,
235,0,
236,0,
237,0,
238,0,
239,0,
240,0,
241,0,
242,0,
243,0,
244,0,
245,0,
246,0,
247,0,
248,0,
249,0,
250,0,
251,1,dyn_northeast_modular_building
252,1,dyn_northeast_modular_building
253,2,dyn_southwest_modular_building;dyn_northeast_modular_building
254,2,dyn_southwest_modular_building;dyn_northeast_modular_building
255,2,dyn_southwest_modular_building;dyn_northeast_modular_building
256,2,dyn_southwest_modular_building;dyn_northeast_modular_building
257,2,dyn_southwest_modular_building;dyn_northeast_modular_building
258,2,dyn_southwest_modular_building;dyn_northeast_modular_building
259,2,dyn_southwest_modular_building;dyn_northeast_modular_building
260,2,dyn_southwest_modular_building;dyn_northeast_modular_building
261,2,dyn_southwest_modular_building;dyn_northeast_modular_building
262,2,dyn_southwest_modular_building;dyn_northeast_modular_building
263,2,dyn_southwest_modular_building;dyn_northeast_modular_building
264,2,dyn_southwest_modular_building;dyn_northeast_modular_building
265,2,dyn_southwest_modular_building;dyn_northeast_modular_building
266,2,dyn_southwest_modular_building;dyn_northeast_modular_building
267,2,dyn_southwest_modular_building;dyn_northeast_modular_building
268,2,dyn_southwest_modular_building;dyn_northeast_modular_building
269,2,dyn_southwest_modular_building;dyn_northeast_modular_building
270,2,dyn_southwest_modular_building;dyn_northeast_modular_building
271,2,dyn_southwest_modular_building;dyn_northeast_modular_building
272,1,dyn_northeast_modular_building
273,1,dyn_northeast_modular_building
274,1,dyn_northeast_modular_building
275,1,dyn_northeast_modular_building
276,1,dyn_northeast_modular_building
277,1,dyn_northeast_modular_building
278,1,dyn_northeast_modular_building
279,1,dyn_northeast_modular_building
280,0,
281,0,
282,0,
283,0,
284,0,
285,0,
286,0,
287,0,
288,0,
289,0,
290,0,
291,0,
292,0,
293,0,
294,0,
295,0,
296,1,dyn_southwest_modular_building
297,1,dyn_southwest_modular_building
298,1,dyn_southwest_modular_building
299,1,dyn_southwest_modular_building
300,1,dyn_southwest_modular_building
301,1,dyn_southwest_modular_building
302,1,dyn_southwest_modular_building
303,1,dyn_southwest_modular_building
304,1,dyn_southwest_modular_building
305,1,dyn_southwest_modular_building
306,1,dyn_southwest_modular_building
307,1,dyn_southwest_modular_building
308,1,dyn_southwest_modular_building
309,1,dyn_southwest_modular_building
310,1,dyn_southwest_modular_building
311,1,dyn_southwest_modular_building
312,1,dyn_southwest_modular_building
313,1,dyn_southwest_modular_building
314,1,dyn_southwest_modular_building
315,0,
316,0,
317,0,
318,1,dyn_northeast_modular_building
319,1,dyn_northeast_modular_building
320,1,dyn_northeast_modular_building
321,1,dyn_northeast_modular_building
322,1,dyn_northeast_modular_building
323,1,dyn_northeast_modular_building
324,1,dyn_northeast_modular_building
325,1,dyn_northeast_modular_building
326,1,dyn_northeast_modular_building
327,1,dyn_northeast_modular_building
328,1,dyn_northeast_modular_building
329,1,dyn_northeast_modular_building
330,1,dyn_northeast_modular_building
331,1,dyn_northeast_modular_building
332,1,dyn_northeast_modular_building
333,1,dyn_northeast_modular_building
334,1,dyn_northeast_modular_building
335,1,dyn_northeast_modular_building
336,1,dyn_northeast_modular_building
337,1,dyn_northeast_modular_building
338,1,dyn_northeast_modular_building
339,2,dyn_southwest_modular_building;dyn_northeast_modular_building
340,2,dyn_southwest_modular_building;dyn_northeast_modular_building
341,2,dyn_southwest_modular_building;dyn_northeast_modular_building
342,2,dyn_southwest_modular_building;dyn_northeast_modular_building
343,2,dyn_southwest_modular_building;dyn_northeast_modular_building
344,2,dyn_southwest_modular_building;dyn_northeast_modular_building
345,2,dyn_southwest_modular_building;dyn_northeast_modular_building
346,2,dyn_southwest_modular_building;dyn_northeast_modular_building
347,1,dyn_southwest_modular_building
348,1,dyn_southwest_modular_building
349,1,dyn_southwest_modular_building
350,1,dyn_southwest_modular_building
351,1,dyn_southwest_modular_building
352,1,dyn_southwest_modular_building
353,1,dyn_southwest_modular_building
354,1,dyn_southwest_modular_building
355,1,dyn_southwest_modular_building
356,1,dyn_southwest_modular_building
357,1,dyn_southwest_modular_building
358,0,
359,0,
360,0,
361,0,
362,0,
363,0,
364,0,
365,0,
366,0,
367,0,
368,0,
369,0,
370,0,
371,0,
372,0,
373,0,
374,0,
375,0,
376,0,
377,0,
378,0,
379,0,
380,0,
381,0,
382,1,dyn_southwest_modular_building
383,1,dyn_southwest_modular_building
384,1,dyn_southwest_modular_building
385,2,dyn_southwest_modular_building;dyn_northeast_modular_building
386,2,dyn_southwest_modular_building;dyn_northeast_modular_building
387,2,dyn_southwest_modular_building;dyn_northeast_modular_building
388,2,dyn_southwest_modular_building;dyn_northeast_modular_building
389,2,dyn_southwest_modular_building;dyn_northeast_modular_building
390,2,dyn_southwest_modular_building;dyn_northeast_modular_building
391,2,dyn_southwest_modular_building;dyn_northeast_modular_building
392,2,dyn_southwest_modular_building;dyn_northeast_modular_building
393,2,dyn_southwest_modular_building;dyn_northeast_modular_building
394,2,dyn_southwest_modular_building;dyn_northeast_modular_building
395,2,dyn_southwest_modular_building;dyn_northeast_modular_building
396,2,dyn_southwest_modular_building;dyn_northeast_modular_building
397,2,dyn_southwest_modular_building;dyn_northeast_modular_building
398,2,dyn_southwest_modular_building;dyn_northeast_modular_building
399,2,dyn_southwest_modular_building;dyn_northeast_modular_building
400,2,dyn_southwest_modular_building;dyn_northeast_modular_building
401,1,dyn_northeast_modular_building
402,1,dyn_northeast_modular_building
403,1,dyn_northeast_modular_building
404,1,dyn_northeast_modular_building
405,1,dyn_northeast_modular_building
406,1,dyn_northeast_modular_building
407,1,dyn_northeast_modular_building
408,1,dyn_northeast_modular_building
409,1,dyn_northeast_modular_building
410,1,dyn_northeast_modular_building
411,1,dyn_northeast_modular_building
412,1,dyn_northeast_modular_building
413,1,dyn_northeast_modular_building
414,0,
415,0,
416,0,
417,0,
418,0,
419,0,
420,0,
421,0,
422,0,
423,0,
424,0,
425,1,dyn_southwest_modular_building
426,1,dyn_southwest_modular_building
427,1,dyn_southwest_modular_building
428,1,dyn_southwest_modular_building
429,1,dyn_southwest_modular_building
430,1,dyn_southwest_modular_building
431,1,dyn_southwest_modular_building
432,1,dyn_southwest_modular_building
433,1,dyn_southwest_modular_building
434,1,dyn_southwest_modular_building
435,1,dyn_southwest_modular_building
436,1,dyn_southwest_modular_building
437,1,dyn_southwest_modular_building
438,1,dyn_southwest_modular_building
439,1,dyn_southwest_modular_building
440,1,dyn_southwest_modular_building
441,1,dyn_southwest_modular_building
442,1,dyn_southwest_modular_building
443,1,dyn_southwest_modular_building
444,0,
445,0,
446,0,
447,0,
448,0,
449,0,
450,0,
451,0,
452,1,dyn_northeast_modular_building
453,1,dyn_northeast_modular_building
454,1,dyn_northeast_modular_building
455,1,dyn_northeast_modular_building
456,1,dyn_northeast_modular_building
457,1,dyn_northeast_modular_building
458,1,dyn_northeast_modular_building
459,1,dyn_northeast_modular_building
460,1,dyn_northeast_modular_building
461,1,dyn_northeast_modular_building
462,1,dyn_northeast_modular_building
463,1,dyn_northeast_modular_building
464,1,dyn_northeast_modular_building
465,1,dyn_northeast_modular_building
466,1,dyn_northeast_modular_building
467,1,dyn_northeast_modular_building
468,2,dyn_southwest_modular_building;dyn_northeast_modular_building
469,2,dyn_southwest_modular_building;dyn_northeast_modular_building
470,2,dyn_southwest_modular_building;dyn_northeast_modular_building
471,2,dyn_southwest_modular_building;dyn_northeast_modular_building
472,2,dyn_southwest_modular_building;dyn_northeast_modular_building
473,2,dyn_southwest_modular_building;dyn_northeast_modular_building
474,2,dyn_southwest_modular_building;dyn_northeast_modular_building
475,2,dyn_southwest_modular_building;dyn_northeast_modular_building
476,2,dyn_southwest_modular_building;dyn_northeast_modular_building
477,2,dyn_southwest_modular_building;dyn_northeast_modular_building
478,2,dyn_southwest_modular_building;dyn_northeast_modular_building
479,2,dyn_southwest_modular_building;dyn_northeast_modular_building
480,2,dyn_southwest_modular_building;dyn_northeast_modular_building
481,1,dyn_southwest_modular_building
482,1,dyn_southwest_modular_building
483,1,dyn_southwest_modular_building
484,1,dyn_southwest_modular_building
485,1,dyn_southwest_modular_building
486,1,dyn_southwest_modular_building
487,0,
488,0,
489,0,
490,0,
491,0,
492,0,
493,0,
494,0,
495,0,
496,0,
497,0,
498,0,
499,0,
500,0,
501,0,
502,0,
503,0,
504,0,
505,0,
506,0,
507,0,
508,0,
509,0,
510,0,
511,1,dyn_southwest_modular_building
512,1,dyn_southwest_modular_building
513,1,dyn_southwest_modular_building
514,1,dyn_southwest_modular_building
515,1,dyn_southwest_modular_building
516,1,dyn_southwest_modular_building
517,1,dyn_southwest_modular_building
518,1,dyn_southwest_modular_building
519,2,dyn_southwest_modular_building;dyn_northeast_modular_building
520,2,dyn_southwest_modular_building;dyn_northeast_modular_building
521,2,dyn_southwest_modular_building;dyn_northeast_modular_building
522,2,dyn_southwest_modular_building;dyn_northeast_modular_building
523,2,dyn_southwest_modular_building;dyn_northeast_modular_building
524,2,dyn_southwest_modular_building;dyn_northeast_modular_building
525,2,dyn_southwest_modular_building;dyn_northeast_modular_building
526,2,dyn_southwest_modular_building;dyn_northeast_modular_building
527,2,dyn_southwest_modular_building;dyn_northeast_modular_building
528,2,dyn_southwest_modular_building;dyn_northeast_modular_building
529,2,dyn_southwest_modular_building;dyn_northeast_modular_building
530,1,dyn_northeast_modular_building
531,1,dyn_northeast_modular_building
532,1,dyn_northeast_modular_building
533,1,dyn_northeast_modular_building
534,1,dyn_northeast_modular_building
535,1,dyn_northeast_modular_building
536,1,dyn_northeast_modular_building
537,1,dyn_northeast_modular_building
538,1,dyn_northeast_modular_building
539,1,dyn_northeast_modular_building
540,1,dyn_northeast_modular_building
541,1,dyn_northeast_modular_building
542,1,dyn_northeast_modular_building
543,1,dyn_northeast_modular_building
544,1,dyn_northeast_modular_building
545,1,dyn_northeast_modular_building
546,1,dyn_northeast_modular_building
547,1,dyn_northeast_modular_building
548,0,
549,0,
550,0,
551,0,
552,0,
553,0,
554,1,dyn_southwest_modular_building
555,1,dyn_southwest_modular_building
556,1,dyn_southwest_modular_building
557,1,dyn_southwest_modular_building
558,1,dyn_southwest_modular_building
559,1,dyn_southwest_modular_building
560,1,dyn_southwest_modular_building
561,1,dyn_southwest_modular_building
562,1,dyn_southwest_modular_building
563,1,dyn_southwest_modular_building
564,1,dyn_southwest_modular_building
565,1,dyn_southwest_modular_building
566,1,dyn_southwest_modular_building
567,1,dyn_southwest_modular_building
568,1,dyn_southwest_modular_building
569,1,dyn_southwest_modular_building
570,1,dyn_southwest_modular_building
571,1,dyn_southwest_modular_building
572,1,dyn_southwest_modular_building
573,0,
574,0,
575,0,
576,0,
577,0,
578,0,
579,0,
580,0,
581,0,
582,0,
583,0,
584,0,
585,0,
586,1,dyn_northeast_modular_building
587,1,dyn_northeast_modular_building
588,1,dyn_northeast_modular_building
589,1,dyn_northeast_modular_building
590,1,dyn_northeast_modular_building
591,1,dyn_northeast_modular_building
592,1,dyn_northeast_modular_building
593,1,dyn_northeast_modular_building
594,1,dyn_northeast_modular_building
595,1,dyn_northeast_modular_building
596,1,dyn_northeast_modular_building
597,2,dyn_southwest_modular_building;dyn_northeast_modular_building
598,2,dyn_southwest_modular_building;dyn_northeast_modular_building
599,2,dyn_southwest_modular_building;dyn_northeast_modular_building
600,2,dyn_southwest_modular_building;dyn_northeast_modular_building
601,2,dyn_southwest_modular_building;dyn_northeast_modular_building
602,2,dyn_southwest_modular_building;dyn_northeast_modular_building
603,2,dyn_southwest_modular_building;dyn_northeast_modular_building
604,2,dyn_southwest_modular_building;dyn_northeast_modular_building
605,2,dyn_southwest_modular_building;dyn_northeast_modular_building
606,2,dyn_southwest_modular_building;dyn_northeast_modular_building
607,2,dyn_southwest_modular_building;dyn_northeast_modular_building
608,2,dyn_southwest_modular_building;dyn_northeast_modular_building
609,2,dyn_southwest_modular_building;dyn_northeast_modular_building
610,2,dyn_southwest_modular_building;dyn_northeast_modular_building
611,2,dyn_southwest_modular_building;dyn_northeast_modular_building
612,2,dyn_southwest_modular_building;dyn_northeast_modular_building
613,2,dyn_southwest_modular_building;dyn_northeast_modular_building
614,2,dyn_southwest_modular_building;dyn_northeast_modular_building
615,1,dyn_southwest_modular_building
616,0,
617,0,
618,0,
619,0,
620,0,
621,0,
622,0,
623,0,
624,0,
625,0,
626,0,
627,0,
628,0,
629,0,
630,0,
631,0,
632,0,
633,0,
634,0,
635,0,
636,0,
637,0,
638,0,
639,0,
640,1,dyn_southwest_modular_building
641,1,dyn_southwest_modular_building
642,1,dyn_southwest_modular_building
643,1,dyn_southwest_modular_building
644,1,dyn_southwest_modular_building
645,1,dyn_southwest_modular_building
646,1,dyn_southwest_modular_building
647,1,dyn_southwest_modular_building
648,1,dyn_southwest_modular_building
649,1,dyn_southwest_modular_building
650,1,dyn_southwest_modular_building
651,1,dyn_southwest_modular_building
652,1,dyn_southwest_modular_building
653,2,dyn_southwest_modular_building;dyn_northeast_modular_building
654,2,dyn_southwest_modular_building;dyn_northeast_modular_building
655,2,dyn_southwest_modular_building;dyn_northeast_modular_building
656,2,dyn_southwest_modular_building;dyn_northeast_modular_building
657,2,dyn_southwest_modular_building;dyn_northeast_modular_building
658,2,dyn_southwest_modular_building;dyn_northeast_modular_building
659,1,dyn_northeast_modular_building
660,1,dyn_northeast_modular_building
661,1,dyn_northeast_modular_building
662,1,dyn_northeast_modular_building
663,1,dyn_northeast_modular_building
664,1,dyn_northeast_modular_building
665,1,dyn_northeast_modular_building
666,1,dyn_northeast_modular_building
667,1,dyn_northeast_modular_building
668,1,dyn_northeast_modular_building
669,1,dyn_northeast_modular_building
670,1,dyn_northeast_modular_building
671,1,dyn_northeast_modular_building
672,1,dyn_northeast_modular_building
673,1,dyn_northeast_modular_building
674,1,dyn_northeast_modular_building
675,1,dyn_northeast_modular_building
676,1,dyn_northeast_modular_building
677,1,dyn_northeast_modular_building
678,1,dyn_northeast_modular_building
679,1,dyn_northeast_modular_building
680,1,dyn_northeast_modular_building
681,1,dyn_northeast_modular_building
682,0,
683,1,dyn_southwest_modular_building
684,1,dyn_southwest_modular_building
685,1,dyn_southwest_modular_building
686,1,dyn_southwest_modular_building
687,1,dyn_southwest_modular_building
688,1,dyn_southwest_modular_building
689,1,dyn_southwest_modular_building
690,1,dyn_southwest_modular_building
691,1,dyn_southwest_modular_building
692,1,dyn_southwest_modular_building
693,1,dyn_southwest_modular_building
694,1,dyn_southwest_modular_building
695,1,dyn_southwest_modular_building
696,1,dyn_southwest_modular_building
697,1,dyn_southwest_modular_building
698,1,dyn_southwest_modular_building
699,1,dyn_southwest_modular_building
700,1,dyn_southwest_modular_building
