step,capsule_payload_bytes,capsule_scalar_values_sent,contact_threshold_rx_power_dbm,contact_threshold_snr_db,expert_advertisement_bytes,expert_advertisement_scalar_values,expert_bank_accepted_pulls,expert_bank_coverage_recalculations,expert_bank_manifest_records,expert_bank_model_messages,expert_bank_receivers,expert_bank_rejected_pulls,feasible_contact_decisions,feasible_contact_pairs,greedy_comm_bytes,greedy_comm_cumulative_mb,greedy_comm_mb,greedy_events,local_policy_initial_pull_probability,model_parameter_values_pulled,model_payload_bytes,model_transfer_snr_min_db,noise_floor_dbm,propagation_loss_contact_threshold_db,rssi_gossip_threshold_dbm,snr_min_db
1,0,0,-100.0,0.0,0,0,0,0,0,0,26,0,352,176,0,0.0,0.0,0,1.0,0,0,0.0,-100.0,123.0,-100.0,0.0
2,11924,2981,-100.0,0.0,99968,24992,17,26,352,26,26,9,352,176,472888,0.472888,0.472888,26,1.0,118170,472680,0.0,-100.0,123.0,-100.0,0.0
3,13112,3278,-100.0,0.0,152792,38198,25,51,538,25,26,0,352,176,454700,0.927588,0.4547,25,1.0,113625,454500,0.0,-100.0,123.0,-100.0,0.0
4,17424,4356,-100.0,0.0,178920,44730,25,76,630,25,26,0,320,160,454700,1.382288,0.4547,25,1.0,113625,454500,0.0,-100.0,123.0,-100.0,0.0
5,22616,5654,-100.0,0.0,199652,49913,25,102,703,26,28,1,340,170,472888,1.855176,0.472888,26,1.0,118170,472680,0.0,-100.0,123.0,-100.0,0.0
6,30008,7502,-100.0,0.0,196528,49132,22,130,692,28,29,6,336,168,509264,2.36444,0.509264,28,1.0,127260,509040,0.0,-100.0,123.0,-100.0,0.0
7,35420,8855,-100.0,0.0,201356,50339,25,159,709,29,32,4,376,188,527452,2.891892,0.527452,29,1.0,131805,527220,0.0,-100.0,123.0,-100.0,0.0
8,35684,8921,-100.0,0.0,235720,58930,32,191,830,32,35,0,430,215,582016,3.473908,0.582016,32,1.0,145440,581760,0.0,-100.0,123.0,-100.0,0.0
9,31988,7997,-100.0,0.0,319784,79946,32,224,1126,33,37,1,526,263,600204,4.074112,0.600204,33,1.0,149985,599940,0.0,-100.0,123.0,-100.0,0.0
10,46068,11517,-100.0,0.0,452128,113032,37,262,1592,38,38,1,552,276,691144,4.765256,0.691144,38,1.0,172710,690840,0.0,-100.0,123.0,-100.0,0.0
11,36960,9240,-100.0,0.0,535340,133835,35,299,1885,37,39,2,652,326,672956,5.438212,0.672956,37,1.0,168165,672660,0.0,-100.0,123.0,-100.0,0.0
12,35332,8833,-100.0,0.0,692392,173098,38,338,2438,39,40,1,728,364,709332,6.147544,0.709332,39,1.0,177255,709020,0.0,-100.0,123.0,-100.0,0.0
13,36608,9152,-100.0,0.0,781284,195321,39,378,2751,40,42,1,818,409,727520,6.875064,0.72752,40,1.0,181800,727200,0.0,-100.0,123.0,-100.0,0.0
14,69872,17468,-100.0,0.0,869324,217331,40,420,3061,42,44,2,936,468,763896,7.63896,0.763896,42,1.0,190890,763560,0.0,-100.0,123.0,-100.0,0.0
15,99704,24926,-100.0,0.0,944868,236217,42,463,3327,43,43,1,906,453,782084,8.421044,0.782084,43,1.0,195435,781740,0.0,-100.0,123.0,-100.0,0.0
16,106920,26730,-100.0,0.0,1133160,283290,42,506,3990,43,45,1,994,497,782084,9.203128,0.782084,43,1.0,195435,781740,0.0,-100.0,123.0,-100.0,0.0
17,126016,31504,-100.0,0.0,1172920,293230,42,551,4130,45,46,3,1032,516,818460,10.021588,0.81846,45,1.0,204525,818100,0.0,-100.0,123.0,-100.0,0.0
18,132748,33187,-100.0,0.0,1090844,272711,42,595,3841,44,44,2,954,477,800272,10.82186,0.800272,44,1.0,199980,799920,0.0,-100.0,123.0,-100.0,0.0
19,146388,36597,-100.0,0.0,1187404,296851,41,639,4181,44,44,3,982,491,800272,11.622132,0.800272,44,1.0,199980,799920,0.0,-100.0,123.0,-100.0,0.0
20,153824,38456,-100.0,0.0,1206716,301679,38,683,4249,44,45,6,1020,510,800272,12.422404,0.800272,44,1.0,199980,799920,0.0,-100.0,123.0,-100.0,0.0
21,161216,40304,-100.0,0.0,1178032,294508,38,727,4148,44,44,6,986,493,800272,13.222676,0.800272,44,1.0,199980,799920,0.0,-100.0,123.0,-100.0,0.0
22,168168,42042,-100.0,0.0,1192232,298058,40,771,4198,44,44,4,988,494,800272,14.022948,0.800272,44,1.0,199980,799920,0.0,-100.0,123.0,-100.0,0.0
23,174020,43505,-100.0,0.0,1191664,297916,43,815,4196,44,44,1,988,494,800272,14.82322,0.800272,44,1.0,199980,799920,0.0,-100.0,123.0,-100.0,0.0
24,178288,44572,-100.0,0.0,1215520,303880,43,859,4280,44,44,1,992,496,800272,15.623492,0.800272,44,1.0,199980,799920,0.0,-100.0,123.0,-100.0,0.0
25,180928,45232,-100.0,0.0,1231708,307927,44,903,4337,44,44,0,990,495,800272,16.423764,0.800272,44,1.0,199980,799920,0.0,-100.0,123.0,-100.0,0.0
26,180708,45177,-100.0,0.0,1185984,296496,42,947,4176,44,44,2,950,475,800272,17.224036,0.800272,44,1.0,199980,799920,0.0,-100.0,123.0,-100.0,0.0
27,180180,45045,-100.0,0.0,1248180,312045,43,991,4395,44,44,1,942,471,800272,18.024308,0.800272,44,1.0,199980,799920,0.0,-100.0,123.0,-100.0,0.0
28,178200,44550,-100.0,0.0,1373424,343356,44,1035,4836,44,44,0,964,482,800272,18.82458,0.800272,44,1.0,199980,799920,0.0,-100.0,123.0,-100.0,0.0
29,177276,44319,-100.0,0.0,1492988,373247,43,1079,5257,44,44,1,976,488,800272,19.624852,0.800272,44,1.0,199980,799920,0.0,-100.0,123.0,-100.0,0.0
30,174900,43725,-100.0,0.0,1576484,394121,40,1122,5551,43,43,3,954,477,782084,20.406936,0.782084,43,1.0,195435,781740,0.0,-100.0,123.0,-100.0,0.0
31,170456,42614,-100.0,0.0,1476232,369058,22,1164,5198,42,42,20,906,453,763896,21.170832,0.763896,42,1.0,190890,763560,0.0,-100.0,123.0,-100.0,0.0
32,166320,41580,-100.0,0.0,1456920,364230,28,1205,5130,41,41,13,898,449,745708,21.91654,0.745708,41,1.0,186345,745380,0.0,-100.0,123.0,-100.0,0.0
33,166012,41503,-100.0,0.0,1517980,379495,41,1246,5345,41,41,0,914,457,745708,22.662248,0.745708,41,1.0,186345,745380,0.0,-100.0,123.0,-100.0,0.0
34,166012,41503,-100.0,0.0,1555468,388867,40,1287,5477,41,41,1,928,464,745708,23.407956,0.745708,41,1.0,186345,745380,0.0,-100.0,123.0,-100.0,0.0
35,161920,40480,-100.0,0.0,1450672,362668,38,1327,5108,40,40,2,878,439,727520,24.135476,0.72752,40,1.0,181800,727200,0.0,-100.0,123.0,-100.0,0.0
36,157872,39468,-100.0,0.0,1405516,351379,36,1366,4949,39,39,3,856,428,709332,24.844808,0.709332,39,1.0,177255,709020,0.0,-100.0,123.0,-100.0,0.0
37,158048,39512,-100.0,0.0,1365188,341297,21,1405,4807,39,39,18,832,416,709332,25.55414,0.709332,39,1.0,177255,709020,0.0,-100.0,123.0,-100.0,0.0
38,151360,37840,-100.0,0.0,1240796,310199,35,1441,4369,36,36,1,750,375,654768,26.208908,0.654768,36,1.0,163620,654480,0.0,-100.0,123.0,-100.0,0.0
39,147312,36828,-100.0,0.0,1176328,294082,34,1476,4142,35,35,1,706,353,636580,26.845488,0.63658,35,1.0,159075,636300,0.0,-100.0,123.0,-100.0,0.0
40,143616,35904,-100.0,0.0,1147928,286982,33,1510,4042,34,35,1,714,357,618392,27.46388,0.618392,34,1.0,154530,618120,0.0,-100.0,123.0,-100.0,0.0
41,140580,35145,-100.0,0.0,1161276,290319,30,1543,4089,33,35,3,760,380,600204,28.064084,0.600204,33,1.0,149985,599940,0.0,-100.0,123.0,-100.0,0.0
42,146916,36729,-100.0,0.0,1186836,296709,30,1577,4179,34,38,4,858,429,618392,28.682476,0.618392,34,1.0,154530,618120,0.0,-100.0,123.0,-100.0,0.0
43,162052,40513,-100.0,0.0,1095956,273989,37,1614,3859,37,37,0,764,382,672956,29.355432,0.672956,37,1.0,168165,672660,0.0,-100.0,123.0,-100.0,0.0
44,158576,39644,-100.0,0.0,1070112,267528,34,1650,3768,36,38,2,744,372,654768,30.0102,0.654768,36,1.0,163620,654480,0.0,-100.0,123.0,-100.0,0.0
45,162360,40590,-100.0,0.0,1059320,264830,33,1687,3730,37,37,4,712,356,672956,30.683156,0.672956,37,1.0,168165,672660,0.0,-100.0,123.0,-100.0,0.0
46,148412,37103,-100.0,0.0,1041428,260357,29,1722,3667,35,36,6,718,359,636580,31.319736,0.63658,35,1.0,159075,636300,0.0,-100.0,123.0,-100.0,0.0
47,142956,35739,-100.0,0.0,1063012,265753,12,1756,3743,34,35,22,726,363,618392,31.938128,0.618392,34,1.0,154530,618120,0.0,-100.0,123.0,-100.0,0.0
48,113564,28391,-100.0,0.0,1059604,264901,31,1787,3731,31,33,0,712,356,563828,32.501956,0.563828,31,1.0,140895,563580,0.0,-100.0,123.0,-100.0,0.0
49,116116,29029,-100.0,0.0,1094252,273563,31,1819,3853,32,34,1,754,377,582016,33.083972,0.582016,32,1.0,145440,581760,0.0,-100.0,123.0,-100.0,0.0
50,126060,31515,-100.0,0.0,1062444,265611,32,1853,3741,34,34,2,740,370,618392,33.702364,0.618392,34,1.0,154530,618120,0.0,-100.0,123.0,-100.0,0.0
