step,training_loss,selection_rmse,matched_examples,matched_groups,matched_gain_log_mae,matched_gain_log_rmse,matched_gain_prediction_bias_log,matched_top1_accuracy_tie_aware,matched_mean_selection_regret_log,matched_positive_target_fraction,matched_threshold_2_precision,matched_threshold_2_recall,matched_threshold_2_predicted_pass_fraction,matched_threshold_2_true_pass_fraction,matched_threshold_5_precision,matched_threshold_5_recall,matched_threshold_5_predicted_pass_fraction,matched_threshold_5_true_pass_fraction,matched_threshold_10_precision,matched_threshold_10_recall,matched_threshold_10_predicted_pass_fraction,matched_threshold_10_true_pass_fraction,matched_threshold_50_precision,matched_threshold_50_recall,matched_threshold_50_predicted_pass_fraction,matched_threshold_50_true_pass_fraction,matched_threshold_100_precision,matched_threshold_100_recall,matched_threshold_100_predicted_pass_fraction,matched_threshold_100_true_pass_fraction,matched_threshold_200_precision,matched_threshold_200_recall,matched_threshold_200_predicted_pass_fraction,matched_threshold_200_true_pass_fraction,matched_threshold_400_precision,matched_threshold_400_recall,matched_threshold_400_predicted_pass_fraction,matched_threshold_400_true_pass_fraction,stress_examples,stress_groups,stress_gain_log_mae,stress_gain_log_rmse,stress_gain_prediction_bias_log,stress_top1_accuracy_tie_aware,stress_mean_selection_regret_log,stress_positive_target_fraction,stress_threshold_2_precision,stress_threshold_2_recall,stress_threshold_2_predicted_pass_fraction,stress_threshold_2_true_pass_fraction,stress_threshold_5_precision,stress_threshold_5_recall,stress_threshold_5_predicted_pass_fraction,stress_threshold_5_true_pass_fraction,stress_threshold_10_precision,stress_threshold_10_recall,stress_threshold_10_predicted_pass_fraction,stress_threshold_10_true_pass_fraction,stress_threshold_50_precision,stress_threshold_50_recall,stress_threshold_50_predicted_pass_fraction,stress_threshold_50_true_pass_fraction,stress_threshold_100_precision,stress_threshold_100_recall,stress_threshold_100_predicted_pass_fraction,stress_threshold_100_true_pass_fraction,stress_threshold_200_precision,stress_threshold_200_recall,stress_threshold_200_predicted_pass_fraction,stress_threshold_200_true_pass_fraction,stress_threshold_400_precision,stress_threshold_400_recall,stress_threshold_400_predicted_pass_fraction,stress_threshold_400_true_pass_fraction
1,0.38826295733451843,0.1645760823449372,1536,96,0.03109135664999485,0.16214989125728607,-0.002758784219622612,0.3020833333333333,0.04581839969067877,0.17578125,0.1007905138339921,0.4857142857142857,0.3294270833333333,0.068359375,0.058823529411764705,0.03225806451612903,0.022135416666666668,0.040364583333333336,0.0,0.0,0.0,0.026692708333333332,0.0,0.0,0.0,0.011067708333333334,0.0,0.0,0.0,0.006510416666666667,0.0,0.0,0.0,0.0032552083333333335,0.0,0.0,0.0,0.0026041666666666665,768,48,0.03143581748008728,0.16932420432567596,0.002672269707545638,0.22916666666666666,0.03706218724901097,0.16796875,0.06918238993710692,0.5641025641025641,0.4140625,0.05078125,0.04,0.034482758620689655,0.032552083333333336,0.037760416666666664,0.0,0.0,0.0,0.0234375,0.0,0.0,0.0,0.006510416666666667,0.0,0.0,0.0,0.00390625,0.0,0.0,0.0,0.00390625,0.0,0.0,0.0,0.00390625
50,0.5148336887359619,0.16347026605066722,1536,96,0.029136573895812035,0.16116805374622345,-0.0047102742828428745,0.28125,0.046038746772400906,0.17578125,0.12318840579710146,0.4857142857142857,0.26953125,0.068359375,0.14285714285714285,0.04838709677419355,0.013671875,0.040364583333333336,0.0,0.0,0.0,0.026692708333333332,0.0,0.0,0.0,0.011067708333333334,0.0,0.0,0.0,0.006510416666666667,0.0,0.0,0.0,0.0032552083333333335,0.0,0.0,0.0,0.0026041666666666665,768,48,0.0281852837651968,0.16798005998134613,-0.0005661618779413402,0.2708333333333333,0.03248993930954214,0.16796875,0.08627450980392157,0.5641025641025641,0.33203125,0.05078125,0.2727272727272727,0.10344827586206896,0.014322916666666666,0.037760416666666664,0.0,0.0,0.0,0.0234375,0.0,0.0,0.0,0.006510416666666667,0.0,0.0,0.0,0.00390625,0.0,0.0,0.0,0.00390625,0.0,0.0,0.0,0.00390625
100,0.315075546503067,0.04621281312754417,1536,96,0.011892635375261307,0.050657279789447784,0.002016901271417737,0.5104166666666666,0.009799840361012002,0.17578125,0.39195979899497485,0.7428571428571429,0.12955729166666666,0.068359375,0.7741935483870968,0.7741935483870968,0.040364583333333336,0.040364583333333336,0.8974358974358975,0.8536585365853658,0.025390625,0.026692708333333332,0.875,0.8235294117647058,0.010416666666666666,0.011067708333333334,0.8888888888888888,0.8,0.005859375,0.006510416666666667,0.75,0.6,0.0026041666666666665,0.0032552083333333335,1.0,0.75,0.001953125,0.0026041666666666665,768,48,0.01043179165571928,0.03570087254047394,0.0039057908579707146,0.6041666666666666,0.011415003005135796,0.16796875,0.3894736842105263,0.9487179487179487,0.12369791666666667,0.05078125,0.6857142857142857,0.8275862068965517,0.045572916666666664,0.037760416666666664,0.6842105263157895,0.7222222222222222,0.024739583333333332,0.0234375,0.75,0.6,0.005208333333333333,0.006510416666666667,1.0,1.0,0.00390625,0.00390625,1.0,1.0,0.00390625,0.00390625,1.0,1.0,0.00390625,0.00390625
150,0.0899360403418541,0.04747896666007938,1536,96,0.007889819331467152,0.04585559666156769,-0.001710867858491838,0.5520833333333334,0.007643402392157365,0.17578125,0.9772727272727273,0.4095238095238095,0.028645833333333332,0.068359375,0.9714285714285714,0.5483870967741935,0.022786458333333332,0.040364583333333336,0.9655172413793104,0.6829268292682927,0.018880208333333332,0.026692708333333332,1.0,0.6470588235294118,0.007161458333333333,0.011067708333333334,1.0,0.9,0.005859375,0.006510416666666667,0.7142857142857143,1.0,0.004557291666666667,0.0032552083333333335,0.6666666666666666,1.0,0.00390625,0.0026041666666666665,768,48,0.007131010293960571,0.05056960880756378,-0.0002789704885799438,0.6041666666666666,0.004700799860733203,0.16796875,0.9523809523809523,0.5128205128205128,0.02734375,0.05078125,1.0,0.4482758620689655,0.016927083333333332,0.037760416666666664,0.8888888888888888,0.4444444444444444,0.01171875,0.0234375,1.0,0.8,0.005208333333333333,0.006510416666666667,1.0,1.0,0.00390625,0.00390625,1.0,1.0,0.00390625,0.00390625,1.0,1.0,0.00390625,0.00390625
200,0.13199292123317719,0.051993768785695886,1536,96,0.008881607092916965,0.04949647933244705,0.0007652395288459957,0.4583333333333333,0.011568049658260785,0.17578125,0.7464788732394366,0.5047619047619047,0.046223958333333336,0.068359375,0.9047619047619048,0.6129032258064516,0.02734375,0.040364583333333336,0.9375,0.7317073170731707,0.020833333333333332,0.026692708333333332,1.0,0.6470588235294118,0.007161458333333333,0.011067708333333334,1.0,0.9,0.005859375,0.006510416666666667,0.625,1.0,0.005208333333333333,0.0032552083333333335,0.6666666666666666,1.0,0.00390625,0.0026041666666666665,768,48,0.008187741972506046,0.056659094989299774,0.001687707961536944,0.5416666666666666,0.0055994425316185925,0.16796875,0.875,0.5384615384615384,0.03125,0.05078125,0.9375,0.5172413793103449,0.020833333333333332,0.037760416666666664,0.8181818181818182,0.5,0.014322916666666666,0.0234375,1.0,0.8,0.005208333333333333,0.006510416666666667,1.0,1.0,0.00390625,0.00390625,1.0,1.0,0.00390625,0.00390625,1.0,1.0,0.00390625,0.00390625
250,0.12798582017421722,0.04810932890459904,1536,96,0.010231956839561462,0.04626554250717163,0.000987627892754972,0.4270833333333333,0.013489774832227871,0.17578125,0.49019607843137253,0.47619047619047616,0.06640625,0.068359375,0.875,0.5645161290322581,0.026041666666666668,0.040364583333333336,0.9666666666666667,0.7073170731707317,0.01953125,0.026692708333333332,1.0,0.6470588235294118,0.007161458333333333,0.011067708333333334,1.0,0.9,0.005859375,0.006510416666666667,0.7142857142857143,1.0,0.004557291666666667,0.0032552083333333335,0.8,1.0,0.0032552083333333335,0.0026041666666666665,768,48,0.0087405601516366,0.05159962922334671,0.0017248388612642884,0.5416666666666666,0.012128641180647529,0.16796875,0.5238095238095238,0.5641025641025641,0.0546875,0.05078125,0.7894736842105263,0.5172413793103449,0.024739583333333332,0.037760416666666664,0.8181818181818182,0.5,0.014322916666666666,0.0234375,1.0,0.6,0.00390625,0.006510416666666667,1.0,1.0,0.00390625,0.00390625,1.0,1.0,0.00390625,0.00390625,1.0,1.0,0.00390625,0.00390625
300,0.07464910298585892,0.049233473695034766,1536,96,0.014016948640346527,0.04796737805008888,0.005171824712306261,0.3854166666666667,0.018019056631705627,0.17578125,0.22180451127819548,0.5619047619047619,0.17317708333333334,0.068359375,0.4625,0.5967741935483871,0.052083333333333336,0.040364583333333336,0.8235294117647058,0.6829268292682927,0.022135416666666668,0.026692708333333332,1.0,0.6470588235294118,0.007161458333333333,0.011067708333333334,1.0,0.9,0.005859375,0.006510416666666667,0.7142857142857143,1.0,0.004557291666666667,0.0032552083333333335,0.75,0.75,0.0026041666666666665,0.0026041666666666665,768,48,0.01069526094943285,0.05167268216609955,0.004055814351886511,0.5208333333333334,0.013822823250464467,0.16796875,0.3333333333333333,0.6666666666666666,0.1015625,0.05078125,0.5357142857142857,0.5172413793103449,0.036458333333333336,0.037760416666666664,0.8181818181818182,0.5,0.014322916666666666,0.0234375,1.0,0.6,0.00390625,0.006510416666666667,1.0,1.0,0.00390625,0.00390625,1.0,1.0,0.00390625,0.00390625,1.0,1.0,0.00390625,0.00390625
350,0.12294108420610428,0.04943162974091229,1536,96,0.01483622845262289,0.04943522810935974,0.0050641936250030994,0.3541666666666667,0.018776969174221374,0.17578125,0.20802919708029197,0.5428571428571428,0.17838541666666666,0.068359375,0.4044943820224719,0.5806451612903226,0.057942708333333336,0.040364583333333336,0.8125,0.6341463414634146,0.020833333333333332,0.026692708333333332,1.0,0.6470588235294118,0.007161458333333333,0.011067708333333334,1.0,0.9,0.005859375,0.006510416666666667,0.7142857142857143,1.0,0.004557291666666667,0.0032552083333333335,1.0,0.75,0.001953125,0.0026041666666666665,768,48,0.010159444995224476,0.0494244322180748,0.0031270806211978197,0.4791666666666667,0.013478646318536866,0.16796875,0.3380281690140845,0.6153846153846154,0.09244791666666667,0.05078125,0.6818181818181818,0.5172413793103449,0.028645833333333332,0.037760416666666664,0.8181818181818182,0.5,0.014322916666666666,0.0234375,1.0,0.6,0.00390625,0.006510416666666667,1.0,1.0,0.00390625,0.00390625,1.0,1.0,0.00390625,0.00390625,1.0,1.0,0.00390625,0.00390625
400,0.06257237493991852,0.050315307600017074,1536,96,0.014869187027215958,0.05121453478932381,0.004425365943461657,0.34375,0.017575640362442375,0.17578125,0.21292775665399238,0.5333333333333333,0.17122395833333334,0.068359375,0.43209876543209874,0.5645161290322581,0.052734375,0.040364583333333336,0.78125,0.6097560975609756,0.020833333333333332,0.026692708333333332,1.0,0.5882352941176471,0.006510416666666667,0.011067708333333334,1.0,0.9,0.005859375,0.006510416666666667,0.8333333333333334,1.0,0.00390625,0.0032552083333333335,1.0,0.75,0.001953125,0.0026041666666666665,768,48,0.009583287872374058,0.04846682772040367,0.0023294268175959587,0.4583333333333333,0.015539986965976027,0.16796875,0.3181818181818182,0.5384615384615384,0.0859375,0.05078125,0.7368421052631579,0.4827586206896552,0.024739583333333332,0.037760416666666664,0.8181818181818182,0.5,0.014322916666666666,0.0234375,1.0,0.6,0.00390625,0.006510416666666667,1.0,1.0,0.00390625,0.00390625,1.0,1.0,0.00390625,0.00390625,1.0,1.0,0.00390625,0.00390625
450,0.07849803566932678,0.05587287584300543,1536,96,0.016931863501667976,0.05524829030036926,0.008433450944721699,0.3541666666666667,0.017508031795642864,0.17578125,0.19877675840978593,0.6190476190476191,0.212890625,0.068359375,0.30327868852459017,0.5967741935483871,0.07942708333333333,0.040364583333333336,0.5471698113207547,0.7073170731707317,0.034505208333333336,0.026692708333333332,1.0,0.6470588235294118,0.007161458333333333,0.011067708333333334,1.0,0.9,0.005859375,0.006510416666666667,0.625,1.0,0.005208333333333333,0.0032552083333333335,0.75,0.75,0.0026041666666666665,0.0026041666666666665,768,48,0.011311501264572144,0.05710155516862869,0.004995689261704683,0.4583333333333333,0.015539986965976027,0.16796875,0.32098765432098764,0.6666666666666666,0.10546875,0.05078125,0.5,0.5172413793103449,0.0390625,0.037760416666666664,0.8461538461538461,0.6111111111111112,0.016927083333333332,0.0234375,0.75,0.6,0.005208333333333333,0.006510416666666667,1.0,1.0,0.00390625,0.00390625,1.0,1.0,0.00390625,0.00390625,1.0,1.0,0.00390625,0.00390625
500,0.06032862514257431,0.06145341858103239,1536,96,0.0190832931548357,0.06108032539486885,0.011240669526159763,0.3541666666666667,0.01785224940714632,0.17578125,0.1907514450867052,0.6285714285714286,0.22526041666666666,0.068359375,0.24183006535947713,0.5967741935483871,0.099609375,0.040364583333333336,0.453125,0.7073170731707317,0.041666666666666664,0.026692708333333332,0.9230769230769231,0.7058823529411765,0.008463541666666666,0.011067708333333334,1.0,0.9,0.005859375,0.006510416666666667,0.625,1.0,0.005208333333333333,0.0032552083333333335,0.75,0.75,0.0026041666666666665,0.0026041666666666665,768,48,0.01192619651556015,0.0621928907930851,0.005968235433101654,0.4791666666666667,0.013478646318536866,0.16796875,0.3372093023255814,0.7435897435897436,0.11197916666666667,0.05078125,0.45454545454545453,0.5172413793103449,0.04296875,0.037760416666666664,0.8461538461538461,0.6111111111111112,0.016927083333333332,0.0234375,0.8,0.8,0.006510416666666667,0.006510416666666667,1.0,1.0,0.00390625,0.00390625,1.0,1.0,0.00390625,0.00390625,1.0,1.0,0.00390625,0.00390625
550,0.06220035254955292,0.05465229674245985,1536,96,0.018525928258895874,0.054930783808231354,0.010838302783668041,0.3541666666666667,0.017533695915621667,0.17578125,0.1928374655647383,0.6666666666666666,0.236328125,0.068359375,0.2631578947368421,0.6451612903225806,0.09895833333333333,0.040364583333333336,0.45901639344262296,0.6829268292682927,0.039713541666666664,0.026692708333333332,0.9230769230769231,0.7058823529411765,0.008463541666666666,0.011067708333333334,1.0,0.9,0.005859375,0.006510416666666667,0.625,1.0,0.005208333333333333,0.0032552083333333335,0.75,0.75,0.0026041666666666665,0.0026041666666666665,768,48,0.011396639049053192,0.05409102141857147,0.005686257500201464,0.4791666666666667,0.013478646318536866,0.16796875,0.35294117647058826,0.7692307692307693,0.11067708333333333,0.05078125,0.5333333333333333,0.5517241379310345,0.0390625,0.037760416666666664,0.8571428571428571,0.6666666666666666,0.018229166666666668,0.0234375,0.75,0.6,0.005208333333333333,0.006510416666666667,1.0,1.0,0.00390625,0.00390625,1.0,1.0,0.00390625,0.00390625,1.0,1.0,0.00390625,0.00390625
600,0.07158979028463364,0.055309701781475755,1536,96,0.016691310331225395,0.05491960048675537,0.008787608705461025,0.3854166666666667,0.01716289408169776,0.17578125,0.20743034055727555,0.638095238095238,0.21028645833333334,0.068359375,0.3140495867768595,0.6129032258064516,0.07877604166666667,0.040364583333333336,0.6086956521739131,0.6829268292682927,0.029947916666666668,0.026692708333333332,0.9230769230769231,0.7058823529411765,0.008463541666666666,0.011067708333333334,1.0,0.9,0.005859375,0.006510416666666667,0.625,1.0,0.005208333333333333,0.0032552083333333335,0.75,0.75,0.0026041666666666665,0.0026041666666666665,768,48,0.010737183503806591,0.05608176440000534,0.0048509156331419945,0.5,0.012775179495212305,0.16796875,0.3493975903614458,0.7435897435897436,0.10807291666666667,0.05078125,0.6153846153846154,0.5517241379310345,0.033854166666666664,0.037760416666666664,0.8571428571428571,0.6666666666666666,0.018229166666666668,0.0234375,0.75,0.6,0.005208333333333333,0.006510416666666667,1.0,1.0,0.00390625,0.00390625,1.0,1.0,0.00390625,0.00390625,1.0,1.0,0.00390625,0.00390625
650,0.06522784382104874,0.055113239765171,1536,96,0.016522908583283424,0.05390586331486702,0.009907050989568233,0.3958333333333333,0.015321310647730494,0.17578125,0.20402298850574713,0.6761904761904762,0.2265625,0.068359375,0.3333333333333333,0.6451612903225806,0.078125,0.040364583333333336,0.6170212765957447,0.7073170731707317,0.030598958333333332,0.026692708333333332,0.9285714285714286,0.7647058823529411,0.009114583333333334,0.011067708333333334,1.0,1.0,0.006510416666666667,0.006510416666666667,0.625,1.0,0.005208333333333333,0.0032552083333333335,0.75,0.75,0.0026041666666666665,0.0026041666666666665,768,48,0.0113789988681674,0.057451922446489334,0.006226626690477133,0.4791666666666667,0.012855982225341714,0.16796875,0.358695652173913,0.8461538461538461,0.11979166666666667,0.05078125,0.5666666666666667,0.5862068965517241,0.0390625,0.037760416666666664,0.8666666666666667,0.7222222222222222,0.01953125,0.0234375,0.8,0.8,0.006510416666666667,0.006510416666666667,1.0,1.0,0.00390625,0.00390625,1.0,1.0,0.00390625,0.00390625,1.0,1.0,0.00390625,0.00390625
700,0.08262812346220016,0.052367774357156366,1536,96,0.01604863815009594,0.0520571805536747,0.008586899377405643,0.3854166666666667,0.01714258008173412,0.17578125,0.20783132530120482,0.6571428571428571,0.21614583333333334,0.068359375,0.3611111111111111,0.6290322580645161,0.0703125,0.040364583333333336,0.6086956521739131,0.6829268292682927,0.029947916666666668,0.026692708333333332,0.9230769230769231,0.7058823529411765,0.008463541666666666,0.011067708333333334,1.0,0.9,0.005859375,0.006510416666666667,0.625,1.0,0.005208333333333333,0.0032552083333333335,0.75,0.75,0.0026041666666666665,0.0026041666666666665,768,48,0.010616087354719639,0.05298350006341934,0.005174189805984497,0.5,0.012683063116654125,0.16796875,0.367816091954023,0.8205128205128205,0.11328125,0.05078125,0.6071428571428571,0.5862068965517241,0.036458333333333336,0.037760416666666664,0.8666666666666667,0.7222222222222222,0.01953125,0.0234375,0.8,0.8,0.006510416666666667,0.006510416666666667,1.0,1.0,0.00390625,0.00390625,1.0,1.0,0.00390625,0.00390625,1.0,1.0,0.00390625,0.00390625
750,0.0591563880443573,0.04892579299607629,1536,96,0.014654050581157207,0.04895661771297455,0.0067518786527216434,0.375,0.0172027647512986,0.17578125,0.23469387755102042,0.6571428571428571,0.19140625,0.068359375,0.4470588235294118,0.6129032258064516,0.055338541666666664,0.040364583333333336,0.6511627906976745,0.6829268292682927,0.027994791666666668,0.026692708333333332,0.9166666666666666,0.6470588235294118,0.0078125,0.011067708333333334,1.0,0.9,0.005859375,0.006510416666666667,0.625,1.0,0.005208333333333333,0.0032552083333333335,1.0,0.75,0.001953125,0.0026041666666666665,768,48,0.009861769154667854,0.04886408522725105,0.004182996228337288,0.5,0.012683063116654125,0.16796875,0.3974358974358974,0.7948717948717948,0.1015625,0.05078125,0.7083333333333334,0.5862068965517241,0.03125,0.037760416666666664,0.8571428571428571,0.6666666666666666,0.018229166666666668,0.0234375,1.0,0.6,0.00390625,0.006510416666666667,1.0,1.0,0.00390625,0.00390625,1.0,1.0,0.00390625,0.00390625,1.0,1.0,0.00390625,0.00390625
800,0.06078263744711876,0.047404379220482296,1536,96,0.01444503664970398,0.047137510031461716,0.0075068105943500996,0.3854166666666667,0.01575522351954343,0.17578125,0.22756410256410256,0.6761904761904762,0.203125,0.068359375,0.4659090909090909,0.6612903225806451,0.057291666666666664,0.040364583333333336,0.6744186046511628,0.7073170731707317,0.027994791666666668,0.026692708333333332,0.9285714285714286,0.7647058823529411,0.009114583333333334,0.011067708333333334,1.0,1.0,0.006510416666666667,0.006510416666666667,0.625,1.0,0.005208333333333333,0.0032552083333333335,1.0,0.75,0.001953125,0.0026041666666666665,768,48,0.010124155320227146,0.047933660447597504,0.0050550661981105804,0.5,0.012683063116654125,0.16796875,0.3707865168539326,0.8461538461538461,0.11588541666666667,0.05078125,0.6923076923076923,0.6206896551724138,0.033854166666666664,0.037760416666666664,0.8666666666666667,0.7222222222222222,0.01953125,0.0234375,0.8,0.8,0.006510416666666667,0.006510416666666667,1.0,1.0,0.00390625,0.00390625,1.0,1.0,0.00390625,0.00390625,1.0,1.0,0.00390625,0.00390625
850,0.03996013104915619,0.044291455485789395,1536,96,0.01290645357221365,0.044576358050107956,0.005376018118113279,0.40625,0.015278410779454058,0.17578125,0.2897959183673469,0.6761904761904762,0.15950520833333334,0.068359375,0.5616438356164384,0.6612903225806451,0.047526041666666664,0.040364583333333336,0.725,0.7073170731707317,0.026041666666666668,0.026692708333333332,0.9230769230769231,0.7058823529411765,0.008463541666666666,0.011067708333333334,1.0,0.9,0.005859375,0.006510416666666667,0.625,1.0,0.005208333333333333,0.0032552083333333335,1.0,0.75,0.001953125,0.0026041666666666665,768,48,0.009058631025254726,0.043716080486774445,0.0036625023931264877,0.5625,0.006091334072981643,0.16796875,0.42857142857142855,0.8461538461538461,0.10026041666666667,0.05078125,0.9,0.6206896551724138,0.026041666666666668,0.037760416666666664,0.9230769230769231,0.6666666666666666,0.016927083333333332,0.0234375,1.0,0.8,0.005208333333333333,0.006510416666666667,1.0,1.0,0.00390625,0.00390625,1.0,1.0,0.00390625,0.00390625,1.0,1.0,0.00390625,0.00390625
900,0.07697170227766037,0.043374362840609075,1536,96,0.013083214871585369,0.0436306968331337,0.006820952985435724,0.40625,0.015018797223045036,0.17578125,0.27956989247311825,0.7428571428571429,0.181640625,0.068359375,0.5308641975308642,0.6935483870967742,0.052734375,0.040364583333333336,0.7045454545454546,0.7560975609756098,0.028645833333333332,0.026692708333333332,0.9285714285714286,0.7647058823529411,0.009114583333333334,0.011067708333333334,1.0,1.0,0.006510416666666667,0.006510416666666667,0.625,1.0,0.005208333333333333,0.0032552083333333335,1.0,0.75,0.001953125,0.0026041666666666665,768,48,0.009585745632648468,0.0428570955991745,0.004845051094889641,0.6041666666666666,0.004873730787262313,0.16796875,0.4,0.8717948717948718,0.11067708333333333,0.05078125,0.8,0.6896551724137931,0.032552083333333336,0.037760416666666664,0.8666666666666667,0.7222222222222222,0.01953125,0.0234375,1.0,0.8,0.005208333333333333,0.006510416666666667,1.0,1.0,0.00390625,0.00390625,1.0,1.0,0.00390625,0.00390625,1.0,1.0,0.00390625,0.00390625
950,0.04546517878770828,0.04349841671936385,1536,96,0.012567173689603806,0.04352777823805809,0.00669826427474618,0.4270833333333333,0.014538941803598012,0.17578125,0.316,0.7523809523809524,0.16276041666666666,0.068359375,0.5733333333333334,0.6935483870967742,0.048828125,0.040364583333333336,0.7045454545454546,0.7560975609756098,0.028645833333333332,0.026692708333333332,0.9285714285714286,0.7647058823529411,0.009114583333333334,0.011067708333333334,1.0,1.0,0.006510416666666667,0.006510416666666667,0.625,1.0,0.005208333333333333,0.0032552083333333335,1.0,0.75,0.001953125,0.0026041666666666665,768,48,0.00955516379326582,0.04343963414430618,0.005025274585932493,0.6041666666666666,0.004873730787262313,0.16796875,0.40476190476190477,0.8717948717948718,0.109375,0.05078125,0.84,0.7241379310344828,0.032552083333333336,0.037760416666666664,0.8666666666666667,0.7222222222222222,0.01953125,0.0234375,0.8,0.8,0.006510416666666667,0.006510416666666667,1.0,1.0,0.00390625,0.00390625,1.0,1.0,0.00390625,0.00390625,1.0,1.0,0.00390625,0.00390625
1000,0.05608601123094559,0.04346251839455099,1536,96,0.012651506811380386,0.0435076579451561,0.00704478332772851,0.4375,0.014524282937856015,0.17578125,0.32142857142857145,0.7714285714285715,0.1640625,0.068359375,0.5844155844155844,0.7258064516129032,0.050130208333333336,0.040364583333333336,0.6888888888888889,0.7560975609756098,0.029296875,0.026692708333333332,0.9285714285714286,0.7647058823529411,0.009114583333333334,0.011067708333333334,1.0,1.0,0.006510416666666667,0.006510416666666667,0.625,1.0,0.005208333333333333,0.0032552083333333335,1.0,0.75,0.001953125,0.0026041666666666665,768,48,0.009697191417217255,0.04337209835648537,0.005292596761137247,0.6041666666666666,0.004873730787262313,0.16796875,0.40476190476190477,0.8717948717948718,0.109375,0.05078125,0.8461538461538461,0.7586206896551724,0.033854166666666664,0.037760416666666664,0.8125,0.7222222222222222,0.020833333333333332,0.0234375,1.0,0.8,0.005208333333333333,0.006510416666666667,1.0,1.0,0.00390625,0.00390625,1.0,1.0,0.00390625,0.00390625,1.0,1.0,0.00390625,0.00390625
1050,0.031122170388698578,0.0385954246105675,1536,96,0.011183802038431168,0.03945872187614441,0.004929921589791775,0.4583333333333333,0.012970519962086277,0.17578125,0.38349514563106796,0.7523809523809524,0.13411458333333334,0.068359375,0.6164383561643836,0.7258064516129032,0.047526041666666664,0.040364583333333336,0.7209302325581395,0.7560975609756098,0.027994791666666668,0.026692708333333332,0.9230769230769231,0.7058823529411765,0.008463541666666666,0.011067708333333334,1.0,1.0,0.006510416666666667,0.006510416666666667,0.7142857142857143,1.0,0.004557291666666667,0.0032552083333333335,1.0,0.75,0.001953125,0.0026041666666666665,768,48,0.008392218500375748,0.036808136850595474,0.0036039482802152634,0.625,0.004663845371448853,0.16796875,0.4657534246575342,0.8717948717948718,0.09505208333333333,0.05078125,0.9565217391304348,0.7586206896551724,0.029947916666666668,0.037760416666666664,1.0,0.7222222222222222,0.016927083333333332,0.0234375,1.0,0.8,0.005208333333333333,0.006510416666666667,1.0,1.0,0.00390625,0.00390625,1.0,1.0,0.00390625,0.00390625,1.0,1.0,0.00390625,0.00390625
1100,0.05334772169589996,0.03723068553189317,1536,96,0.010727833025157452,0.03846023976802826,0.003990530967712402,0.46875,0.012172521879572665,0.17578125,0.42473118279569894,0.7523809523809524,0.12109375,0.068359375,0.6142857142857143,0.6935483870967742,0.045572916666666664,0.040364583333333336,0.7380952380952381,0.7560975609756098,0.02734375,0.026692708333333332,0.9230769230769231,0.7058823529411765,0.008463541666666666,0.011067708333333334,1.0,0.9,0.005859375,0.006510416666666667,0.7142857142857143,1.0,0.004557291666666667,0.0032552083333333335,1.0,0.75,0.001953125,0.0026041666666666665,768,48,0.007883656769990921,0.03464089706540108,0.0028926648665219545,0.6041666666666666,0.004700799860733203,0.16796875,0.5230769230769231,0.8717948717948718,0.08463541666666667,0.05078125,0.9565217391304348,0.7586206896551724,0.029947916666666668,0.037760416666666664,1.0,0.7222222222222222,0.016927083333333332,0.0234375,1.0,0.6,0.00390625,0.006510416666666667,1.0,1.0,0.00390625,0.00390625,1.0,1.0,0.00390625,0.00390625,1.0,1.0,0.00390625,0.00390625
1150,0.03621964156627655,0.04015144826663914,1536,96,0.01068463921546936,0.04029528796672821,0.005322394892573357,0.4791666666666667,0.011848339989266302,0.17578125,0.4340659340659341,0.7523809523809524,0.11848958333333333,0.068359375,0.6575342465753424,0.7741935483870968,0.047526041666666664,0.040364583333333336,0.7380952380952381,0.7560975609756098,0.02734375,0.026692708333333332,0.8666666666666667,0.7647058823529411,0.009765625,0.011067708333333334,1.0,1.0,0.006510416666666667,0.006510416666666667,0.625,1.0,0.005208333333333333,0.0032552083333333335,1.0,0.75,0.001953125,0.0026041666666666665,768,48,0.008524630218744278,0.03986221179366112,0.004005001857876778,0.625,0.004663845371448853,0.16796875,0.5147058823529411,0.8974358974358975,0.08854166666666667,0.05078125,0.9583333333333334,0.7931034482758621,0.03125,0.037760416666666664,0.7647058823529411,0.7222222222222222,0.022135416666666668,0.0234375,1.0,0.8,0.005208333333333333,0.006510416666666667,1.0,1.0,0.00390625,0.00390625,1.0,1.0,0.00390625,0.00390625,1.0,1.0,0.00390625,0.00390625
1200,0.08527578413486481,0.0376541728574246,1536,96,0.010679710656404495,0.03805334493517876,0.005321726202964783,0.4791666666666667,0.011848339989266302,0.17578125,0.40404040404040403,0.7619047619047619,0.12890625,0.068359375,0.6533333333333333,0.7903225806451613,0.048828125,0.040364583333333336,0.7209302325581395,0.7560975609756098,0.027994791666666668,0.026692708333333332,0.8571428571428571,0.7058823529411765,0.009114583333333334,0.011067708333333334,1.0,1.0,0.006510416666666667,0.006510416666666667,0.7142857142857143,1.0,0.004557291666666667,0.0032552083333333335,1.0,0.75,0.001953125,0.0026041666666666665,768,48,0.00857615564018488,0.03684285655617714,0.004148727748543024,0.6458333333333334,0.002286685361520805,0.16796875,0.5,0.8974358974358975,0.09114583333333333,0.05078125,0.92,0.7931034482758621,0.032552083333333336,0.037760416666666664,0.7222222222222222,0.7222222222222222,0.0234375,0.0234375,1.0,0.8,0.005208333333333333,0.006510416666666667,1.0,1.0,0.00390625,0.00390625,1.0,1.0,0.00390625,0.00390625,1.0,1.0,0.00390625,0.00390625
1250,0.02402409166097641,0.03647003808106352,1536,96,0.009918730705976486,0.03694219887256622,0.004471892490983009,0.4791666666666667,0.011848339989266302,0.17578125,0.46745562130177515,0.7523809523809524,0.11002604166666667,0.068359375,0.6805555555555556,0.7903225806451613,0.046875,0.040364583333333336,0.775,0.7560975609756098,0.026041666666666668,0.026692708333333332,0.8571428571428571,0.7058823529411765,0.009114583333333334,0.011067708333333334,1.0,1.0,0.006510416666666667,0.006510416666666667,0.7142857142857143,1.0,0.004557291666666667,0.0032552083333333335,1.0,0.75,0.001953125,0.0026041666666666665,768,48,0.007957094348967075,0.03550688549876213,0.003339142771437764,0.5833333333333334,0.005534181778836948,0.16796875,0.5737704918032787,0.8974358974358975,0.07942708333333333,0.05078125,0.92,0.7931034482758621,0.032552083333333336,0.037760416666666664,0.7222222222222222,0.7222222222222222,0.0234375,0.0234375,1.0,0.6,0.00390625,0.006510416666666667,1.0,1.0,0.00390625,0.00390625,1.0,1.0,0.00390625,0.00390625,1.0,1.0,0.00390625,0.00390625
1300,0.05119571462273598,0.0360039674585266,1536,96,0.009695672430098057,0.03659013658761978,0.004219809081405401,0.5,0.011583636062558375,0.17578125,0.4906832298136646,0.7523809523809524,0.10481770833333333,0.068359375,0.676056338028169,0.7741935483870968,0.046223958333333336,0.040364583333333336,0.7560975609756098,0.7560975609756098,0.026692708333333332,0.026692708333333332,0.8571428571428571,0.7058823529411765,0.009114583333333334,0.011067708333333334,1.0,1.0,0.006510416666666667,0.006510416666666667,0.7142857142857143,1.0,0.004557291666666667,0.0032552083333333335,1.0,0.75,0.001953125,0.0026041666666666665,768,48,0.007759435102343559,0.03480202332139015,0.003159440355375409,0.6041666666666666,0.0031570217689089,0.16796875,0.6101694915254238,0.9230769230769231,0.07682291666666667,0.05078125,0.92,0.7931034482758621,0.032552083333333336,0.037760416666666664,0.7222222222222222,0.7222222222222222,0.0234375,0.0234375,1.0,0.8,0.005208333333333333,0.006510416666666667,1.0,1.0,0.00390625,0.00390625,1.0,1.0,0.00390625,0.00390625,1.0,1.0,0.00390625,0.00390625
1350,0.03534366190433502,0.037402043633427196,1536,96,0.009332011453807354,0.03757576644420624,0.004365658853203058,0.5104166666666666,0.010736778779914857,0.17578125,0.5306122448979592,0.7428571428571429,0.095703125,0.068359375,0.6714285714285714,0.7580645161290323,0.045572916666666664,0.040364583333333336,0.7804878048780488,0.7804878048780488,0.026692708333333332,0.026692708333333332,0.8666666666666667,0.7647058823529411,0.009765625,0.011067708333333334,1.0,1.0,0.006510416666666667,0.006510416666666667,0.7142857142857143,1.0,0.004557291666666667,0.0032552083333333335,1.0,0.75,0.001953125,0.0026041666666666665,768,48,0.007748838048428297,0.037052154541015625,0.0032909477595239878,0.6041666666666666,0.0031570217689089,0.16796875,0.6792452830188679,0.9230769230769231,0.06901041666666667,0.05078125,0.92,0.7931034482758621,0.032552083333333336,0.037760416666666664,0.7222222222222222,0.7222222222222222,0.0234375,0.0234375,1.0,0.8,0.005208333333333333,0.006510416666666667,1.0,1.0,0.00390625,0.00390625,1.0,1.0,0.00390625,0.00390625,1.0,1.0,0.00390625,0.00390625
1400,0.06681112945079803,0.03562087171335055,1536,96,0.009311899542808533,0.03625544160604477,0.003913636785000563,0.5104166666666666,0.01078624310688762,0.17578125,0.547945205479452,0.7619047619047619,0.09505208333333333,0.068359375,0.6714285714285714,0.7580645161290323,0.045572916666666664,0.040364583333333336,0.775,0.7560975609756098,0.026041666666666668,0.026692708333333332,0.8571428571428571,0.7058823529411765,0.009114583333333334,0.011067708333333334,1.0,1.0,0.006510416666666667,0.006510416666666667,0.7142857142857143,1.0,0.004557291666666667,0.0032552083333333335,1.0,0.75,0.001953125,0.0026041666666666665,768,48,0.007455155719071627,0.034316547214984894,0.002883560722693801,0.6041666666666666,0.0031570217689089,0.16796875,0.6666666666666666,0.8717948717948718,0.06640625,0.05078125,0.92,0.7931034482758621,0.032552083333333336,0.037760416666666664,0.7222222222222222,0.7222222222222222,0.0234375,0.0234375,1.0,0.8,0.005208333333333333,0.006510416666666667,1.0,1.0,0.00390625,0.00390625,1.0,1.0,0.00390625,0.00390625,1.0,1.0,0.00390625,0.00390625
1450,0.024165797978639603,0.03547523833551475,1536,96,0.008755653165280819,0.036082200706005096,0.0033804234117269516,0.5104166666666666,0.010736778779914857,0.17578125,0.5954198473282443,0.7428571428571429,0.08528645833333333,0.068359375,0.7121212121212122,0.7580645161290323,0.04296875,0.040364583333333336,0.8157894736842105,0.7560975609756098,0.024739583333333332,0.026692708333333332,0.8666666666666667,0.7647058823529411,0.009765625,0.011067708333333334,1.0,1.0,0.006510416666666667,0.006510416666666667,0.7142857142857143,1.0,0.004557291666666667,0.0032552083333333335,1.0,0.75,0.001953125,0.0026041666666666665,768,48,0.007092665880918503,0.03422904014587402,0.002493296517059207,0.6041666666666666,0.0031570217689089,0.16796875,0.7021276595744681,0.8461538461538461,0.061197916666666664,0.05078125,0.92,0.7931034482758621,0.032552083333333336,0.037760416666666664,0.7647058823529411,0.7222222222222222,0.022135416666666668,0.0234375,1.0,0.8,0.005208333333333333,0.006510416666666667,1.0,1.0,0.00390625,0.00390625,1.0,1.0,0.00390625,0.00390625,1.0,1.0,0.00390625,0.00390625
1500,0.043034158647060394,0.034374778856879076,1536,96,0.008847457356750965,0.03533710166811943,0.003191155381500721,0.5104166666666666,0.010736778779914857,0.17578125,0.5909090909090909,0.7428571428571429,0.0859375,0.068359375,0.6911764705882353,0.7580645161290323,0.044270833333333336,0.040364583333333336,0.7948717948717948,0.7560975609756098,0.025390625,0.026692708333333332,0.8461538461538461,0.6470588235294118,0.008463541666666666,0.011067708333333334,1.0,1.0,0.006510416666666667,0.006510416666666667,0.7142857142857143,1.0,0.004557291666666667,0.0032552083333333335,1.0,0.75,0.001953125,0.0026041666666666665,768,48,0.007027539890259504,0.03236440569162369,0.0023928771261125803,0.6041666666666666,0.0031570217689089,0.16796875,0.7021276595744681,0.8461538461538461,0.061197916666666664,0.05078125,0.92,0.7931034482758621,0.032552083333333336,0.037760416666666664,0.7647058823529411,0.7222222222222222,0.022135416666666668,0.0234375,1.0,0.8,0.005208333333333333,0.006510416666666667,1.0,1.0,0.00390625,0.00390625,1.0,1.0,0.00390625,0.00390625,1.0,1.0,0.00390625,0.00390625
1550,0.041122809052467346,0.03334280511040263,1536,96,0.008584109134972095,0.03457435965538025,0.0024237812031060457,0.5104166666666666,0.01073664667572416,0.17578125,0.6446280991735537,0.7428571428571429,0.07877604166666667,0.068359375,0.71875,0.7419354838709677,0.041666666666666664,0.040364583333333336,0.7948717948717948,0.7560975609756098,0.025390625,0.026692708333333332,0.8461538461538461,0.6470588235294118,0.008463541666666666,0.011067708333333334,1.0,1.0,0.006510416666666667,0.006510416666666667,0.7142857142857143,1.0,0.004557291666666667,0.0032552083333333335,1.0,0.75,0.001953125,0.0026041666666666665,768,48,0.0065908911637961864,0.030731990933418274,0.0017756983870640397,0.6041666666666666,0.0031570217689089,0.16796875,0.7674418604651163,0.8461538461538461,0.055989583333333336,0.05078125,0.9166666666666666,0.7586206896551724,0.03125,0.037760416666666664,0.9285714285714286,0.7222222222222222,0.018229166666666668,0.0234375,1.0,0.8,0.005208333333333333,0.006510416666666667,1.0,1.0,0.00390625,0.00390625,1.0,1.0,0.00390625,0.00390625,1.0,1.0,0.00390625,0.00390625
1600,0.023314911872148514,0.035419623791721644,1536,96,0.00861476268619299,0.03614146634936333,0.0032963755074888468,0.5104166666666666,0.010627647887342087,0.17578125,0.6475409836065574,0.7523809523809524,0.07942708333333333,0.068359375,0.71875,0.7419354838709677,0.041666666666666664,0.040364583333333336,0.7948717948717948,0.7560975609756098,0.025390625,0.026692708333333332,0.8571428571428571,0.7058823529411765,0.009114583333333334,0.011067708333333334,1.0,1.0,0.006510416666666667,0.006510416666666667,0.625,1.0,0.005208333333333333,0.0032552083333333335,1.0,0.75,0.001953125,0.0026041666666666665,768,48,0.007005414459854364,0.03392989933490753,0.0024595747236162424,0.6041666666666666,0.0031570217689089,0.16796875,0.7333333333333333,0.8461538461538461,0.05859375,0.05078125,0.92,0.7931034482758621,0.032552083333333336,0.037760416666666664,0.7222222222222222,0.7222222222222222,0.0234375,0.0234375,1.0,0.8,0.005208333333333333,0.006510416666666667,1.0,1.0,0.00390625,0.00390625,1.0,1.0,0.00390625,0.00390625,1.0,1.0,0.00390625,0.00390625
1650,0.04931380972266197,0.03534269943160909,1536,96,0.008614893071353436,0.03612081706523895,0.0032590848859399557,0.5104166666666666,0.010627647887342087,0.17578125,0.6451612903225806,0.7619047619047619,0.08072916666666667,0.068359375,0.7076923076923077,0.7419354838709677,0.042317708333333336,0.040364583333333336,0.8,0.7804878048780488,0.026041666666666668,0.026692708333333332,0.8571428571428571,0.7058823529411765,0.009114583333333334,0.011067708333333334,1.0,1.0,0.006510416666666667,0.006510416666666667,0.625,1.0,0.005208333333333333,0.0032552083333333335,1.0,0.75,0.001953125,0.0026041666666666665,768,48,0.006946933921426535,0.03373266011476517,0.0023872170131653547,0.6041666666666666,0.0031570217689089,0.16796875,0.7333333333333333,0.8461538461538461,0.05859375,0.05078125,0.92,0.7931034482758621,0.032552083333333336,0.037760416666666664,0.7222222222222222,0.7222222222222222,0.0234375,0.0234375,1.0,0.8,0.005208333333333333,0.006510416666666667,1.0,1.0,0.00390625,0.00390625,1.0,1.0,0.00390625,0.00390625,1.0,1.0,0.00390625,0.00390625
1700,0.051516879349946976,0.03281064115517406,1536,96,0.008374984376132488,0.03437650576233864,0.0019054230069741607,0.5104166666666666,0.01062751578315139,0.17578125,0.6782608695652174,0.7428571428571429,0.07486979166666667,0.068359375,0.7258064516129032,0.7258064516129032,0.040364583333333336,0.040364583333333336,0.7948717948717948,0.7560975609756098,0.025390625,0.026692708333333332,0.8461538461538461,0.6470588235294118,0.008463541666666666,0.011067708333333334,1.0,0.9,0.005859375,0.006510416666666667,0.7142857142857143,1.0,0.004557291666666667,0.0032552083333333335,1.0,0.75,0.001953125,0.0026041666666666665,768,48,0.006279012653976679,0.029430022463202477,0.0013053383445367217,0.6041666666666666,0.0031570217689089,0.16796875,0.7619047619047619,0.8205128205128205,0.0546875,0.05078125,0.9565217391304348,0.7586206896551724,0.029947916666666668,0.037760416666666664,0.9285714285714286,0.7222222222222222,0.018229166666666668,0.0234375,1.0,0.6,0.00390625,0.006510416666666667,1.0,1.0,0.00390625,0.00390625,1.0,1.0,0.00390625,0.00390625,1.0,1.0,0.00390625,0.00390625
1750,0.0533067062497139,0.03476203314022795,1536,96,0.00877790991216898,0.0358777679502964,0.003348839469254017,0.5208333333333334,0.010622312200164666,0.17578125,0.6201550387596899,0.7619047619047619,0.083984375,0.068359375,0.7121212121212122,0.7580645161290323,0.04296875,0.040364583333333336,0.8,0.7804878048780488,0.026041666666666668,0.026692708333333332,0.8,0.7058823529411765,0.009765625,0.011067708333333334,1.0,1.0,0.006510416666666667,0.006510416666666667,0.625,1.0,0.005208333333333333,0.0032552083333333335,1.0,0.75,0.001953125,0.0026041666666666665,768,48,0.006973025854676962,0.03241555765271187,0.002416917122900486,0.625,0.0023236398508051557,0.16796875,0.7333333333333333,0.8461538461538461,0.05859375,0.05078125,0.9230769230769231,0.8275862068965517,0.033854166666666664,0.037760416666666664,0.7647058823529411,0.7222222222222222,0.022135416666666668,0.0234375,1.0,0.8,0.005208333333333333,0.006510416666666667,1.0,1.0,0.00390625,0.00390625,1.0,1.0,0.00390625,0.00390625,1.0,1.0,0.00390625,0.00390625
1800,0.017971500754356384,0.03362839468799702,1536,96,0.008526526391506195,0.0350719690322876,0.0028307344764471054,0.5208333333333334,0.010622312200164666,0.17578125,0.6611570247933884,0.7619047619047619,0.07877604166666667,0.068359375,0.734375,0.7580645161290323,0.041666666666666664,0.040364583333333336,0.7948717948717948,0.7560975609756098,0.025390625,0.026692708333333332,0.8571428571428571,0.7058823529411765,0.009114583333333334,0.011067708333333334,1.0,1.0,0.006510416666666667,0.006510416666666667,0.625,1.0,0.005208333333333333,0.0032552083333333335,1.0,0.75,0.001953125,0.0026041666666666665,768,48,0.006627217400819063,0.030537202954292297,0.001955520361661911,0.625,0.002496570777334265,0.16796875,0.7674418604651163,0.8461538461538461,0.055989583333333336,0.05078125,0.92,0.7931034482758621,0.032552083333333336,0.037760416666666664,0.8125,0.7222222222222222,0.020833333333333332,0.0234375,1.0,0.8,0.005208333333333333,0.006510416666666667,1.0,1.0,0.00390625,0.00390625,1.0,1.0,0.00390625,0.00390625,1.0,1.0,0.00390625,0.00390625
1850,0.027311580255627632,0.03453706603361185,1536,96,0.008767603896558285,0.03596637398004532,0.0031484803184866905,0.53125,0.01060749011165285,0.17578125,0.6349206349206349,0.7619047619047619,0.08203125,0.068359375,0.7121212121212122,0.7580645161290323,0.04296875,0.040364583333333336,0.7948717948717948,0.7560975609756098,0.025390625,0.026692708333333332,0.8571428571428571,0.7058823529411765,0.009114583333333334,0.011067708333333334,1.0,1.0,0.006510416666666667,0.006510416666666667,0.625,1.0,0.005208333333333333,0.0032552083333333335,1.0,0.75,0.001953125,0.0026041666666666665,768,48,0.006880884524434805,0.03148438781499863,0.002262591850012541,0.6666666666666666,0.001942438613615612,0.16796875,0.75,0.8461538461538461,0.057291666666666664,0.05078125,0.9230769230769231,0.8275862068965517,0.033854166666666664,0.037760416666666664,0.8125,0.7222222222222222,0.020833333333333332,0.0234375,1.0,0.8,0.005208333333333333,0.006510416666666667,1.0,1.0,0.00390625,0.00390625,1.0,1.0,0.00390625,0.00390625,1.0,1.0,0.00390625,0.00390625
1900,0.03630978241562843,0.035427879318088024,1536,96,0.008696937002241611,0.03644619509577751,0.0034739982802420855,0.53125,0.009494290368773287,0.17578125,0.64,0.7619047619047619,0.08138020833333333,0.068359375,0.7121212121212122,0.7580645161290323,0.04296875,0.040364583333333336,0.7857142857142857,0.8048780487804879,0.02734375,0.026692708333333332,0.8125,0.7647058823529411,0.010416666666666666,0.011067708333333334,1.0,1.0,0.006510416666666667,0.006510416666666667,0.625,1.0,0.005208333333333333,0.0032552083333333335,1.0,0.75,0.001953125,0.0026041666666666665,768,48,0.007085252087563276,0.03329795226454735,0.0025662078987807035,0.6458333333333334,0.0019598188439384026,0.16796875,0.7391304347826086,0.8717948717948718,0.059895833333333336,0.05078125,0.9230769230769231,0.8275862068965517,0.033854166666666664,0.037760416666666664,0.7647058823529411,0.7222222222222222,0.022135416666666668,0.0234375,1.0,0.8,0.005208333333333333,0.006510416666666667,1.0,1.0,0.00390625,0.00390625,1.0,1.0,0.00390625,0.00390625,1.0,1.0,0.00390625,0.00390625
1950,0.026791032403707504,0.031994221899450434,1536,96,0.007998098619282246,0.03433705493807793,2.85574933513999e-05,0.53125,0.009494290368773287,0.17578125,0.7142857142857143,0.7142857142857143,0.068359375,0.068359375,0.75,0.6774193548387096,0.036458333333333336,0.040364583333333336,0.8378378378378378,0.7560975609756098,0.024088541666666668,0.026692708333333332,0.9166666666666666,0.6470588235294118,0.0078125,0.011067708333333334,1.0,0.8,0.005208333333333333,0.006510416666666667,0.8333333333333334,1.0,0.00390625,0.0032552083333333335,1.0,0.75,0.001953125,0.0026041666666666665,768,48,0.005763281136751175,0.0266987644135952,-0.00011953005014220253,0.6666666666666666,0.001942438613615612,0.16796875,0.8378378378378378,0.7948717948717948,0.048177083333333336,0.05078125,1.0,0.6206896551724138,0.0234375,0.037760416666666664,0.9230769230769231,0.6666666666666666,0.016927083333333332,0.0234375,1.0,0.6,0.00390625,0.006510416666666667,1.0,1.0,0.00390625,0.00390625,1.0,1.0,0.00390625,0.00390625,1.0,1.0,0.00390625,0.00390625
2000,0.029651617631316185,0.032721478522323794,1536,96,0.008389633148908615,0.034380264580249786,0.0022840434685349464,0.53125,0.009494290368773287,0.17578125,0.6869565217391305,0.7523809523809524,0.07486979166666667,0.068359375,0.746031746031746,0.7580645161290323,0.041015625,0.040364583333333336,0.7948717948717948,0.7560975609756098,0.025390625,0.026692708333333332,0.7857142857142857,0.6470588235294118,0.009114583333333334,0.011067708333333334,1.0,1.0,0.006510416666666667,0.006510416666666667,0.7142857142857143,1.0,0.004557291666666667,0.0032552083333333335,1.0,0.75,0.001953125,0.0026041666666666665,768,48,0.006393528077751398,0.029121818020939827,0.001482721883803606,0.6458333333333334,0.002479190547011475,0.16796875,0.7804878048780488,0.8205128205128205,0.053385416666666664,0.05078125,0.9545454545454546,0.7241379310344828,0.028645833333333332,0.037760416666666664,0.9285714285714286,0.7222222222222222,0.018229166666666668,0.0234375,1.0,0.6,0.00390625,0.006510416666666667,1.0,1.0,0.00390625,0.00390625,1.0,1.0,0.00390625,0.00390625,1.0,1.0,0.00390625,0.00390625
2050,0.02454131655395031,0.03206607283833428,1536,96,0.008174301125109196,0.03397485241293907,0.0016618178924545646,0.5208333333333334,0.010622312200164666,0.17578125,0.6964285714285714,0.7428571428571429,0.07291666666666667,0.068359375,0.7540983606557377,0.7419354838709677,0.039713541666666664,0.040364583333333336,0.8157894736842105,0.7560975609756098,0.024739583333333332,0.026692708333333332,0.8461538461538461,0.6470588235294118,0.008463541666666666,0.011067708333333334,1.0,0.9,0.005859375,0.006510416666666667,0.7142857142857143,1.0,0.004557291666666667,0.0032552083333333335,1.0,0.75,0.001953125,0.0026041666666666665,768,48,0.006054265424609184,0.02785889245569706,0.0009378798422403634,0.6458333333333334,0.002479190547011475,0.16796875,0.7804878048780488,0.8205128205128205,0.053385416666666664,0.05078125,1.0,0.7241379310344828,0.02734375,0.037760416666666664,0.9285714285714286,0.7222222222222222,0.018229166666666668,0.0234375,1.0,0.6,0.00390625,0.006510416666666667,1.0,1.0,0.00390625,0.00390625,1.0,1.0,0.00390625,0.00390625,1.0,1.0,0.00390625,0.00390625
2100,0.04613999277353287,0.03426453781059324,1536,96,0.008575438521802425,0.03581209480762482,0.002827809425070882,0.5,0.010801866128484031,0.17578125,0.6583333333333333,0.7523809523809524,0.078125,0.068359375,0.734375,0.7580645161290323,0.041666666666666664,0.040364583333333336,0.8,0.7804878048780488,0.026041666666666668,0.026692708333333332,0.8,0.7058823529411765,0.009765625,0.011067708333333334,1.0,1.0,0.006510416666666667,0.006510416666666667,0.625,1.0,0.005208333333333333,0.0032552083333333335,1.0,0.75,0.001953125,0.0026041666666666665,768,48,0.006635304540395737,0.030938057228922844,0.0018679279601201415,0.6458333333333334,0.002479190547011475,0.16796875,0.7619047619047619,0.8205128205128205,0.0546875,0.05078125,0.9545454545454546,0.7241379310344828,0.028645833333333332,0.037760416666666664,0.8666666666666667,0.7222222222222222,0.01953125,0.0234375,1.0,0.8,0.005208333333333333,0.006510416666666667,1.0,1.0,0.00390625,0.00390625,1.0,1.0,0.00390625,0.00390625,1.0,1.0,0.00390625,0.00390625
2150,0.04679057374596596,0.03541904480619079,1536,96,0.009014875628054142,0.03710613399744034,0.0036553468089550734,0.5,0.010801866128484031,0.17578125,0.6201550387596899,0.7619047619047619,0.083984375,0.068359375,0.6811594202898551,0.7580645161290323,0.044921875,0.040364583333333336,0.7857142857142857,0.8048780487804879,0.02734375,0.026692708333333332,0.8,0.7058823529411765,0.009765625,0.011067708333333334,0.9090909090909091,1.0,0.007161458333333333,0.006510416666666667,0.625,1.0,0.005208333333333333,0.0032552083333333335,1.0,0.75,0.001953125,0.0026041666666666665,768,48,0.006997504737228155,0.031777285039424896,0.0023837957996875048,0.6458333333333334,0.002479190547011475,0.16796875,0.6808510638297872,0.8205128205128205,0.061197916666666664,0.05078125,0.92,0.7931034482758621,0.032552083333333336,0.037760416666666664,0.8125,0.7222222222222222,0.020833333333333332,0.0234375,1.0,0.8,0.005208333333333333,0.006510416666666667,1.0,1.0,0.00390625,0.00390625,1.0,1.0,0.00390625,0.00390625,1.0,1.0,0.00390625,0.00390625
2200,0.02632773295044899,0.03336758595783347,1536,96,0.008530492894351482,0.03541245684027672,0.002493160543963313,0.5104166666666666,0.010728984471474709,0.17578125,0.6528925619834711,0.7523809523809524,0.07877604166666667,0.068359375,0.7230769230769231,0.7580645161290323,0.042317708333333336,0.040364583333333336,0.8205128205128205,0.7804878048780488,0.025390625,0.026692708333333332,0.7857142857142857,0.6470588235294118,0.009114583333333334,0.011067708333333334,1.0,0.9,0.005859375,0.006510416666666667,0.625,1.0,0.005208333333333333,0.0032552083333333335,1.0,0.75,0.001953125,0.0026041666666666665,768,48,0.006410838570445776,0.028846198692917824,0.0015062331221997738,0.625,0.002496570777334265,0.16796875,0.7619047619047619,0.8205128205128205,0.0546875,0.05078125,0.9545454545454546,0.7241379310344828,0.028645833333333332,0.037760416666666664,0.9285714285714286,0.7222222222222222,0.018229166666666668,0.0234375,1.0,0.6,0.00390625,0.006510416666666667,1.0,1.0,0.00390625,0.00390625,1.0,1.0,0.00390625,0.00390625,1.0,1.0,0.00390625,0.00390625
2250,0.02362678200006485,0.03435869607187461,1536,96,0.008753927424550056,0.03632640093564987,0.0030667094979435205,0.53125,0.009208058493896942,0.17578125,0.6422764227642277,0.7523809523809524,0.080078125,0.068359375,0.7014925373134329,0.7580645161290323,0.043619791666666664,0.040364583333333336,0.8205128205128205,0.7804878048780488,0.025390625,0.026692708333333332,0.8,0.7058823529411765,0.009765625,0.011067708333333334,0.9090909090909091,1.0,0.007161458333333333,0.006510416666666667,0.625,1.0,0.005208333333333333,0.0032552083333333335,1.0,0.75,0.001953125,0.0026041666666666665,768,48,0.006666210014373064,0.03003906086087227,0.001875989488326013,0.625,0.002496570777334265,0.16796875,0.7619047619047619,0.8205128205128205,0.0546875,0.05078125,0.9565217391304348,0.7586206896551724,0.029947916666666668,0.037760416666666664,0.8125,0.7222222222222222,0.020833333333333332,0.0234375,1.0,0.6,0.00390625,0.006510416666666667,1.0,1.0,0.00390625,0.00390625,1.0,1.0,0.00390625,0.00390625,1.0,1.0,0.00390625,0.00390625
2300,0.06188714876770973,0.03430317146748936,1536,96,0.008874177001416683,0.036765798926353455,0.002712878165766597,0.5208333333333334,0.009816988380360195,0.17578125,0.625,0.7619047619047619,0.08333333333333333,0.068359375,0.7301587301587301,0.7419354838709677,0.041015625,0.040364583333333336,0.8205128205128205,0.7804878048780488,0.025390625,0.026692708333333332,0.7857142857142857,0.6470588235294118,0.009114583333333334,0.011067708333333334,0.9,0.9,0.006510416666666667,0.006510416666666667,0.625,1.0,0.005208333333333333,0.0032552083333333335,1.0,0.75,0.001953125,0.0026041666666666665,768,48,0.006519733462482691,0.028751952573657036,0.0015174105064943433,0.625,0.002496570777334265,0.16796875,0.7111111111111111,0.8205128205128205,0.05859375,0.05078125,0.9565217391304348,0.7586206896551724,0.029947916666666668,0.037760416666666664,0.8666666666666667,0.7222222222222222,0.01953125,0.0234375,1.0,0.6,0.00390625,0.006510416666666667,1.0,1.0,0.00390625,0.00390625,1.0,1.0,0.00390625,0.00390625,1.0,1.0,0.00390625,0.00390625
2350,0.04246224835515022,0.034094002510033285,1536,96,0.008805905468761921,0.03650768846273422,0.002732256194576621,0.5208333333333334,0.009707857487787427,0.17578125,0.632,0.7523809523809524,0.08138020833333333,0.068359375,0.71875,0.7419354838709677,0.041666666666666664,0.040364583333333336,0.8205128205128205,0.7804878048780488,0.025390625,0.026692708333333332,0.7857142857142857,0.6470588235294118,0.009114583333333334,0.011067708333333334,0.9,0.9,0.006510416666666667,0.006510416666666667,0.625,1.0,0.005208333333333333,0.0032552083333333335,1.0,0.75,0.001953125,0.0026041666666666665,768,48,0.006536494940519333,0.02866322360932827,0.0015518609434366226,0.625,0.002496570777334265,0.16796875,0.7111111111111111,0.8205128205128205,0.05859375,0.05078125,0.9565217391304348,0.7586206896551724,0.029947916666666668,0.037760416666666664,0.8666666666666667,0.7222222222222222,0.01953125,0.0234375,1.0,0.6,0.00390625,0.006510416666666667,1.0,1.0,0.00390625,0.00390625,1.0,1.0,0.00390625,0.00390625,1.0,1.0,0.00390625,0.00390625
2400,0.037731070071458817,0.03521822437242386,1536,96,0.009095627814531326,0.03769905865192413,0.003441894194111228,0.5208333333333334,0.009532372488394003,0.17578125,0.6106870229007634,0.7619047619047619,0.08528645833333333,0.068359375,0.6811594202898551,0.7580645161290323,0.044921875,0.040364583333333336,0.8292682926829268,0.8292682926829268,0.026692708333333332,0.026692708333333332,0.8,0.7058823529411765,0.009765625,0.011067708333333334,0.9090909090909091,1.0,0.007161458333333333,0.006510416666666667,0.625,1.0,0.005208333333333333,0.0032552083333333335,1.0,0.75,0.001953125,0.0026041666666666665,768,48,0.006772002670913935,0.029640039429068565,0.001967119984328747,0.625,0.002496570777334265,0.16796875,0.7021276595744681,0.8461538461538461,0.061197916666666664,0.05078125,0.9565217391304348,0.7586206896551724,0.029947916666666668,0.037760416666666664,0.8125,0.7222222222222222,0.020833333333333332,0.0234375,1.0,0.6,0.00390625,0.006510416666666667,1.0,1.0,0.00390625,0.00390625,1.0,1.0,0.00390625,0.00390625,1.0,1.0,0.00390625,0.00390625
2450,0.02753574401140213,0.037106667680460205,1536,96,0.009106410667300224,0.03920851647853851,0.0037878805305808783,0.5104166666666666,0.009547031354136001,0.17578125,0.6171875,0.7523809523809524,0.08333333333333333,0.068359375,0.7076923076923077,0.7419354838709677,0.042317708333333336,0.040364583333333336,0.8048780487804879,0.8048780487804879,0.026692708333333332,0.026692708333333332,0.8,0.7058823529411765,0.009765625,0.011067708333333334,0.9090909090909091,1.0,0.007161458333333333,0.006510416666666667,0.625,1.0,0.005208333333333333,0.0032552083333333335,1.0,1.0,0.0026041666666666665,0.0026041666666666665,768,48,0.006948818918317556,0.032497674226760864,0.002191472565755248,0.625,0.002496570777334265,0.16796875,0.7021276595744681,0.8461538461538461,0.061197916666666664,0.05078125,0.9565217391304348,0.7586206896551724,0.029947916666666668,0.037760416666666664,0.8125,0.7222222222222222,0.020833333333333332,0.0234375,1.0,0.8,0.005208333333333333,0.006510416666666667,1.0,1.0,0.00390625,0.00390625,1.0,1.0,0.00390625,0.00390625,1.0,1.0,0.00390625,0.00390625
2500,0.014540269039571285,0.03436387483523486,1536,96,0.00862138718366623,0.036898791790008545,0.002629494061693549,0.5416666666666666,0.007334395763441155,0.17578125,0.6370967741935484,0.7523809523809524,0.08072916666666667,0.068359375,0.7419354838709677,0.7419354838709677,0.040364583333333336,0.040364583333333336,0.825,0.8048780487804879,0.026041666666666668,0.026692708333333332,0.7857142857142857,0.6470588235294118,0.009114583333333334,0.011067708333333334,0.9,0.9,0.006510416666666667,0.006510416666666667,0.625,1.0,0.005208333333333333,0.0032552083333333335,1.0,0.75,0.001953125,0.0026041666666666665,768,48,0.006395749747753143,0.028628412634134293,0.0013108858838677406,0.625,0.002496570777334265,0.16796875,0.717391304347826,0.8461538461538461,0.059895833333333336,0.05078125,1.0,0.7586206896551724,0.028645833333333332,0.037760416666666664,0.8666666666666667,0.7222222222222222,0.01953125,0.0234375,1.0,0.6,0.00390625,0.006510416666666667,1.0,1.0,0.00390625,0.00390625,1.0,1.0,0.00390625,0.00390625,1.0,1.0,0.00390625,0.00390625
2550,0.021504173055291176,0.03629474162709228,1536,96,0.00873864907771349,0.03860674425959587,0.003183073131367564,0.5208333333333334,0.00818633298387302,0.17578125,0.6290322580645161,0.7428571428571429,0.08072916666666667,0.068359375,0.7301587301587301,0.7419354838709677,0.041015625,0.040364583333333336,0.8461538461538461,0.8048780487804879,0.025390625,0.026692708333333332,0.8,0.7058823529411765,0.009765625,0.011067708333333334,0.9090909090909091,1.0,0.007161458333333333,0.006510416666666667,0.625,1.0,0.005208333333333333,0.0032552083333333335,1.0,1.0,0.0026041666666666665,0.0026041666666666665,768,48,0.006581301335245371,0.03116028569638729,0.0015780084067955613,0.625,0.002496570777334265,0.16796875,0.7333333333333333,0.8461538461538461,0.05859375,0.05078125,1.0,0.7586206896551724,0.028645833333333332,0.037760416666666664,0.8125,0.7222222222222222,0.020833333333333332,0.0234375,1.0,0.6,0.00390625,0.006510416666666667,1.0,1.0,0.00390625,0.00390625,1.0,1.0,0.00390625,0.00390625,1.0,1.0,0.00390625,0.00390625
2600,0.02001575566828251,0.03641205269474369,1536,96,0.00904583465307951,0.03926515206694603,0.0033501319121569395,0.5104166666666666,0.008378777665664453,0.17578125,0.6046511627906976,0.7428571428571429,0.083984375,0.068359375,0.6865671641791045,0.7419354838709677,0.043619791666666664,0.040364583333333336,0.8461538461538461,0.8048780487804879,0.025390625,0.026692708333333332,0.8,0.7058823529411765,0.009765625,0.011067708333333334,0.9090909090909091,1.0,0.007161458333333333,0.006510416666666667,0.625,1.0,0.005208333333333333,0.0032552083333333335,1.0,1.0,0.0026041666666666665,0.0026041666666666665,768,48,0.006559127476066351,0.029899973422288895,0.0015504019102081656,0.625,0.002496570777334265,0.16796875,0.7021276595744681,0.8461538461538461,0.061197916666666664,0.05078125,0.9565217391304348,0.7586206896551724,0.029947916666666668,0.037760416666666664,0.8666666666666667,0.7222222222222222,0.01953125,0.0234375,1.0,0.6,0.00390625,0.006510416666666667,1.0,1.0,0.00390625,0.00390625,1.0,1.0,0.00390625,0.00390625,1.0,1.0,0.00390625,0.00390625
2650,0.028219282627105713,0.03578760714128369,1536,96,0.008809011429548264,0.038719188421964645,0.0029720086604356766,0.5104166666666666,0.008269646773091685,0.17578125,0.6046511627906976,0.7428571428571429,0.083984375,0.068359375,0.7142857142857143,0.7258064516129032,0.041015625,0.040364583333333336,0.8461538461538461,0.8048780487804879,0.025390625,0.026692708333333332,0.8,0.7058823529411765,0.009765625,0.011067708333333334,0.9,0.9,0.006510416666666667,0.006510416666666667,0.625,1.0,0.005208333333333333,0.0032552083333333335,1.0,1.0,0.0026041666666666665,0.0026041666666666665,768,48,0.0063351914286613464,0.029050083830952644,0.0012014807434752584,0.625,0.002496570777334265,0.16796875,0.717391304347826,0.8461538461538461,0.059895833333333336,0.05078125,1.0,0.7586206896551724,0.028645833333333332,0.037760416666666664,0.8666666666666667,0.7222222222222222,0.01953125,0.0234375,1.0,0.6,0.00390625,0.006510416666666667,1.0,1.0,0.00390625,0.00390625,1.0,1.0,0.00390625,0.00390625,1.0,1.0,0.00390625,0.00390625
2700,0.0458991602063179,0.03598667023119781,1536,96,0.008732534945011139,0.03882104903459549,0.0029728056397289038,0.5208333333333334,0.00818633298387302,0.17578125,0.6046511627906976,0.7428571428571429,0.083984375,0.068359375,0.7301587301587301,0.7419354838709677,0.041015625,0.040364583333333336,0.85,0.8292682926829268,0.026041666666666668,0.026692708333333332,0.8,0.7058823529411765,0.009765625,0.011067708333333334,0.9,0.9,0.006510416666666667,0.006510416666666667,0.625,1.0,0.005208333333333333,0.0032552083333333335,1.0,1.0,0.0026041666666666665,0.0026041666666666665,768,48,0.006399806588888168,0.02951226197183132,0.001313069835305214,0.625,0.002496570777334265,0.16796875,0.717391304347826,0.8461538461538461,0.059895833333333336,0.05078125,1.0,0.7586206896551724,0.028645833333333332,0.037760416666666664,0.8125,0.7222222222222222,0.020833333333333332,0.0234375,1.0,0.6,0.00390625,0.006510416666666667,1.0,1.0,0.00390625,0.00390625,1.0,1.0,0.00390625,0.00390625,1.0,1.0,0.00390625,0.00390625
2750,0.03996821120381355,0.03615880300135951,1536,96,0.008561043068766594,0.039028774946928024,0.0026153053622692823,0.5208333333333334,0.00818633298387302,0.17578125,0.6290322580645161,0.7428571428571429,0.08072916666666667,0.068359375,0.7377049180327869,0.7258064516129032,0.039713541666666664,0.040364583333333336,0.8461538461538461,0.8048780487804879,0.025390625,0.026692708333333332,0.8,0.7058823529411765,0.009765625,0.011067708333333334,0.9,0.9,0.006510416666666667,0.006510416666666667,0.625,1.0,0.005208333333333333,0.0032552083333333335,1.0,1.0,0.0026041666666666665,0.0026041666666666665,768,48,0.006229478400200605,0.029595380648970604,0.0010138301877304912,0.625,0.002496570777334265,0.16796875,0.7333333333333333,0.8461538461538461,0.05859375,0.05078125,1.0,0.7241379310344828,0.02734375,0.037760416666666664,0.8666666666666667,0.7222222222222222,0.01953125,0.0234375,1.0,0.6,0.00390625,0.006510416666666667,1.0,1.0,0.00390625,0.00390625,1.0,1.0,0.00390625,0.00390625,1.0,1.0,0.00390625,0.00390625
