step,training_loss,examples,groups,gain_log_mae_capped,gain_log_rmse_capped,gain_log_rmse_uncapped,gain_prediction_bias_log_capped,top1_accuracy_tie_aware,mean_selection_regret_log,positive_target_fraction,threshold_2_precision,threshold_2_recall,threshold_2_predicted_pass_fraction,threshold_2_true_pass_fraction,threshold_5_precision,threshold_5_recall,threshold_5_predicted_pass_fraction,threshold_5_true_pass_fraction,threshold_10_precision,threshold_10_recall,threshold_10_predicted_pass_fraction,threshold_10_true_pass_fraction,threshold_50_precision,threshold_50_recall,threshold_50_predicted_pass_fraction,threshold_50_true_pass_fraction,threshold_100_precision,threshold_100_recall,threshold_100_predicted_pass_fraction,threshold_100_true_pass_fraction
1,0.006196716334670782,2048,128,0.003574881237000227,0.007907576858997345,0.021671226248145103,0.0007665702141821384,0.78125,0.00028723352138371183,0.29638671875,1.0,0.8615384615384616,0.0546875,0.0634765625,1.0,0.8181818181818182,0.03076171875,0.03759765625,1.0,0.7916666666666666,0.0185546875,0.0234375,1.0,1.0,0.005859375,0.005859375,1.0,1.0,0.001953125,0.001953125
25,0.007228394038975239,2048,128,0.007005000486969948,0.009211511351168156,0.02218026854097843,0.004803644027560949,0.765625,0.00029004547881172904,0.29638671875,0.959349593495935,0.9076923076923077,0.06005859375,0.0634765625,0.971830985915493,0.8961038961038961,0.03466796875,0.03759765625,1.0,0.7916666666666666,0.0185546875,0.0234375,1.0,1.0,0.005859375,0.005859375,0.8,1.0,0.00244140625,0.001953125
50,0.0016346131451427937,2048,128,0.005161419045180082,0.008272103033959866,0.021806878969073296,0.002706265076994896,0.75,0.0003527778071967802,0.29638671875,0.9914529914529915,0.8923076923076924,0.05712890625,0.0634765625,0.9701492537313433,0.8441558441558441,0.03271484375,0.03759765625,1.0,0.7916666666666666,0.0185546875,0.0234375,1.0,1.0,0.005859375,0.005859375,1.0,1.0,0.001953125,0.001953125
75,0.0030352144967764616,2048,128,0.007131756283342838,0.009186893701553345,0.02217005379498005,0.005088954232633114,0.7265625,0.00039339433782981104,0.29638671875,0.9296875,0.9153846153846154,0.0625,0.0634765625,0.971830985915493,0.8961038961038961,0.03466796875,0.03759765625,1.0,0.8125,0.01904296875,0.0234375,1.0,1.0,0.005859375,0.005859375,0.8,1.0,0.00244140625,0.001953125
100,0.0035006245598196983,2048,128,0.005143049173057079,0.00796409323811531,0.021691910922527313,0.0031493077985942364,0.6875,0.0007048967935316952,0.29638671875,0.9291338582677166,0.9076923076923077,0.06201171875,0.0634765625,0.971830985915493,0.8961038961038961,0.03466796875,0.03759765625,1.0,0.8125,0.01904296875,0.0234375,1.0,1.0,0.005859375,0.005859375,0.8,1.0,0.00244140625,0.001953125
125,0.00933522917330265,2048,128,0.006132172886282206,0.0085073197260499,0.02189718559384346,0.004817422013729811,0.703125,0.0007732792959442847,0.29638671875,0.852112676056338,0.9307692307692308,0.0693359375,0.0634765625,0.9,0.935064935064935,0.0390625,0.03759765625,0.9565217391304348,0.9166666666666666,0.0224609375,0.0234375,0.9230769230769231,1.0,0.00634765625,0.005859375,0.8,1.0,0.00244140625,0.001953125
150,0.004818935878574848,2048,128,0.006531385239213705,0.008814573287963867,0.022018378600478172,0.005332961678504944,0.6796875,0.0008247299110410999,0.29638671875,0.8243243243243243,0.9384615384615385,0.072265625,0.0634765625,0.8372093023255814,0.935064935064935,0.0419921875,0.03759765625,0.9361702127659575,0.9166666666666666,0.02294921875,0.0234375,0.9230769230769231,1.0,0.00634765625,0.005859375,0.8,1.0,0.00244140625,0.001953125
175,0.0020944501738995314,2048,128,0.0027138427831232548,0.006644720211625099,0.021242989227175713,0.000905115099158138,0.6875,0.0008129447053617511,0.29638671875,0.9212598425196851,0.9,0.06201171875,0.0634765625,0.9333333333333333,0.9090909090909091,0.03662109375,0.03759765625,0.9565217391304348,0.9166666666666666,0.0224609375,0.0234375,0.9230769230769231,1.0,0.00634765625,0.005859375,0.8,1.0,0.00244140625,0.001953125
200,0.0015833020443096757,2048,128,0.0038127992302179337,0.007117230910807848,0.021395497024059296,0.0023619739804416895,0.6875,0.0007116766287564857,0.29638671875,0.8666666666666667,0.9,0.06591796875,0.0634765625,0.9102564102564102,0.922077922077922,0.0380859375,0.03759765625,0.9565217391304348,0.9166666666666666,0.0224609375,0.0234375,0.9230769230769231,1.0,0.00634765625,0.005859375,0.8,1.0,0.00244140625,0.001953125
225,0.0020303381606936455,2048,128,0.0027019937988370657,0.006639417260885239,0.021241331472992897,0.0008662308682687581,0.703125,0.0006326710631259225,0.29638671875,0.9212598425196851,0.9,0.06201171875,0.0634765625,0.9452054794520548,0.8961038961038961,0.03564453125,0.03759765625,0.9777777777777777,0.9166666666666666,0.02197265625,0.0234375,0.9230769230769231,1.0,0.00634765625,0.005859375,0.8,1.0,0.00244140625,0.001953125
250,0.0020053000189363956,2048,128,0.0026315180584788322,0.006693541072309017,0.021258311346173286,0.0007065333193168044,0.6953125,0.0006460627414770492,0.29638671875,0.9186991869918699,0.8692307692307693,0.06005859375,0.0634765625,0.9452054794520548,0.8961038961038961,0.03564453125,0.03759765625,1.0,0.8958333333333334,0.02099609375,0.0234375,0.9230769230769231,1.0,0.00634765625,0.005859375,0.8,1.0,0.00244140625,0.001953125
275,0.0014078198000788689,2048,128,0.0026907052379101515,0.006736484356224537,0.021271871402859688,0.0007609095191583037,0.6875,0.0006978122478034088,0.29638671875,0.9262295081967213,0.8692307692307693,0.0595703125,0.0634765625,0.9452054794520548,0.8961038961038961,0.03564453125,0.03759765625,1.0,0.8958333333333334,0.02099609375,0.0234375,0.9230769230769231,1.0,0.00634765625,0.005859375,0.8,1.0,0.00244140625,0.001953125
300,0.0010625096037983894,2048,128,0.00278741167858243,0.006601483561098576,0.02122950367629528,0.0010837543522939086,0.6953125,0.0006471110067098884,0.29638671875,0.9140625,0.9,0.0625,0.0634765625,0.9210526315789473,0.9090909090909091,0.037109375,0.03759765625,0.9777777777777777,0.9166666666666666,0.02197265625,0.0234375,0.9230769230769231,1.0,0.00634765625,0.005859375,0.8,1.0,0.00244140625,0.001953125
325,0.0022547522094100714,2048,128,0.002865489572286606,0.006621619686484337,0.02123577520251274,0.0012920890003442764,0.671875,0.0007534606272332489,0.29638671875,0.9,0.9,0.0634765625,0.0634765625,0.9102564102564102,0.922077922077922,0.0380859375,0.03759765625,0.9565217391304348,0.9166666666666666,0.0224609375,0.0234375,0.9230769230769231,1.0,0.00634765625,0.005859375,0.8,1.0,0.00244140625,0.001953125
350,0.0026021033991128206,2048,128,0.002028813585639,0.00630398141220212,0.021138887852430344,0.00017957018280867487,0.671875,0.000752573446535898,0.29638671875,0.9112903225806451,0.8692307692307693,0.060546875,0.0634765625,0.9210526315789473,0.9090909090909091,0.037109375,0.03759765625,0.9777777777777777,0.9166666666666666,0.02197265625,0.0234375,0.9230769230769231,1.0,0.00634765625,0.005859375,0.8,1.0,0.00244140625,0.001953125
375,0.0014978664694353938,2048,128,0.0022827701177448034,0.0064537120051681995,0.02118401974439621,0.0003891203086823225,0.6796875,0.000919466924616863,0.29638671875,0.9112903225806451,0.8692307692307693,0.060546875,0.0634765625,0.9333333333333333,0.9090909090909091,0.03662109375,0.03759765625,0.9777777777777777,0.9166666666666666,0.02197265625,0.0234375,0.9230769230769231,1.0,0.00634765625,0.005859375,0.8,1.0,0.00244140625,0.001953125
400,0.0019182419637218118,2048,128,0.002886999398469925,0.006597017403692007,0.021228116005659103,0.00130673055537045,0.6875,0.000655834402389921,0.29638671875,0.9,0.9,0.0634765625,0.0634765625,0.9090909090909091,0.9090909090909091,0.03759765625,0.03759765625,0.9777777777777777,0.9166666666666666,0.02197265625,0.0234375,0.9230769230769231,1.0,0.00634765625,0.005859375,0.8,1.0,0.00244140625,0.001953125
425,0.0010402523912489414,2048,128,0.0024080793373286724,0.006342699751257896,0.021150466054677963,0.0007740476867184043,0.6875,0.0007779366707465485,0.29638671875,0.905511811023622,0.8846153846153846,0.06201171875,0.0634765625,0.9090909090909091,0.9090909090909091,0.03759765625,0.03759765625,0.9777777777777777,0.9166666666666666,0.02197265625,0.0234375,0.9230769230769231,1.0,0.00634765625,0.005859375,0.8,1.0,0.00244140625,0.001953125
450,0.002036681631579995,2048,128,0.003713390091434121,0.007014763541519642,0.02136163040995598,0.0023467785213142633,0.6875,0.0008180167704123775,0.29638671875,0.8832116788321168,0.9307692307692308,0.06689453125,0.0634765625,0.9102564102564102,0.922077922077922,0.0380859375,0.03759765625,0.9777777777777777,0.9166666666666666,0.02197265625,0.0234375,0.9230769230769231,1.0,0.00634765625,0.005859375,0.8,1.0,0.00244140625,0.001953125
475,0.0014375048922374845,2048,128,0.004119418561458588,0.007320331409573555,0.021463913843035698,0.002791270613670349,0.6796875,0.0008697392687819772,0.29638671875,0.8705035971223022,0.9307692307692308,0.06787109375,0.0634765625,0.9102564102564102,0.922077922077922,0.0380859375,0.03759765625,0.9777777777777777,0.9166666666666666,0.02197265625,0.0234375,0.9230769230769231,1.0,0.00634765625,0.005859375,0.8,1.0,0.00244140625,0.001953125
500,0.0010924591915681958,2048,128,0.0016146241687238216,0.006222576834261417,0.02111475169658661,-0.0005529505433514714,0.6796875,0.0008323210826601812,0.29638671875,0.9658119658119658,0.8692307692307693,0.05712890625,0.0634765625,0.9333333333333333,0.9090909090909091,0.03662109375,0.03759765625,1.0,0.875,0.0205078125,0.0234375,0.9230769230769231,1.0,0.00634765625,0.005859375,0.8,1.0,0.00244140625,0.001953125
525,0.0009585053194314241,2048,128,0.0017265166388824582,0.006260961294174194,0.021126097068190575,-0.0004386802902445197,0.6875,0.0007961091505335194,0.29638671875,0.9661016949152542,0.8769230769230769,0.0576171875,0.0634765625,0.9333333333333333,0.9090909090909091,0.03662109375,0.03759765625,1.0,0.8958333333333334,0.02099609375,0.0234375,1.0,1.0,0.005859375,0.005859375,0.8,1.0,0.00244140625,0.001953125
550,0.0035544070415198803,2048,128,0.002409582491964102,0.006280403584241867,0.021131867542862892,0.0006926679634489119,0.6953125,0.0007340279436531816,0.29638671875,0.9133858267716536,0.8923076923076924,0.06201171875,0.0634765625,0.922077922077922,0.922077922077922,0.03759765625,0.03759765625,0.9777777777777777,0.9166666666666666,0.02197265625,0.0234375,0.9230769230769231,1.0,0.00634765625,0.005859375,0.8,1.0,0.00244140625,0.001953125
575,0.0015111661050468683,2048,128,0.0023683132603764534,0.006213270127773285,0.02111200988292694,0.00072540866676718,0.6875,0.0007795723700239066,0.29638671875,0.9069767441860465,0.9,0.06298828125,0.0634765625,0.9102564102564102,0.922077922077922,0.0380859375,0.03759765625,0.9777777777777777,0.9166666666666666,0.02197265625,0.0234375,0.9230769230769231,1.0,0.00634765625,0.005859375,0.8,1.0,0.00244140625,0.001953125
600,0.0013748701894655824,2048,128,0.0015066750347614288,0.006140359211713076,0.021090669557452202,-0.0006921935128048062,0.6953125,0.0008254075625713231,0.29638671875,0.9743589743589743,0.8769230769230769,0.05712890625,0.0634765625,0.9333333333333333,0.9090909090909091,0.03662109375,0.03759765625,0.9767441860465116,0.875,0.02099609375,0.0234375,0.9230769230769231,1.0,0.00634765625,0.005859375,0.8,1.0,0.00244140625,0.001953125
625,0.004399127326905727,2048,128,0.0033940630964934826,0.006842095870524645,0.02130555361509323,0.002112853340804577,0.6796875,0.0007823066308985105,0.29638671875,0.8705035971223022,0.9307692307692308,0.06787109375,0.0634765625,0.8765432098765432,0.922077922077922,0.03955078125,0.03759765625,0.9565217391304348,0.9166666666666666,0.0224609375,0.0234375,0.9230769230769231,1.0,0.00634765625,0.005859375,0.8,1.0,0.00244140625,0.001953125
650,0.004742478020489216,2048,128,0.004435252398252487,0.007512249518185854,0.02153012342751026,0.0032772140111774206,0.6796875,0.0008434562197718876,0.29638671875,0.8287671232876712,0.9307692307692308,0.0712890625,0.0634765625,0.8765432098765432,0.922077922077922,0.03955078125,0.03759765625,0.9565217391304348,0.9166666666666666,0.0224609375,0.0234375,0.9230769230769231,1.0,0.00634765625,0.005859375,0.8,1.0,0.00244140625,0.001953125
675,0.0002288351533934474,2048,128,0.0016043006908148527,0.005938666872680187,0.02103283256292343,-0.00035367271630093455,0.6796875,0.0008277323146457238,0.29638671875,0.95,0.8769230769230769,0.05859375,0.0634765625,0.9210526315789473,0.9090909090909091,0.037109375,0.03759765625,0.9777777777777777,0.9166666666666666,0.02197265625,0.0234375,0.9230769230769231,1.0,0.00634765625,0.005859375,0.8,1.0,0.00244140625,0.001953125
700,0.001440280582755804,2048,128,0.001496519660577178,0.006037888117134571,0.021061064675450325,-0.000662797421682626,0.6796875,0.0008341884687779189,0.29638671875,0.9743589743589743,0.8769230769230769,0.05712890625,0.0634765625,0.9459459459459459,0.9090909090909091,0.0361328125,0.03759765625,0.9761904761904762,0.8541666666666666,0.0205078125,0.0234375,0.9230769230769231,1.0,0.00634765625,0.005859375,0.8,1.0,0.00244140625,0.001953125
725,0.004002701956778765,2048,128,0.0016686392482370138,0.006032715085893869,0.021059582009911537,-0.0003356286615598947,0.6953125,0.0005378293851405758,0.29638671875,0.9661016949152542,0.8769230769230769,0.0576171875,0.0634765625,0.9459459459459459,0.9090909090909091,0.0361328125,0.03759765625,0.9761904761904762,0.8541666666666666,0.0205078125,0.0234375,0.9230769230769231,1.0,0.00634765625,0.005859375,1.0,1.0,0.001953125,0.001953125
750,0.0024607176892459393,2048,128,0.002006587339565158,0.006067033391445875,0.021069437265396118,0.00017850052972789854,0.703125,0.0004843842812389809,0.29638671875,0.9426229508196722,0.8846153846153846,0.0595703125,0.0634765625,0.9459459459459459,0.9090909090909091,0.0361328125,0.03759765625,0.9767441860465116,0.875,0.02099609375,0.0234375,0.9230769230769231,1.0,0.00634765625,0.005859375,1.0,1.0,0.001953125,0.001953125
775,0.00021456302783917636,2048,128,0.0016521987272426486,0.005896583199501038,0.02102098986506462,-0.0002627020876388997,0.6875,0.0006126599200710903,0.29638671875,0.9661016949152542,0.8769230769230769,0.0576171875,0.0634765625,0.9459459459459459,0.9090909090909091,0.0361328125,0.03759765625,0.9772727272727273,0.8958333333333334,0.021484375,0.0234375,0.9230769230769231,1.0,0.00634765625,0.005859375,0.8,1.0,0.00244140625,0.001953125
800,0.0033770736772567034,2048,128,0.002636692952364683,0.006207737140357494,0.021110383793711662,0.0012137830490246415,0.671875,0.0008363678661309493,0.29638671875,0.8962962962962963,0.9307692307692308,0.06591796875,0.0634765625,0.8987341772151899,0.922077922077922,0.03857421875,0.03759765625,0.9361702127659575,0.9166666666666666,0.02294921875,0.0234375,0.9230769230769231,1.0,0.00634765625,0.005859375,0.8,1.0,0.00244140625,0.001953125
825,0.0022495307493954897,2048,128,0.0018880533752962947,0.0058762868866324425,0.021015305072069168,0.00010419337922940031,0.6796875,0.0009531098257040682,0.29638671875,0.9669421487603306,0.9,0.05908203125,0.0634765625,0.9466666666666667,0.922077922077922,0.03662109375,0.03759765625,0.9777777777777777,0.9166666666666666,0.02197265625,0.0234375,0.9230769230769231,1.0,0.00634765625,0.005859375,0.8,1.0,0.00244140625,0.001953125
850,0.009961608797311783,2048,128,0.0027883739676326513,0.006278350483626127,0.021131256595253944,0.0014446667628362775,0.6796875,0.0008135286282451304,0.29638671875,0.8768115942028986,0.9307692307692308,0.0673828125,0.0634765625,0.8875,0.922077922077922,0.0390625,0.03759765625,0.9183673469387755,0.9375,0.02392578125,0.0234375,0.9230769230769231,1.0,0.00634765625,0.005859375,0.8,1.0,0.00244140625,0.001953125
875,0.002919480437412858,2048,128,0.0021754575427621603,0.005908039398491383,0.021024206653237343,0.0006258114008232951,0.6875,0.000591269557470353,0.29638671875,0.9083969465648855,0.9153846153846154,0.06396484375,0.0634765625,0.8987341772151899,0.922077922077922,0.03857421875,0.03759765625,0.9361702127659575,0.9166666666666666,0.02294921875,0.0234375,0.9230769230769231,1.0,0.00634765625,0.005859375,0.8,1.0,0.00244140625,0.001953125
900,0.0011015074560418725,2048,128,0.0030827801674604416,0.006478561088442802,0.02119160257279873,0.001852667424827814,0.6875,0.0005988965468930463,0.29638671875,0.8581560283687943,0.9307692307692308,0.06884765625,0.0634765625,0.8658536585365854,0.922077922077922,0.0400390625,0.03759765625,0.9361702127659575,0.9166666666666666,0.02294921875,0.0234375,0.9230769230769231,1.0,0.00634765625,0.005859375,0.8,1.0,0.00244140625,0.001953125
925,0.0031223588157445192,2048,128,0.0014129525516182184,0.005728494375944138,0.020974459126591682,-0.0006399063859134912,0.6796875,0.0009366983674239382,0.29638671875,0.9743589743589743,0.8769230769230769,0.05712890625,0.0634765625,0.9459459459459459,0.9090909090909091,0.0361328125,0.03759765625,0.9545454545454546,0.875,0.021484375,0.0234375,0.9230769230769231,1.0,0.00634765625,0.005859375,1.0,1.0,0.001953125,0.001953125
950,0.0038689831271767616,2048,128,0.002184745855629444,0.005893464665859938,0.021020114421844482,0.0006392283830791712,0.6796875,0.0009695455409284293,0.29638671875,0.9224806201550387,0.9153846153846154,0.06298828125,0.0634765625,0.922077922077922,0.922077922077922,0.03759765625,0.03759765625,0.9361702127659575,0.9166666666666666,0.02294921875,0.0234375,0.9230769230769231,1.0,0.00634765625,0.005859375,0.8,1.0,0.00244140625,0.001953125
975,0.001644315430894494,2048,128,0.0021922457963228226,0.005868793465197086,0.021013211458921432,0.0007380536408163607,0.6796875,0.0006635207634273499,0.29638671875,0.9015151515151515,0.9153846153846154,0.064453125,0.0634765625,0.8875,0.922077922077922,0.0390625,0.03759765625,0.9183673469387755,0.9375,0.02392578125,0.0234375,0.9230769230769231,1.0,0.00634765625,0.005859375,0.8,1.0,0.00244140625,0.001953125
1000,0.003810199676081538,2048,128,0.0025476983282715082,0.006035902071744204,0.02106049470603466,0.001193823292851448,0.6796875,0.0006727162089275041,0.29638671875,0.8840579710144928,0.9384615384615385,0.0673828125,0.0634765625,0.8765432098765432,0.922077922077922,0.03955078125,0.03759765625,0.9,0.9375,0.0244140625,0.0234375,0.9230769230769231,1.0,0.00634765625,0.005859375,0.8,1.0,0.00244140625,0.001953125
1025,0.0021424517035484314,2048,128,0.001479683443903923,0.005709993187338114,0.020969415083527565,-0.0005637811846099794,0.6875,0.0007604344120990536,0.29638671875,0.9745762711864406,0.8846153846153846,0.0576171875,0.0634765625,0.9459459459459459,0.9090909090909091,0.0361328125,0.03759765625,0.9767441860465116,0.875,0.02099609375,0.0234375,1.0,1.0,0.005859375,0.005859375,1.0,1.0,0.001953125,0.001953125
1050,0.002738135401159525,2048,128,0.0013974751345813274,0.00566107127815485,0.020956145599484444,-0.0006889246869832277,0.65625,0.001185408899301743,0.29638671875,0.9829059829059829,0.8846153846153846,0.05712890625,0.0634765625,0.9459459459459459,0.9090909090909091,0.0361328125,0.03759765625,0.9545454545454546,0.875,0.021484375,0.0234375,0.9230769230769231,1.0,0.00634765625,0.005859375,0.8,1.0,0.00244140625,0.001953125
1075,0.00029811891727149487,2048,128,0.0014516623923555017,0.0056191543117165565,0.020944863557815552,-0.0005055955843999982,0.671875,0.0009379984604847014,0.29638671875,0.9583333333333334,0.8846153846153846,0.05859375,0.0634765625,0.9459459459459459,0.9090909090909091,0.0361328125,0.03759765625,0.9555555555555556,0.8958333333333334,0.02197265625,0.0234375,0.9230769230769231,1.0,0.00634765625,0.005859375,1.0,1.0,0.001953125,0.001953125
1100,0.002830539597198367,2048,128,0.0023676916025578976,0.005894913803786039,0.021020520478487015,0.000917064375244081,0.6796875,0.0006705352425653288,0.29638671875,0.9111111111111111,0.9461538461538461,0.06591796875,0.0634765625,0.8875,0.922077922077922,0.0390625,0.03759765625,0.9166666666666666,0.9166666666666666,0.0234375,0.0234375,0.9230769230769231,1.0,0.00634765625,0.005859375,0.8,1.0,0.00244140625,0.001953125
1125,0.0007191381882876158,2048,128,0.0015041935257613659,0.005585061851888895,0.02093574032187462,-0.00039918566471897066,0.671875,0.0007742167057485094,0.29638671875,0.9666666666666667,0.8923076923076924,0.05859375,0.0634765625,0.9459459459459459,0.9090909090909091,0.0361328125,0.03759765625,0.9772727272727273,0.8958333333333334,0.021484375,0.0234375,1.0,1.0,0.005859375,0.005859375,1.0,1.0,0.001953125,0.001953125
1150,0.0022941099014133215,2048,128,0.0015342328697443008,0.005545253399759531,0.02092515490949154,-0.00026682353927753866,0.6796875,0.0006792072940611238,0.29638671875,0.9508196721311475,0.8923076923076924,0.0595703125,0.0634765625,0.9459459459459459,0.9090909090909091,0.0361328125,0.03759765625,0.9347826086956522,0.8958333333333334,0.0224609375,0.0234375,0.9230769230769231,1.0,0.00634765625,0.005859375,1.0,1.0,0.001953125,0.001953125
1175,0.003407360054552555,2048,128,0.0017125181620940566,0.005518629681318998,0.020918117836117744,5.919436807744205e-05,0.671875,0.0007061877798959504,0.29638671875,0.9365079365079365,0.9076923076923077,0.0615234375,0.0634765625,0.9102564102564102,0.922077922077922,0.0380859375,0.03759765625,0.9183673469387755,0.9375,0.02392578125,0.0234375,0.9230769230769231,1.0,0.00634765625,0.005859375,0.8,1.0,0.00244140625,0.001953125
1200,0.0015562196495011449,2048,128,0.0014980779960751534,0.0054911538027226925,0.02091088518500328,-0.00035305513301864266,0.6875,0.0007742929825680367,0.29638671875,0.975,0.9,0.05859375,0.0634765625,0.9459459459459459,0.9090909090909091,0.0361328125,0.03759765625,0.9555555555555556,0.8958333333333334,0.02197265625,0.0234375,1.0,1.0,0.005859375,0.005859375,1.0,1.0,0.001953125,0.001953125
1225,0.0031613283790647984,2048,128,0.0015065602492541075,0.005521058104932308,0.02091875858604908,-0.00039695476880297065,0.6953125,0.0007643091872877594,0.29638671875,0.9669421487603306,0.9,0.05908203125,0.0634765625,0.9459459459459459,0.9090909090909091,0.0361328125,0.03759765625,0.9772727272727273,0.8958333333333334,0.021484375,0.0234375,1.0,1.0,0.005859375,0.005859375,1.0,1.0,0.001953125,0.001953125
1250,0.005375875625759363,2048,128,0.0032694246619939804,0.006578812375664711,0.021222466602921486,0.0022176008205860853,0.6875,0.000675619352722423,0.29638671875,0.82,0.9461538461538461,0.0732421875,0.0634765625,0.8068181818181818,0.922077922077922,0.04296875,0.03759765625,0.9019607843137255,0.9583333333333334,0.02490234375,0.0234375,0.9230769230769231,1.0,0.00634765625,0.005859375,0.8,1.0,0.00244140625,0.001953125
1275,0.0009325184510089457,2048,128,0.0017531635239720345,0.005622812546789646,0.020945843309164047,9.785729344002903e-05,0.671875,0.0006736009489456407,0.29638671875,0.9147286821705426,0.9076923076923077,0.06298828125,0.0634765625,0.9102564102564102,0.922077922077922,0.0380859375,0.03759765625,0.9347826086956522,0.8958333333333334,0.0224609375,0.0234375,1.0,1.0,0.005859375,0.005859375,0.8,1.0,0.00244140625,0.001953125
1300,0.0006157599855214357,2048,128,0.0014194449177011847,0.0057835024781525135,0.02098955027759075,-0.0008162485319189727,0.6640625,0.0010292649173051505,0.29638671875,0.9830508474576272,0.8923076923076924,0.0576171875,0.0634765625,0.9459459459459459,0.9090909090909091,0.0361328125,0.03759765625,0.9767441860465116,0.875,0.02099609375,0.0234375,1.0,1.0,0.005859375,0.005859375,1.0,1.0,0.001953125,0.001953125
1325,0.002566845854744315,2048,128,0.0015965623315423727,0.005471974145621061,0.020905856043100357,-0.00011528488539624959,0.6953125,0.0007625533302315635,0.29638671875,0.9516129032258065,0.9076923076923077,0.060546875,0.0634765625,0.9342105263157895,0.922077922077922,0.037109375,0.03759765625,0.9347826086956522,0.8958333333333334,0.0224609375,0.0234375,1.0,1.0,0.005859375,0.005859375,1.0,1.0,0.001953125,0.001953125
1350,0.0065825083293020725,2048,128,0.0021291584707796574,0.005725243128836155,0.02097357250750065,0.0007230140035971999,0.6796875,0.0007406258852948877,0.29638671875,0.9111111111111111,0.9461538461538461,0.06591796875,0.0634765625,0.8554216867469879,0.922077922077922,0.04052734375,0.03759765625,0.9166666666666666,0.9166666666666666,0.0234375,0.0234375,0.9230769230769231,1.0,0.00634765625,0.005859375,0.8,1.0,0.00244140625,0.001953125
1375,0.001126853283494711,2048,128,0.0021263801027089357,0.005710975266993046,0.020969681441783905,0.0007412811974063516,0.6875,0.0005997419154037953,0.29638671875,0.8978102189781022,0.9461538461538461,0.06689453125,0.0634765625,0.8352941176470589,0.922077922077922,0.04150390625,0.03759765625,0.9183673469387755,0.9375,0.02392578125,0.0234375,0.9230769230769231,1.0,0.00634765625,0.005859375,0.8,1.0,0.00244140625,0.001953125
1400,0.004359018057584763,2048,128,0.0015582109335809946,0.005443712696433067,0.020898476243019104,-0.00015953909314703196,0.6796875,0.0006910616285848992,0.29638671875,0.9285714285714286,0.9,0.0615234375,0.0634765625,0.9090909090909091,0.9090909090909091,0.03759765625,0.03759765625,0.9555555555555556,0.8958333333333334,0.02197265625,0.0234375,0.9230769230769231,1.0,0.00634765625,0.005859375,1.0,1.0,0.001953125,0.001953125
1425,0.0021242599468678236,2048,128,0.0015819023828953505,0.005473778583109379,0.02090632915496826,-0.00027287486591376364,0.6796875,0.0008160833689443425,0.29638671875,0.9752066115702479,0.9076923076923077,0.05908203125,0.0634765625,0.9333333333333333,0.9090909090909091,0.03662109375,0.03759765625,0.9772727272727273,0.8958333333333334,0.021484375,0.0234375,1.0,1.0,0.005859375,0.005859375,1.0,1.0,0.001953125,0.001953125
1450,0.0007123202667571604,2048,128,0.0017548820469528437,0.0054955314844846725,0.020912036299705505,8.858820365276188e-05,0.6875,0.0007480677858338058,0.29638671875,0.9523809523809523,0.9230769230769231,0.0615234375,0.0634765625,0.8875,0.922077922077922,0.0390625,0.03759765625,0.9347826086956522,0.8958333333333334,0.0224609375,0.0234375,1.0,1.0,0.005859375,0.005859375,1.0,1.0,0.001953125,0.001953125
1475,0.004286626353859901,2048,128,0.0014252378605306149,0.005343182012438774,0.020872514694929123,-0.00035951132304035127,0.6875,0.0007702633230464162,0.29638671875,0.9508196721311475,0.8923076923076924,0.0595703125,0.0634765625,0.8974358974358975,0.9090909090909091,0.0380859375,0.03759765625,0.9347826086956522,0.8958333333333334,0.0224609375,0.0234375,1.0,1.0,0.005859375,0.005859375,1.0,1.0,0.001953125,0.001953125
1500,0.002495064167305827,2048,128,0.0030375164933502674,0.006442307028919458,0.021180547773838043,0.0019839839078485966,0.6875,0.0005640179828845238,0.29638671875,0.831081081081081,0.9461538461538461,0.072265625,0.0634765625,0.7912087912087912,0.935064935064935,0.04443359375,0.03759765625,0.8846153846153846,0.9583333333333334,0.025390625,0.0234375,0.9230769230769231,1.0,0.00634765625,0.005859375,0.8,1.0,0.00244140625,0.001953125
1525,0.0008450047462247312,2048,128,0.0013930891873314977,0.005457074847072363,0.020901961252093315,-0.0005754841258749366,0.671875,0.0007544302015516369,0.29638671875,0.9747899159663865,0.8923076923076924,0.05810546875,0.0634765625,0.9333333333333333,0.9090909090909091,0.03662109375,0.03759765625,0.9555555555555556,0.8958333333333334,0.02197265625,0.0234375,1.0,1.0,0.005859375,0.005859375,1.0,1.0,0.001953125,0.001953125
1550,0.0009743694681674242,2048,128,0.0034265825524926186,0.006762301549315453,0.021280061453580856,0.0024118616711348295,0.6875,0.000696208914138241,0.29638671875,0.7834394904458599,0.9461538461538461,0.07666015625,0.0634765625,0.8202247191011236,0.948051948051948,0.04345703125,0.03759765625,0.9019607843137255,0.9583333333333334,0.02490234375,0.0234375,0.9230769230769231,1.0,0.00634765625,0.005859375,1.0,1.0,0.001953125,0.001953125
1575,0.005154868122190237,2048,128,0.0021102307364344597,0.005585741251707077,0.020935922861099243,0.0006959808524698019,0.6796875,0.0007924008366755331,0.29638671875,0.9318181818181818,0.9461538461538461,0.064453125,0.0634765625,0.8765432098765432,0.922077922077922,0.03955078125,0.03759765625,0.9,0.9375,0.0244140625,0.0234375,1.0,1.0,0.005859375,0.005859375,0.8,1.0,0.00244140625,0.001953125
1600,0.0006382546853274107,2048,128,0.001399508910253644,0.005554903298616409,0.020927714183926582,-0.0007311225635930896,0.6796875,0.0007130844612659448,0.29638671875,0.9747899159663865,0.8923076923076924,0.05810546875,0.0634765625,0.9333333333333333,0.9090909090909091,0.03662109375,0.03759765625,0.9772727272727273,0.8958333333333334,0.021484375,0.0234375,1.0,1.0,0.005859375,0.005859375,1.0,1.0,0.001953125,0.001953125
1625,0.0012376164086163044,2048,128,0.0015201522037386894,0.005304603837430477,0.020862672477960587,-0.00011464527779025957,0.6953125,0.0006664945175443027,0.29638671875,0.9291338582677166,0.9076923076923077,0.06201171875,0.0634765625,0.8860759493670886,0.9090909090909091,0.03857421875,0.03759765625,0.9361702127659575,0.9166666666666666,0.02294921875,0.0234375,0.9230769230769231,1.0,0.00634765625,0.005859375,0.8,1.0,0.00244140625,0.001953125
1650,0.001008658204227686,2048,128,0.001863883575424552,0.005446475464850664,0.020899195224046707,0.0003846244653686881,0.6796875,0.00071386309035959,0.29638671875,0.9307692307692308,0.9307692307692308,0.0634765625,0.0634765625,0.8765432098765432,0.922077922077922,0.03955078125,0.03759765625,0.9,0.9375,0.0244140625,0.0234375,1.0,1.0,0.005859375,0.005859375,0.8,1.0,0.00244140625,0.001953125
1675,0.0007570215966552496,2048,128,0.001646774122491479,0.005346011836081743,0.020873241126537323,2.4987537472043186e-05,0.6796875,0.0007830569292208711,0.29638671875,0.9444444444444444,0.9153846153846154,0.0615234375,0.0634765625,0.8765432098765432,0.922077922077922,0.03955078125,0.03759765625,0.9166666666666666,0.9166666666666666,0.0234375,0.0234375,0.9230769230769231,1.0,0.00634765625,0.005859375,1.0,1.0,0.001953125,0.001953125
1700,0.0027324508409947157,2048,128,0.0023973267525434494,0.00584244541823864,0.021005868911743164,0.0011159626301378012,0.6953125,0.0007453555558554203,0.29638671875,0.9104477611940298,0.9384615384615385,0.0654296875,0.0634765625,0.8181818181818182,0.935064935064935,0.04296875,0.03759765625,0.9019607843137255,0.9583333333333334,0.02490234375,0.0234375,0.8571428571428571,1.0,0.0068359375,0.005859375,0.8,1.0,0.00244140625,0.001953125
1725,0.0015079991426318884,2048,128,0.0018544654594734311,0.00554304476827383,0.02105257660150528,0.00017074320930987597,0.703125,0.000677912559402083,0.29638671875,0.937984496124031,0.9307692307692308,0.06298828125,0.0634765625,0.9102564102564102,0.922077922077922,0.0380859375,0.03759765625,0.9361702127659575,0.9166666666666666,0.02294921875,0.0234375,1.0,1.0,0.005859375,0.005859375,1.0,1.0,0.001953125,0.001953125
1750,0.0006519669550471008,2048,128,0.001724105910398066,0.005387857556343079,0.020883997902274132,0.0001788756635505706,0.703125,0.0006616816140889714,0.29638671875,0.9147286821705426,0.9076923076923077,0.06298828125,0.0634765625,0.8658536585365854,0.922077922077922,0.0400390625,0.03759765625,0.9166666666666666,0.9166666666666666,0.0234375,0.0234375,0.9230769230769231,1.0,0.00634765625,0.005859375,1.0,1.0,0.001953125,0.001953125
1775,0.0020334620494395494,2048,128,0.0021795942448079586,0.005660706665366888,0.020956046879291534,0.0008128660265356302,0.703125,0.0006616261383509681,0.29638671875,0.8970588235294118,0.9384615384615385,0.06640625,0.0634765625,0.8255813953488372,0.922077922077922,0.0419921875,0.03759765625,0.9,0.9375,0.0244140625,0.0234375,0.9230769230769231,1.0,0.00634765625,0.005859375,0.8,1.0,0.00244140625,0.001953125
1800,0.0015621951315551996,2048,128,0.002630949253216386,0.006042082794010639,0.02106226608157158,0.0014160550199449062,0.6796875,0.0008972393472230777,0.29638671875,0.8848920863309353,0.9461538461538461,0.06787109375,0.0634765625,0.8409090909090909,0.961038961038961,0.04296875,0.03759765625,0.9019607843137255,0.9583333333333334,0.02490234375,0.0234375,1.0,1.0,0.005859375,0.005859375,1.0,1.0,0.001953125,0.001953125
1825,0.001348369987681508,2048,128,0.00138720846734941,0.00554582430049777,0.020925307646393776,-0.000791716855019331,0.6484375,0.0013679278182865406,0.29638671875,0.9911504424778761,0.8615384615384616,0.05517578125,0.0634765625,0.9210526315789473,0.9090909090909091,0.037109375,0.03759765625,0.9555555555555556,0.8958333333333334,0.02197265625,0.0234375,1.0,1.0,0.005859375,0.005859375,1.0,1.0,0.001953125,0.001953125
1850,0.0008831048617139459,2048,128,0.0029010879807174206,0.006305237766355276,0.02113926038146019,0.0017842593370005488,0.703125,0.000702865292601107,0.29638671875,0.82,0.9461538461538461,0.0732421875,0.0634765625,0.8131868131868132,0.961038961038961,0.04443359375,0.03759765625,0.9019607843137255,0.9583333333333334,0.02490234375,0.0234375,1.0,1.0,0.005859375,0.005859375,1.0,1.0,0.001953125,0.001953125
1875,0.0002702077035792172,2048,128,0.0014371194411069155,0.005475497338920832,0.020906778052449226,-0.0005806229310110211,0.6796875,0.0007370801475945488,0.29638671875,0.9743589743589743,0.8769230769230769,0.05712890625,0.0634765625,0.9210526315789473,0.9090909090909091,0.037109375,0.03759765625,0.9555555555555556,0.8958333333333334,0.02197265625,0.0234375,1.0,1.0,0.005859375,0.005859375,1.0,1.0,0.001953125,0.001953125
1900,0.0006893481477163732,2048,128,0.0015192374121397734,0.005261613056063652,0.020851783454418182,-8.576452091801912e-05,0.671875,0.0008572564886917267,0.29638671875,0.944,0.9076923076923077,0.06103515625,0.0634765625,0.8860759493670886,0.9090909090909091,0.03857421875,0.03759765625,0.9166666666666666,0.9166666666666666,0.0234375,0.0234375,0.9230769230769231,1.0,0.00634765625,0.005859375,0.8,1.0,0.00244140625,0.001953125
1925,0.0007780221058055758,2048,128,0.002158773597329855,0.005626436788588762,0.020946817472577095,0.0007539011421613395,0.6953125,0.0005680631301301364,0.29638671875,0.9318181818181818,0.9461538461538461,0.064453125,0.0634765625,0.8780487804878049,0.935064935064935,0.0400390625,0.03759765625,0.9,0.9375,0.0244140625,0.0234375,1.0,1.0,0.005859375,0.005859375,1.0,1.0,0.001953125,0.001953125
1950,0.0008385994588024914,2048,128,0.001471346360631287,0.005434442777186632,0.02089606411755085,-0.0005177054554224014,0.671875,0.000853806188139794,0.29638671875,0.991304347826087,0.8769230769230769,0.05615234375,0.0634765625,0.8974358974358975,0.9090909090909091,0.0380859375,0.03759765625,0.8979591836734694,0.9166666666666666,0.02392578125,0.0234375,1.0,1.0,0.005859375,0.005859375,0.8,1.0,0.00244140625,0.001953125
1975,0.0007955172914080322,2048,128,0.0016637241933494806,0.005364953074604273,0.020878098905086517,-2.0238352590240538e-05,0.6875,0.0008397549074301569,0.29638671875,0.952,0.9153846153846154,0.06103515625,0.0634765625,0.8987341772151899,0.922077922077922,0.03857421875,0.03759765625,0.9565217391304348,0.9166666666666666,0.0224609375,0.0234375,1.0,1.0,0.005859375,0.005859375,1.0,1.0,0.001953125,0.001953125
2000,0.0006413922528736293,2048,128,0.0018478488782420754,0.005421643611043692,0.020892737433314323,0.00042600242886692286,0.6875,0.0006926460415055402,0.29638671875,0.9242424242424242,0.9384615384615385,0.064453125,0.0634765625,0.8902439024390244,0.948051948051948,0.0400390625,0.03759765625,0.9,0.9375,0.0244140625,0.0234375,1.0,1.0,0.005859375,0.005859375,1.0,1.0,0.001953125,0.001953125
2025,0.0005685703363269567,2048,128,0.001568621606566012,0.0054142358712852,0.021078985184431076,-0.00036243180511519313,0.6796875,0.0008491478249779139,0.29638671875,0.975,0.9,0.05859375,0.0634765625,0.9210526315789473,0.9090909090909091,0.037109375,0.03759765625,0.9555555555555556,0.8958333333333334,0.02197265625,0.0234375,1.0,1.0,0.005859375,0.005859375,1.0,1.0,0.001953125,0.001953125
2050,0.007025799714028835,2048,128,0.0029077131766825914,0.006279397755861282,0.021131567656993866,0.0017996425740420818,0.7109375,0.0005755288214412957,0.29638671875,0.8482758620689655,0.9461538461538461,0.07080078125,0.0634765625,0.8043478260869565,0.961038961038961,0.044921875,0.03759765625,0.8846153846153846,0.9583333333333334,0.025390625,0.0234375,0.9230769230769231,1.0,0.00634765625,0.005859375,0.8,1.0,0.00244140625,0.001953125
2075,0.0011995484819635749,2048,128,0.0018053831299766898,0.005421972833573818,0.020892824977636337,0.0002635057899169624,0.7109375,0.0005727741201353442,0.29638671875,0.9448818897637795,0.9230769230769231,0.06201171875,0.0634765625,0.8795180722891566,0.948051948051948,0.04052734375,0.03759765625,0.8979591836734694,0.9166666666666666,0.02392578125,0.0234375,1.0,1.0,0.005859375,0.005859375,1.0,1.0,0.001953125,0.001953125
2100,0.0005219141021370888,2048,128,0.001697332365438342,0.005411237012594938,0.020890042185783386,0.00020582822617143393,0.6875,0.0006939896569004844,0.29638671875,0.937007874015748,0.9153846153846154,0.06201171875,0.0634765625,0.8902439024390244,0.948051948051948,0.0400390625,0.03759765625,0.9166666666666666,0.9166666666666666,0.0234375,0.0234375,1.0,1.0,0.005859375,0.005859375,1.0,1.0,0.001953125,0.001953125
2125,0.0008875830681063235,2048,128,0.0024179797619581223,0.006036479491740465,0.021060660481452942,0.0013241341803222895,0.703125,0.0005865872150092599,0.29638671875,0.8367346938775511,0.9461538461538461,0.07177734375,0.0634765625,0.8064516129032258,0.974025974025974,0.04541015625,0.03759765625,0.8679245283018868,0.9583333333333334,0.02587890625,0.0234375,0.8571428571428571,1.0,0.0068359375,0.005859375,0.8,1.0,0.00244140625,0.001953125
2150,0.0015030549839138985,2048,128,0.0014926872681826353,0.005498267710208893,0.02106102555990219,-0.000666938372887671,0.6640625,0.000974245118085415,0.29638671875,0.9913793103448276,0.8846153846153846,0.056640625,0.0634765625,0.9459459459459459,0.9090909090909091,0.0361328125,0.03759765625,0.9555555555555556,0.8958333333333334,0.02197265625,0.0234375,1.0,1.0,0.005859375,0.005859375,1.0,1.0,0.001953125,0.001953125
2175,0.00056225381558761,2048,128,0.001973033882677555,0.00549713708460331,0.02091245725750923,0.0005797460325993598,0.6953125,0.00076498761335686,0.29638671875,0.917910447761194,0.9461538461538461,0.0654296875,0.0634765625,0.8690476190476191,0.948051948051948,0.041015625,0.03759765625,0.9,0.9375,0.0244140625,0.0234375,1.0,1.0,0.005859375,0.005859375,1.0,1.0,0.001953125,0.001953125
2200,0.0010800323216244578,2048,128,0.0016288051847368479,0.005300584249198437,0.020861651748418808,8.706127846380696e-05,0.6796875,0.0007337705730050548,0.29638671875,0.937007874015748,0.9153846153846154,0.06201171875,0.0634765625,0.8780487804878049,0.935064935064935,0.0400390625,0.03759765625,0.9183673469387755,0.9375,0.02392578125,0.0234375,1.0,1.0,0.005859375,0.005859375,1.0,1.0,0.001953125,0.001953125
2225,0.000504649302456528,2048,128,0.0015056482516229153,0.005341724958270788,0.02087358757853508,-0.0004326446505729109,0.6796875,0.0008355778389612656,0.29638671875,0.9830508474576272,0.8923076923076924,0.0576171875,0.0634765625,0.9210526315789473,0.9090909090909091,0.037109375,0.03759765625,0.9555555555555556,0.8958333333333334,0.02197265625,0.0234375,1.0,1.0,0.005859375,0.005859375,1.0,1.0,0.001953125,0.001953125
2250,0.0008126564207486808,2048,128,0.0030845599249005318,0.006471842061728239,0.021189551800489426,0.0020321549382060766,0.6953125,0.0007091639057019705,0.29638671875,0.8145695364238411,0.9461538461538461,0.07373046875,0.0634765625,0.8152173913043478,0.974025974025974,0.044921875,0.03759765625,0.8653846153846154,0.9375,0.025390625,0.0234375,1.0,1.0,0.005859375,0.005859375,1.0,1.0,0.001953125,0.001953125
2275,0.0036155912093818188,2048,128,0.0014481849502772093,0.005813582334667444,0.02099785953760147,-0.0011043183039873838,0.640625,0.0018183556435149573,0.29638671875,0.990990990990991,0.8461538461538461,0.05419921875,0.0634765625,0.9714285714285714,0.8831168831168831,0.0341796875,0.03759765625,0.9545454545454546,0.875,0.021484375,0.0234375,1.0,1.0,0.005859375,0.005859375,1.0,1.0,0.001953125,0.001953125
2300,0.004344473127275705,2048,128,0.0016988263232633471,0.005454207770526409,0.021081630140542984,-6.470720836659893e-05,0.6796875,0.0008881000451437249,0.29638671875,0.9672131147540983,0.9076923076923077,0.0595703125,0.0634765625,0.8888888888888888,0.935064935064935,0.03955078125,0.03759765625,0.9555555555555556,0.8958333333333334,0.02197265625,0.0234375,1.0,1.0,0.005859375,0.005859375,1.0,1.0,0.001953125,0.001953125
2325,0.002347423695027828,2048,128,0.0017474385676905513,0.005443059839308262,0.020898308604955673,7.266784814419225e-05,0.6953125,0.000641965758417351,0.29638671875,0.9444444444444444,0.9153846153846154,0.0615234375,0.0634765625,0.8780487804878049,0.935064935064935,0.0400390625,0.03759765625,0.8979591836734694,0.9166666666666666,0.02392578125,0.0234375,1.0,1.0,0.005859375,0.005859375,1.0,1.0,0.001953125,0.001953125
2350,0.0007023801445029676,2048,128,0.0014277277514338493,0.0055564334616065025,0.021157588809728622,-0.0007352685206569731,0.6796875,0.0009465288361598656,0.29638671875,0.9826086956521739,0.8692307692307693,0.05615234375,0.0634765625,0.9324324324324325,0.8961038961038961,0.0361328125,0.03759765625,0.9555555555555556,0.8958333333333334,0.02197265625,0.0234375,1.0,1.0,0.005859375,0.005859375,1.0,1.0,0.001953125,0.001953125
2375,0.003916540183126926,2048,128,0.0018053206149488688,0.00546145299449563,0.020903104916214943,0.0002942186838481575,0.6875,0.0008767323637839386,0.29638671875,0.9307692307692308,0.9307692307692308,0.0634765625,0.0634765625,0.8488372093023255,0.948051948051948,0.0419921875,0.03759765625,0.9183673469387755,0.9375,0.02392578125,0.0234375,1.0,1.0,0.005859375,0.005859375,1.0,1.0,0.001953125,0.001953125
2400,0.0001813860289985314,2048,128,0.001495933742262423,0.005436106119304895,0.021025633439421654,-0.00042493618093430996,0.6796875,0.0008083806703622631,0.29638671875,0.9745762711864406,0.8846153846153846,0.0576171875,0.0634765625,0.9090909090909091,0.9090909090909091,0.03759765625,0.03759765625,0.9555555555555556,0.8958333333333334,0.02197265625,0.0234375,1.0,1.0,0.005859375,0.005859375,1.0,1.0,0.001953125,0.001953125
2425,0.005240320693701506,2048,128,0.0016834198031574488,0.005386341363191605,0.020883606746792793,9.168972610495985e-05,0.6875,0.0008115117855267417,0.29638671875,0.944,0.9076923076923077,0.06103515625,0.0634765625,0.8674698795180723,0.935064935064935,0.04052734375,0.03759765625,0.9183673469387755,0.9375,0.02392578125,0.0234375,1.0,1.0,0.005859375,0.005859375,1.0,1.0,0.001953125,0.001953125
2450,0.0019204890122637153,2048,128,0.0016251187771558762,0.005397057626396418,0.0208863727748394,-0.0002104563027387485,0.6796875,0.0009308992158933993,0.29638671875,0.9833333333333333,0.9076923076923077,0.05859375,0.0634765625,0.8888888888888888,0.935064935064935,0.03955078125,0.03759765625,0.9166666666666666,0.9166666666666666,0.0234375,0.0234375,1.0,1.0,0.005859375,0.005859375,1.0,1.0,0.001953125,0.001953125
2475,0.002752279629930854,2048,128,0.002193543128669262,0.005867685656994581,0.02101290225982666,0.0010054631857201457,0.703125,0.0006119488303311105,0.29638671875,0.8601398601398601,0.9461538461538461,0.06982421875,0.0634765625,0.8333333333333334,0.974025974025974,0.0439453125,0.03759765625,0.8653846153846154,0.9375,0.025390625,0.0234375,1.0,1.0,0.005859375,0.005859375,1.0,1.0,0.001953125,0.001953125
2500,0.0021559118758887053,2048,128,0.0017978965770453215,0.005499500315636396,0.020913077518343925,0.0003813915536738932,0.6875,0.0009434641454417747,0.29638671875,0.8955223880597015,0.9230769230769231,0.0654296875,0.0634765625,0.8588235294117647,0.948051948051948,0.04150390625,0.03759765625,0.9,0.9375,0.0244140625,0.0234375,1.0,1.0,0.005859375,0.005859375,1.0,1.0,0.001953125,0.001953125
2525,0.0006671223673038185,2048,128,0.0014790629502385855,0.0053633470088243484,0.020877687260508537,-0.00042633662815205753,0.671875,0.0009569696712719011,0.29638671875,0.991304347826087,0.8769230769230769,0.05615234375,0.0634765625,0.8974358974358975,0.9090909090909091,0.0380859375,0.03759765625,0.9166666666666666,0.9166666666666666,0.0234375,0.0234375,1.0,1.0,0.005859375,0.005859375,1.0,1.0,0.001953125,0.001953125
2550,0.0013949237763881683,2048,128,0.0024178570602089167,0.0059506711550056934,0.02103622630238533,0.0012553075794130564,0.703125,0.0008005748888830766,0.29638671875,0.8601398601398601,0.9461538461538461,0.06982421875,0.0634765625,0.8314606741573034,0.961038961038961,0.04345703125,0.03759765625,0.8846153846153846,0.9583333333333334,0.025390625,0.0234375,0.9230769230769231,1.0,0.00634765625,0.005859375,1.0,1.0,0.001953125,0.001953125
2575,0.0019332856172695756,2048,128,0.0022275883238762617,0.0057953838258981705,0.021036997437477112,0.000916682998649776,0.703125,0.0009514437157476241,0.29638671875,0.8723404255319149,0.9461538461538461,0.06884765625,0.0634765625,0.8795180722891566,0.948051948051948,0.04052734375,0.03759765625,0.9375,0.9375,0.0234375,0.0234375,1.0,1.0,0.005859375,0.005859375,1.0,1.0,0.001953125,0.001953125
2600,0.0007347746868617833,2048,128,0.0015314158517867327,0.0053842258639633656,0.02100416272878647,-0.00032625667518004775,0.6796875,0.000889281542425957,0.29638671875,0.9747899159663865,0.8923076923076924,0.05810546875,0.0634765625,0.8888888888888888,0.935064935064935,0.03955078125,0.03759765625,0.9347826086956522,0.8958333333333334,0.0224609375,0.0234375,1.0,1.0,0.005859375,0.005859375,1.0,1.0,0.001953125,0.001953125
2625,0.0005614714464172721,2048,128,0.0016525336541235447,0.005404219031333923,0.02096390910446644,-3.453371027717367e-05,0.6796875,0.0008122548189730683,0.29638671875,0.9512195121951219,0.9,0.06005859375,0.0634765625,0.8888888888888888,0.935064935064935,0.03955078125,0.03759765625,0.9183673469387755,0.9375,0.02392578125,0.0234375,1.0,1.0,0.005859375,0.005859375,1.0,1.0,0.001953125,0.001953125
2650,0.001108222990296781,2048,128,0.0016393247060477734,0.005366369150578976,0.020911024883389473,-3.117956657661125e-05,0.6796875,0.0008894791903257815,0.29638671875,0.944,0.9076923076923077,0.06103515625,0.0634765625,0.8780487804878049,0.935064935064935,0.0400390625,0.03759765625,0.9166666666666666,0.9166666666666666,0.0234375,0.0234375,1.0,1.0,0.005859375,0.005859375,1.0,1.0,0.001953125,0.001953125
