sha256	bytes	role	archive_relative_path
43552d0c86eedc43933fa0087ecb678fbd7e388c7c85a614e21483fb61c59114	301139453	legacy_mobility_json	code/legacy/experimental_source/SUMO/luxembourg_real_city/gare_bonnevoie/traces/gare_bonnevoie_all_vehicles_0745_0815_1s.json
7630beb0c1175f0b9bd5f32d1b3888fe2d87c09d89b31754b7f0c0e38f025cd6	68807791	mobility_json	input_data/prepared_traces/luxembourg_ci_temporal5_paper_final_v1/replicates/factor_b1_v1_300m/rep2/mobility/factor_b1_v1_300m_rep2_all_vehicles_1s_full1800.json
db1e7eae151000fe3328d7566c478eaf044b09a1dcdadb9ba3068b4778292339	3791389	merged_rssi_npz	input_data/prepared_traces/luxembourg_ci_temporal5_paper_final_v1/replicates/factor_b1_v1_300m/rep2/rssi/factor_b1_v1_300m_rep2_vehicles_1s_opaque_no_vehicle_blockers_ge-100dbm_r20k_d3_llvm.npz
e39717a2bf6e6cadf064bd7c5ace95f6bcf28f29cd0ce53bed548acbb320da02	76013395	mobility_json	input_data/prepared_traces/luxembourg_ci_temporal5_paper_final_v1/replicates/factor_b1_v1_300m/rep3/mobility/factor_b1_v1_300m_rep3_all_vehicles_1s_full1800.json
37990866465dd6af60edce059493181287f8f21391bc3b58ec6eb56872925a40	5641816	merged_rssi_npz	input_data/prepared_traces/luxembourg_ci_temporal5_paper_final_v1/replicates/factor_b1_v1_300m/rep3/rssi/factor_b1_v1_300m_rep3_vehicles_1s_opaque_no_vehicle_blockers_ge-100dbm_r20k_d3_llvm.npz
014d8dfd008d5bf6464cb8c14abfabf07e6be8def934c7c0f14134913abc6f52	77058578	mobility_json	input_data/prepared_traces/luxembourg_ci_temporal5_paper_final_v1/replicates/factor_b1_v1_300m/rep4/mobility/factor_b1_v1_300m_rep4_all_vehicles_1s_full1800.json
33afd12abebe02b6f311fc96ff9c0992f933da2f5becc17102e987f525ea07ae	5655491	merged_rssi_npz	input_data/prepared_traces/luxembourg_ci_temporal5_paper_final_v1/replicates/factor_b1_v1_300m/rep4/rssi/factor_b1_v1_300m_rep4_vehicles_1s_opaque_no_vehicle_blockers_ge-100dbm_r20k_d3_llvm.npz
ac1411219fc8c36539224df82b05d97cef309db463126305b0a3a554f65adc67	59135586	mobility_json	input_data/prepared_traces/luxembourg_ci_temporal5_paper_final_v1/replicates/factor_b1_v1_300m/rep5/mobility/factor_b1_v1_300m_rep5_all_vehicles_1s_full1800.json
74501c2541d7aa702911d633477b56f45422c6e698d2b42ae9c7df80de7a1475	3064868	merged_rssi_npz	input_data/prepared_traces/luxembourg_ci_temporal5_paper_final_v1/replicates/factor_b1_v1_300m/rep5/rssi/factor_b1_v1_300m_rep5_vehicles_1s_opaque_no_vehicle_blockers_ge-100dbm_r20k_d3_llvm.npz
f5fc77e28c56573a57cb5899191cccf1614618f0e6670cb82c5e64ac566a398c	132879787	mobility_json	input_data/prepared_traces/luxembourg_ci_temporal5_paper_final_v1/replicates/factor_b1_v2_300m/rep2/mobility/factor_b1_v2_300m_rep2_all_vehicles_1s_full1800.json
00a4f65a4b6347bbc267b3a9dd9f1c74dc46584522fe2bfc9fdc4aa11be3db7e	17222596	merged_rssi_npz	input_data/prepared_traces/luxembourg_ci_temporal5_paper_final_v1/replicates/factor_b1_v2_300m/rep2/rssi/factor_b1_v2_300m_rep2_vehicles_1s_opaque_no_vehicle_blockers_ge-100dbm_r20k_d3_llvm.npz
1640b30bf300bfcb4535627942caf641d26f11624be4ac14bdcaf8b48e937dec	144497218	mobility_json	input_data/prepared_traces/luxembourg_ci_temporal5_paper_final_v1/replicates/factor_b1_v2_300m/rep3/mobility/factor_b1_v2_300m_rep3_all_vehicles_1s_full1800.json
04ea3cd9a2e6544f1a278976004499e72e3181df8c2a3db59d1b200c4ec18bb8	24715458	merged_rssi_npz	input_data/prepared_traces/luxembourg_ci_temporal5_paper_final_v1/replicates/factor_b1_v2_300m/rep3/rssi/factor_b1_v2_300m_rep3_vehicles_1s_opaque_no_vehicle_blockers_ge-100dbm_r20k_d3_llvm.npz
7360a0fa876ec795faf00893ffdfe6984dd4372ada3a0b541f8da159860c5816	143667540	mobility_json	input_data/prepared_traces/luxembourg_ci_temporal5_paper_final_v1/replicates/factor_b1_v2_300m/rep4/mobility/factor_b1_v2_300m_rep4_all_vehicles_1s_full1800.json
9a2fc7c7b48faf710a60d3cd5fd4364e0e96e3a2ccda06be9ca6cc426bb68cb6	23977964	merged_rssi_npz	input_data/prepared_traces/luxembourg_ci_temporal5_paper_final_v1/replicates/factor_b1_v2_300m/rep4/rssi/factor_b1_v2_300m_rep4_vehicles_1s_opaque_no_vehicle_blockers_ge-100dbm_r20k_d3_llvm.npz
7cc783e031545099ae639a0fd295904e64cd43076f7752e0cc3089f97a7c86cb	152375153	mobility_json	input_data/prepared_traces/luxembourg_ci_temporal5_paper_final_v1/replicates/factor_b1_v2_300m/rep5/mobility/factor_b1_v2_300m_rep5_all_vehicles_1s_full1800.json
929f5c625e863ec20d4362d5e97d987b7df74ade0cbeb8a87c5c60313e0f6615	25242985	merged_rssi_npz	input_data/prepared_traces/luxembourg_ci_temporal5_paper_final_v1/replicates/factor_b1_v2_300m/rep5/rssi/factor_b1_v2_300m_rep5_vehicles_1s_opaque_no_vehicle_blockers_ge-100dbm_r20k_d3_llvm.npz
235ca95aae7a5103c651843037cf1d5fff8f2379afe35b159f447787eb933ed5	292393340	mobility_json	input_data/prepared_traces/luxembourg_ci_temporal5_paper_final_v1/replicates/factor_b1_v3_300m/rep2/mobility/factor_b1_v3_300m_rep2_all_vehicles_1s_full1800.json
2cebbe0a38ffbdb1529940cf30e5be63a93eff62d226da3978ef975357747a1c	91598245	merged_rssi_npz	input_data/prepared_traces/luxembourg_ci_temporal5_paper_final_v1/replicates/factor_b1_v3_300m/rep2/rssi/factor_b1_v3_300m_rep2_vehicles_1s_opaque_no_vehicle_blockers_ge-100dbm_r20k_d3_llvm.npz
c801ba2fd8e290c3e7eb738859dce7429151194a0e453049360763a7d2dd7d19	260482323	mobility_json	input_data/prepared_traces/luxembourg_ci_temporal5_paper_final_v1/replicates/factor_b1_v3_300m/rep3/mobility/factor_b1_v3_300m_rep3_all_vehicles_1s_full1800.json
f981ac43bc41a18480216684d16d9ef5f29450932967947d499845c1d4bb606f	59013116	merged_rssi_npz	input_data/prepared_traces/luxembourg_ci_temporal5_paper_final_v1/replicates/factor_b1_v3_300m/rep3/rssi/factor_b1_v3_300m_rep3_vehicles_1s_opaque_no_vehicle_blockers_ge-100dbm_r20k_d3_llvm.npz
fef8f3c5af00f0824c3238e13137b5885fe9f8dc2340ee083ad09a227bcecdab	271329020	mobility_json	input_data/prepared_traces/luxembourg_ci_temporal5_paper_final_v1/replicates/factor_b1_v3_300m/rep4/mobility/factor_b1_v3_300m_rep4_all_vehicles_1s_full1800.json
f2799d742509d81eff285f31275f22c2941fa0442f82f197a551104696e9e0fe	61280212	merged_rssi_npz	input_data/prepared_traces/luxembourg_ci_temporal5_paper_final_v1/replicates/factor_b1_v3_300m/rep4/rssi/factor_b1_v3_300m_rep4_vehicles_1s_opaque_no_vehicle_blockers_ge-100dbm_r20k_d3_llvm.npz
75df6ff57f976a4201e566d9484d8583be64624c1f8b3a53d14287543dd3a563	256779275	mobility_json	input_data/prepared_traces/luxembourg_ci_temporal5_paper_final_v1/replicates/factor_b1_v3_300m/rep5/mobility/factor_b1_v3_300m_rep5_all_vehicles_1s_full1800.json
536fead596640dba3f1c9aad8541e3d32500525f71cf1d74fe361764402df4bc	58794213	merged_rssi_npz	input_data/prepared_traces/luxembourg_ci_temporal5_paper_final_v1/replicates/factor_b1_v3_300m/rep5/rssi/factor_b1_v3_300m_rep5_vehicles_1s_opaque_no_vehicle_blockers_ge-100dbm_r20k_d3_llvm.npz
94eb1cace4e3391c75ed5440e125bc5ac15c5b9879dbe656289b7c8999c2fda4	82100151	mobility_json	input_data/prepared_traces/luxembourg_ci_temporal5_paper_final_v1/replicates/factor_b2_v1_300m/rep2/mobility/factor_b2_v1_300m_rep2_all_vehicles_1s_full1800.json
e9b473da67fe7a5c4875b98b7551256c7b313d3fffba4e205619900fe8b13dfa	3104509	merged_rssi_npz	input_data/prepared_traces/luxembourg_ci_temporal5_paper_final_v1/replicates/factor_b2_v1_300m/rep2/rssi/factor_b2_v1_300m_rep2_vehicles_1s_opaque_no_vehicle_blockers_ge-100dbm_r20k_d3_llvm.npz
54cc74232d9851ff9068b21863a8b488a1d6bc2b7a3e66230ccc9dd35bb4f738	88830823	mobility_json	input_data/prepared_traces/luxembourg_ci_temporal5_paper_final_v1/replicates/factor_b2_v1_300m/rep3/mobility/factor_b2_v1_300m_rep3_all_vehicles_1s_full1800.json
58924f93edb9e00f4166bbdc528b50932b199f1f62a9adf5c2f99c639f635d89	3108650	merged_rssi_npz	input_data/prepared_traces/luxembourg_ci_temporal5_paper_final_v1/replicates/factor_b2_v1_300m/rep3/rssi/factor_b2_v1_300m_rep3_vehicles_1s_opaque_no_vehicle_blockers_ge-100dbm_r20k_d3_llvm.npz
501c9b042930fc451bc0c92d6e3b74d786c2daad80000aa06f8b55c902431171	99863150	mobility_json	input_data/prepared_traces/luxembourg_ci_temporal5_paper_final_v1/replicates/factor_b2_v1_300m/rep4/mobility/factor_b2_v1_300m_rep4_all_vehicles_1s_full1800.json
b845b0a4da2480fee4bfe14073f04edef781dc8488c60483eda7eabd00369216	3702575	merged_rssi_npz	input_data/prepared_traces/luxembourg_ci_temporal5_paper_final_v1/replicates/factor_b2_v1_300m/rep4/rssi/factor_b2_v1_300m_rep4_vehicles_1s_opaque_no_vehicle_blockers_ge-100dbm_r20k_d3_llvm.npz
c7750a36dfb5a12dd591dca2e695d38974b432f917320248cd990df0f03ad2bd	90521086	mobility_json	input_data/prepared_traces/luxembourg_ci_temporal5_paper_final_v1/replicates/factor_b2_v1_300m/rep5/mobility/factor_b2_v1_300m_rep5_all_vehicles_1s_full1800.json
a714190007c876c3d17d5a8dd4533e98e076f209b373caac3c8d3a0ab1250630	2960540	merged_rssi_npz	input_data/prepared_traces/luxembourg_ci_temporal5_paper_final_v1/replicates/factor_b2_v1_300m/rep5/rssi/factor_b2_v1_300m_rep5_vehicles_1s_opaque_no_vehicle_blockers_ge-100dbm_r20k_d3_llvm.npz
55d0d44c845cc92c63a7548b07c6bafb0bf630c9b4b5063ae13901c7bfdfb501	119992006	mobility_json	input_data/prepared_traces/luxembourg_ci_temporal5_paper_final_v1/replicates/factor_b2_v2_300m/rep2/mobility/factor_b2_v2_300m_rep2_all_vehicles_1s_full1800.json
2a79e4960f1b56ca722891b9c279d67b2e7166e44c34dfe1d8d50297f3cfdd1d	15602654	merged_rssi_npz	input_data/prepared_traces/luxembourg_ci_temporal5_paper_final_v1/replicates/factor_b2_v2_300m/rep2/rssi/factor_b2_v2_300m_rep2_vehicles_1s_opaque_no_vehicle_blockers_ge-100dbm_r20k_d3_llvm.npz
a3711dbd328cca22a8729e112b016709379fedad356be199015ca386f863d7fb	134169535	mobility_json	input_data/prepared_traces/luxembourg_ci_temporal5_paper_final_v1/replicates/factor_b2_v2_300m/rep3/mobility/factor_b2_v2_300m_rep3_all_vehicles_1s_full1800.json
4c083bd6d4862f24293151443b0e48325279aeeae93e2afad94e476ab3842f6f	21085121	merged_rssi_npz	input_data/prepared_traces/luxembourg_ci_temporal5_paper_final_v1/replicates/factor_b2_v2_300m/rep3/rssi/factor_b2_v2_300m_rep3_vehicles_1s_opaque_no_vehicle_blockers_ge-100dbm_r20k_d3_llvm.npz
d0dabba43793867acd71048e96dc2a9923f5b79b72fc8915c436e80018cea8bb	124862481	mobility_json	input_data/prepared_traces/luxembourg_ci_temporal5_paper_final_v1/replicates/factor_b2_v2_300m/rep4/mobility/factor_b2_v2_300m_rep4_all_vehicles_1s_full1800.json
e5393de40d43664b1b8ab094f6436bef773d869ff0a95725803364eac42d93ed	19312568	merged_rssi_npz	input_data/prepared_traces/luxembourg_ci_temporal5_paper_final_v1/replicates/factor_b2_v2_300m/rep4/rssi/factor_b2_v2_300m_rep4_vehicles_1s_opaque_no_vehicle_blockers_ge-100dbm_r20k_d3_llvm.npz
cf7903e789ed4252eefe1b15d780e39ca0a44b08888b7dcf2274b2b1bee66d14	120076946	mobility_json	input_data/prepared_traces/luxembourg_ci_temporal5_paper_final_v1/replicates/factor_b2_v2_300m/rep5/mobility/factor_b2_v2_300m_rep5_all_vehicles_1s_full1800.json
8cbbb0089779460a462b6d5fed25f6203df61b9b465f72f9db48f91bcbecdf09	15043621	merged_rssi_npz	input_data/prepared_traces/luxembourg_ci_temporal5_paper_final_v1/replicates/factor_b2_v2_300m/rep5/rssi/factor_b2_v2_300m_rep5_vehicles_1s_opaque_no_vehicle_blockers_ge-100dbm_r20k_d3_llvm.npz
b3f203a7d91456f18d9d087ed7f5e752a77d9c75b25cd2741784c740d77fe987	173120178	mobility_json	input_data/prepared_traces/luxembourg_ci_temporal5_paper_final_v1/replicates/factor_b2_v3_300m/rep2/mobility/factor_b2_v3_300m_rep2_all_vehicles_1s_full1800.json
59aef17fff4688a07d00f954ff5bb906cf3a72a703d8a06fd8f46fd3f4edc672	65585320	merged_rssi_npz	input_data/prepared_traces/luxembourg_ci_temporal5_paper_final_v1/replicates/factor_b2_v3_300m/rep2/rssi/factor_b2_v3_300m_rep2_vehicles_1s_opaque_no_vehicle_blockers_ge-100dbm_r20k_d3_llvm.npz
374f442e7909a885dc2a5dcf519c3e8b2d4b45e371346b62ca79a71eaf909497	168841627	mobility_json	input_data/prepared_traces/luxembourg_ci_temporal5_paper_final_v1/replicates/factor_b2_v3_300m/rep3/mobility/factor_b2_v3_300m_rep3_all_vehicles_1s_full1800.json
291a673dd25d5ba56b801b1e1a3f9d910c8cbc270567f775f964ab1cd29752be	55211582	merged_rssi_npz	input_data/prepared_traces/luxembourg_ci_temporal5_paper_final_v1/replicates/factor_b2_v3_300m/rep3/rssi/factor_b2_v3_300m_rep3_vehicles_1s_opaque_no_vehicle_blockers_ge-100dbm_r20k_d3_llvm.npz
b4d566ffadc2ea30c3f541d57a2e9687350a8157c8fa7e84454336f5773c4b05	197520749	mobility_json	input_data/prepared_traces/luxembourg_ci_temporal5_paper_final_v1/replicates/factor_b2_v3_300m/rep4/mobility/factor_b2_v3_300m_rep4_all_vehicles_1s_full1800.json
4bba1c6df82f25c9def1bdee98402a68fd1a11b4f708ac0f9e4f10a13e166c9a	86383535	merged_rssi_npz	input_data/prepared_traces/luxembourg_ci_temporal5_paper_final_v1/replicates/factor_b2_v3_300m/rep4/rssi/factor_b2_v3_300m_rep4_vehicles_1s_opaque_no_vehicle_blockers_ge-100dbm_r20k_d3_llvm.npz
ae97431c089a2aee2967f714c30d1aa3b508c066b68250d73451ea3868dc3560	171698154	mobility_json	input_data/prepared_traces/luxembourg_ci_temporal5_paper_final_v1/replicates/factor_b2_v3_300m/rep5/mobility/factor_b2_v3_300m_rep5_all_vehicles_1s_full1800.json
aa94b50e09e260153643ca560b2d74c74c3836609a3f1dac7e4e9c43b8253d57	61503628	merged_rssi_npz	input_data/prepared_traces/luxembourg_ci_temporal5_paper_final_v1/replicates/factor_b2_v3_300m/rep5/rssi/factor_b2_v3_300m_rep5_vehicles_1s_opaque_no_vehicle_blockers_ge-100dbm_r20k_d3_llvm.npz
fc3fc8af6aad18e41190c332328538f67f04d215d932e21e2584d4f6ea3883f1	88973227	mobility_json	input_data/prepared_traces/luxembourg_ci_temporal5_paper_final_v1/replicates/factor_b3_v1_300m/rep2/mobility/factor_b3_v1_300m_rep2_all_vehicles_1s_full1800.json
45c53879cd20cc7eee91649eda99107ad66e36d2b1951c401b252bef5a17cd7c	5903704	merged_rssi_npz	input_data/prepared_traces/luxembourg_ci_temporal5_paper_final_v1/replicates/factor_b3_v1_300m/rep2/rssi/factor_b3_v1_300m_rep2_vehicles_1s_opaque_no_vehicle_blockers_ge-100dbm_r20k_d3_llvm.npz
e1afeb79c32519a43cc873b4463126fa6e0fdec6d2c781d901c5d80a3f56ab51	95459425	mobility_json	input_data/prepared_traces/luxembourg_ci_temporal5_paper_final_v1/replicates/factor_b3_v1_300m/rep3/mobility/factor_b3_v1_300m_rep3_all_vehicles_1s_full1800.json
c2c0d1e0ddd013f0d7fc204c0606ff6024dfe3ad1d0e24f69e5875fdaabc5865	5715689	merged_rssi_npz	input_data/prepared_traces/luxembourg_ci_temporal5_paper_final_v1/replicates/factor_b3_v1_300m/rep3/rssi/factor_b3_v1_300m_rep3_vehicles_1s_opaque_no_vehicle_blockers_ge-100dbm_r20k_d3_llvm.npz
373f55c3246149d9e43d1001bd18fc4e933aa9beb96b373456b1ee5291d1616e	102390634	mobility_json	input_data/prepared_traces/luxembourg_ci_temporal5_paper_final_v1/replicates/factor_b3_v1_300m/rep4/mobility/factor_b3_v1_300m_rep4_all_vehicles_1s_full1800.json
f7983ea168078787eb0f604d253953471fc0560e45d01333ee5e9214f4e874ae	5293577	merged_rssi_npz	input_data/prepared_traces/luxembourg_ci_temporal5_paper_final_v1/replicates/factor_b3_v1_300m/rep4/rssi/factor_b3_v1_300m_rep4_vehicles_1s_opaque_no_vehicle_blockers_ge-100dbm_r20k_d3_llvm.npz
6590f4af5ccb175eb425db26bd7ca71fafd00a1cf64f215265a45a7de2faf76a	93432917	mobility_json	input_data/prepared_traces/luxembourg_ci_temporal5_paper_final_v1/replicates/factor_b3_v1_300m/rep5/mobility/factor_b3_v1_300m_rep5_all_vehicles_1s_full1800.json
ba0627247f0fed9c53b349676663bbd06986988ab27af37afcbcbaa61aeccc3b	5088726	merged_rssi_npz	input_data/prepared_traces/luxembourg_ci_temporal5_paper_final_v1/replicates/factor_b3_v1_300m/rep5/rssi/factor_b3_v1_300m_rep5_vehicles_1s_opaque_no_vehicle_blockers_ge-100dbm_r20k_d3_llvm.npz
079bebe16925cf36882cae120bc383a0bff8a2dadc92e11c916565d30d3e2875	125205258	mobility_json	input_data/prepared_traces/luxembourg_ci_temporal5_paper_final_v1/replicates/factor_b3_v2_300m/rep2/mobility/factor_b3_v2_300m_rep2_all_vehicles_1s_full1800.json
749d9f54775e774af7a27fbbb62cef7ab84e84ce25d84b0257fdec58663107ce	12834638	merged_rssi_npz	input_data/prepared_traces/luxembourg_ci_temporal5_paper_final_v1/replicates/factor_b3_v2_300m/rep2/rssi/factor_b3_v2_300m_rep2_vehicles_1s_opaque_no_vehicle_blockers_ge-100dbm_r20k_d3_llvm.npz
079bf595c893d10575748542601a526094df0adeeb384122509788b26fe48b8c	138172635	mobility_json	input_data/prepared_traces/luxembourg_ci_temporal5_paper_final_v1/replicates/factor_b3_v2_300m/rep3/mobility/factor_b3_v2_300m_rep3_all_vehicles_1s_full1800.json
5bd9381984b20a8355ebc410d9e3cb90b616ec379d80bc5c5e022927f25ea8c3	18767862	merged_rssi_npz	input_data/prepared_traces/luxembourg_ci_temporal5_paper_final_v1/replicates/factor_b3_v2_300m/rep3/rssi/factor_b3_v2_300m_rep3_vehicles_1s_opaque_no_vehicle_blockers_ge-100dbm_r20k_d3_llvm.npz
3a6ab787531c5d92d0ae89c81aa3354f02b20b99804f2d6383ca67ecb732be61	147864713	mobility_json	input_data/prepared_traces/luxembourg_ci_temporal5_paper_final_v1/replicates/factor_b3_v2_300m/rep4/mobility/factor_b3_v2_300m_rep4_all_vehicles_1s_full1800.json
65428663154c378e00f9cf7d1c7fea19ddc3e55567e3aaa70ab7c7299f376d09	18226371	merged_rssi_npz	input_data/prepared_traces/luxembourg_ci_temporal5_paper_final_v1/replicates/factor_b3_v2_300m/rep4/rssi/factor_b3_v2_300m_rep4_vehicles_1s_opaque_no_vehicle_blockers_ge-100dbm_r20k_d3_llvm.npz
0eed9f075e476070e25b6f3dee329bc75a406c5bd5a815f8f63cf0ece9c1f548	145575140	mobility_json	input_data/prepared_traces/luxembourg_ci_temporal5_paper_final_v1/replicates/factor_b3_v2_300m/rep5/mobility/factor_b3_v2_300m_rep5_all_vehicles_1s_full1800.json
e02c8bb07828663ed1300de612307e2529f134f41b99ba9d030e36d9ff3b1bb5	17176741	merged_rssi_npz	input_data/prepared_traces/luxembourg_ci_temporal5_paper_final_v1/replicates/factor_b3_v2_300m/rep5/rssi/factor_b3_v2_300m_rep5_vehicles_1s_opaque_no_vehicle_blockers_ge-100dbm_r20k_d3_llvm.npz
693afe8c9204f300e617cb415b0ba262b2b5f85bd47b2a0637bc0cd79cb8538d	158167034	mobility_json	input_data/prepared_traces/luxembourg_ci_temporal5_paper_final_v1/replicates/factor_b3_v3_300m/rep2/mobility/factor_b3_v3_300m_rep2_all_vehicles_1s_full1800.json
2853f46e895915299e26d55c0fa95b98f1b3eab626943cdc910316aecf105c54	49961364	merged_rssi_npz	input_data/prepared_traces/luxembourg_ci_temporal5_paper_final_v1/replicates/factor_b3_v3_300m/rep2/rssi/factor_b3_v3_300m_rep2_vehicles_1s_opaque_no_vehicle_blockers_ge-100dbm_r20k_d3_llvm.npz
46e9ed5e2751fe6eeb53403739f58c77d2e8f832df6a91b775b7213434bb4649	146787559	mobility_json	input_data/prepared_traces/luxembourg_ci_temporal5_paper_final_v1/replicates/factor_b3_v3_300m/rep3/mobility/factor_b3_v3_300m_rep3_all_vehicles_1s_full1800.json
820b21126fff9696f71b022117005abc21f39ebf09603385fbb7bbeae353fdd4	53110099	merged_rssi_npz	input_data/prepared_traces/luxembourg_ci_temporal5_paper_final_v1/replicates/factor_b3_v3_300m/rep3/rssi/factor_b3_v3_300m_rep3_vehicles_1s_opaque_no_vehicle_blockers_ge-100dbm_r20k_d3_llvm.npz
da25f50bfbd16e117f8794fb50c3896e12aa0e15b1f4187c79712afc2135bb4d	162110256	mobility_json	input_data/prepared_traces/luxembourg_ci_temporal5_paper_final_v1/replicates/factor_b3_v3_300m/rep4/mobility/factor_b3_v3_300m_rep4_all_vehicles_1s_full1800.json
f1e438cc606d70c32fe541fcf85106ce3d8b0647bb4c960c13e26f1356a573ee	61111726	merged_rssi_npz	input_data/prepared_traces/luxembourg_ci_temporal5_paper_final_v1/replicates/factor_b3_v3_300m/rep4/rssi/factor_b3_v3_300m_rep4_vehicles_1s_opaque_no_vehicle_blockers_ge-100dbm_r20k_d3_llvm.npz
edcda2b9a93c4e02844109e20f8b7e93ad07159baff03719479496a61b6d88c2	136488391	mobility_json	input_data/prepared_traces/luxembourg_ci_temporal5_paper_final_v1/replicates/factor_b3_v3_300m/rep5/mobility/factor_b3_v3_300m_rep5_all_vehicles_1s_full1800.json
0e11bed5d12f3cfb03a895b93a40bdeffb73c83cff10726fffffd38c9d8dd15d	45241080	merged_rssi_npz	input_data/prepared_traces/luxembourg_ci_temporal5_paper_final_v1/replicates/factor_b3_v3_300m/rep5/rssi/factor_b3_v3_300m_rep5_vehicles_1s_opaque_no_vehicle_blockers_ge-100dbm_r20k_d3_llvm.npz
ed6d32e6be42cb0e7349797d68067e98deb8818323c659f6cb8e1d3e4a61bfc9	90213081	mobility_json	input_data/prepared_traces/luxembourg_real_city/belair_300m_30min_opaque_buildings_no_vehicle_blockers/mobility/belair_300m_all_vehicles_0745_0815_1s_full1800.json
2c022d57fe442157e44eb4d083444acfbafe4af0cfc25004fd995bdeb45da214	28825589	merged_rssi_npz	input_data/prepared_traces/luxembourg_real_city/belair_300m_30min_opaque_buildings_no_vehicle_blockers/rssi/belair_300m_vehicles_0745_0815_1s_opaque_no_vehicle_blockers_ge-100dbm_r20k_d3_llvm.npz
e94ea1112a48fbb19caf5663d61720cfb0a77973844d7643cdfdc5f8dd33cd00	28845301	merged_rssi_npz	input_data/prepared_traces/luxembourg_real_city/belair_300m_30min_opaque_buildings_no_vehicle_blockers/rssi/belair_300m_vehicles_0745_0815_1s_opaque_no_vehicle_blockers_ge-100dbm_regular_visitors6x_routecover_v1.npz
13774867fdb0c16ed0dff5b1bfa6d518cb25a68d912649b9bab03a19d44ded71	68670345	mobility_json	input_data/prepared_traces/luxembourg_real_city/factor_b1_v1_300m_30min_opaque_buildings_no_vehicle_blockers/mobility/factor_b1_v1_300m_all_vehicles_0745_0815_1s_full1800.json
a97fd79089e82bb2c1f4a0d2da787ae1fb2cf3758493e54aaabd9c7f180f7ba8	4065105	merged_rssi_npz	input_data/prepared_traces/luxembourg_real_city/factor_b1_v1_300m_30min_opaque_buildings_no_vehicle_blockers/rssi/factor_b1_v1_300m_vehicles_0745_0815_1s_opaque_no_vehicle_blockers_ge-100dbm_r20k_d3_llvm.npz
940f37d0f1829cfc948f1940e09a265da533668fb948119f0e472fbd41d93e51	635886	mobility_json	input_data/prepared_traces/luxembourg_real_city/factor_b1_v2_100m_30min_opaque_buildings_no_vehicle_blockers/mobility/factor_b1_v2_100m_all_vehicles_0745_0815_1s_full1800.json
345117e3bf6beb7687f5349b85376246e611a759bee2842dfadc7b5d52290319	4786	merged_rssi_npz	input_data/prepared_traces/luxembourg_real_city/factor_b1_v2_100m_30min_opaque_buildings_no_vehicle_blockers/rssi/factor_b1_v2_100m_vehicles_0745_0815_1s_opaque_no_vehicle_blockers_ge-100dbm_r20k_d3_llvm.npz
d3e8803ff335f8f4ce8f264e13b4edef124c4280af454e3df7f2561cc8002c45	133809927	mobility_json	input_data/prepared_traces/luxembourg_real_city/factor_b1_v2_200m_30min_opaque_buildings_no_vehicle_blockers/mobility/factor_b1_v2_200m_all_vehicles_0745_0815_1s_full1800.json
5451427c611a73211919e0b48537e6ee2104c4e5ce993485dbf2a1f3b37a23c6	10577803	merged_rssi_npz	input_data/prepared_traces/luxembourg_real_city/factor_b1_v2_200m_30min_opaque_buildings_no_vehicle_blockers/rssi/factor_b1_v2_200m_vehicles_0745_0815_1s_opaque_no_vehicle_blockers_ge-100dbm_r20k_d3_llvm.npz
b2dabdec652401af22d67414f3a10cba6be97b87c4c9bc22f2ae169341ea1cad	148295475	mobility_json	input_data/prepared_traces/luxembourg_real_city/factor_b1_v2_300m_30min_opaque_buildings_no_vehicle_blockers/mobility/factor_b1_v2_300m_all_vehicles_0745_0815_1s_full1800.json
81899e1c9d3cd2473968595c00e2162fc0e99fc10bc905b6fc1249625e5b1fc3	25346935	merged_rssi_npz	input_data/prepared_traces/luxembourg_real_city/factor_b1_v2_300m_30min_opaque_buildings_no_vehicle_blockers/rssi/factor_b1_v2_300m_vehicles_0745_0815_1s_opaque_no_vehicle_blockers_ge-100dbm_r20k_d3_llvm.npz
7e381111fb3e0c54999094f6e5852d8ebbab6e29e62d9a90de6fb404823fdc93	130914737	mobility_json	input_data/prepared_traces/luxembourg_real_city/factor_b1_v2_hotspot_100m_30min_opaque_buildings_no_vehicle_blockers/mobility/factor_b1_v2_hotspot_100m_all_vehicles_0745_0815_1s_full1800.json
b60d563fc99c40235b91c3405cf133a2bb97b97f1b39497d7464d951cd5f870c	5595643	merged_rssi_npz	input_data/prepared_traces/luxembourg_real_city/factor_b1_v2_hotspot_100m_30min_opaque_buildings_no_vehicle_blockers/rssi/factor_b1_v2_hotspot_100m_vehicles_0745_0815_1s_opaque_no_vehicle_blockers_ge-100dbm_r20k_d3_llvm.npz
73ae03d8f72c9a84560bf02857fb09b6739d1de4df2bbeb3a662e26b05c20e17	300977286	mobility_json	input_data/prepared_traces/luxembourg_real_city/factor_b1_v3_300m_30min_opaque_buildings_no_vehicle_blockers/mobility/factor_b1_v3_300m_all_vehicles_0745_0815_1s_full1800.json
e74173cb7944bbd930e6c74ca88486917168b66ace8c3bf99441bc9d316295dd	93850740	merged_rssi_npz	input_data/prepared_traces/luxembourg_real_city/factor_b1_v3_300m_30min_opaque_buildings_no_vehicle_blockers/rssi/factor_b1_v3_300m_vehicles_0745_0815_1s_opaque_no_vehicle_blockers_ge-100dbm_r20k_d3_llvm.npz
5c739348aecbba17617df6e386ad9e1bfb98a121074f98e1dc04b8e84ceb65e5	86648374	mobility_json	input_data/prepared_traces/luxembourg_real_city/factor_b2_v1_300m_30min_opaque_buildings_no_vehicle_blockers/mobility/factor_b2_v1_300m_all_vehicles_0745_0815_1s_full1800.json
677c08dc1e02d35af0f4545820cabc6f63eef0ec9a4e8a89ab31859e9ccbf5be	4444868	merged_rssi_npz	input_data/prepared_traces/luxembourg_real_city/factor_b2_v1_300m_30min_opaque_buildings_no_vehicle_blockers/rssi/factor_b2_v1_300m_vehicles_0745_0815_1s_opaque_no_vehicle_blockers_ge-100dbm_r20k_d3_llvm.npz
d3ad9625ae91cd415118faf2bf257994aef96fa903509d6231f81c2406be27ef	66381267	mobility_json	input_data/prepared_traces/luxembourg_real_city/factor_b2_v2_100m_30min_opaque_buildings_no_vehicle_blockers/mobility/factor_b2_v2_100m_all_vehicles_0745_0815_1s_full1800.json
021a49f4f56a5ba3d9368da15405cc8111a8f710214511f9d7fd6f2980beb726	121152999	mobility_json	input_data/prepared_traces/luxembourg_real_city/factor_b2_v2_200m_30min_opaque_buildings_no_vehicle_blockers/mobility/factor_b2_v2_200m_all_vehicles_0745_0815_1s_full1800.json
2ad2789a09f83142cb7d444e9c3cec69cccadeca76b8d83180edb9ca3ae825c9	4889122	merged_rssi_npz	input_data/prepared_traces/luxembourg_real_city/factor_b2_v2_200m_30min_opaque_buildings_no_vehicle_blockers/rssi/factor_b2_v2_200m_vehicles_0745_0815_1s_opaque_no_vehicle_blockers_ge-100dbm_r20k_d3_llvm.npz
e60a85c4d3e05b5e83d2383d5f4d7473b6c579af6b65c47955fd370dc7c0c9d4	95489955	mobility_json	input_data/prepared_traces/luxembourg_real_city/factor_b2_v2_200m_density2x_30min_opaque_buildings_no_vehicle_blockers/mobility/factor_b2_v2_200m_density2x_all_vehicles_0745_0815_1s_full1800.json
3f98521186b3b56c8b754e77323b3d3afb2663767d6fadc203684f731b4e4460	21094840	merged_rssi_npz	input_data/prepared_traces/luxembourg_real_city/factor_b2_v2_200m_density2x_30min_opaque_buildings_no_vehicle_blockers/rssi/factor_b2_v2_200m_density2x_vehicles_0745_0815_1s_opaque_no_vehicle_blockers_ge-100dbm_r20k_d3_llvm.npz
7c7b3f0bd830cc24f37962343a20167432716a4a41177b240bdcbd97792028ea	190977230	mobility_json	input_data/prepared_traces/luxembourg_real_city/factor_b2_v2_200m_density4x_30min_opaque_buildings_no_vehicle_blockers/mobility/factor_b2_v2_200m_density4x_all_vehicles_0745_0815_1s_full1800.json
8393625073988e544ede69dfc334037fe7c54e6e8f4fc30eac82f0a3c1518ccc	95217018	merged_rssi_npz	input_data/prepared_traces/luxembourg_real_city/factor_b2_v2_200m_density4x_30min_opaque_buildings_no_vehicle_blockers/rssi/factor_b2_v2_200m_density4x_vehicles_0745_0815_1s_opaque_no_vehicle_blockers_ge-100dbm_r20k_d3_llvm.npz
2896de7038a61cdefea54e918bffc432f690971ba626af3cb96c498656a8952c	146366642	mobility_json	input_data/prepared_traces/luxembourg_real_city/factor_b2_v2_300m_30min_opaque_buildings_no_vehicle_blockers/mobility/factor_b2_v2_300m_all_vehicles_0745_0815_1s_full1800.json
21fde7c76173d3682bf2b7b4531119d212082ce5538094fe24ebd9972e4e079a	25696272	merged_rssi_npz	input_data/prepared_traces/luxembourg_real_city/factor_b2_v2_300m_30min_opaque_buildings_no_vehicle_blockers/rssi/factor_b2_v2_300m_vehicles_0745_0815_1s_opaque_no_vehicle_blockers_ge-100dbm_r20k_d3_llvm.npz
28b75c6cd94f9537fa100121e045476c2ff5c72e4da31f85bb96bc8f5db44151	98185769	mobility_json	input_data/prepared_traces/luxembourg_real_city/factor_b2_v2_hotspot_100m_30min_opaque_buildings_no_vehicle_blockers/mobility/factor_b2_v2_hotspot_100m_all_vehicles_0745_0815_1s_full1800.json
6360e6a39297506591f8cf34a3947f670e0fa0bba9985e0c70513f5c426feda3	2790191	merged_rssi_npz	input_data/prepared_traces/luxembourg_real_city/factor_b2_v2_hotspot_100m_30min_opaque_buildings_no_vehicle_blockers/rssi/factor_b2_v2_hotspot_100m_vehicles_0745_0815_1s_opaque_no_vehicle_blockers_ge-100dbm_r20k_d3_llvm.npz
6ae8363c568a760476a65fa2d88e8d0e67a68eae782568731165da086acc9b97	77202931	mobility_json	input_data/prepared_traces/luxembourg_real_city/factor_b2_v2_hotspot_100m_density2x_30min_opaque_buildings_no_vehicle_blockers/mobility/factor_b2_v2_hotspot_100m_density2x_all_vehicles_0745_0815_1s_full1800.json
0905b728e2cc5c07bfd86158c743ef9c21d90544e161a11c079da04e31e637b4	11828652	merged_rssi_npz	input_data/prepared_traces/luxembourg_real_city/factor_b2_v2_hotspot_100m_density2x_30min_opaque_buildings_no_vehicle_blockers/rssi/factor_b2_v2_hotspot_100m_density2x_vehicles_0745_0815_1s_opaque_no_vehicle_blockers_ge-100dbm_r20k_d3_llvm.npz
3ac046f1334837d5f56409c4dc8ff1863071b2669228371e7c15464d6f0f2b98	154402582	mobility_json	input_data/prepared_traces/luxembourg_real_city/factor_b2_v2_hotspot_100m_density4x_30min_opaque_buildings_no_vehicle_blockers/mobility/factor_b2_v2_hotspot_100m_density4x_all_vehicles_0745_0815_1s_full1800.json
0b8fa8298149dc40d5042ff216373f548085ef075480cae37873cb5859310fc2	57719190	merged_rssi_npz	input_data/prepared_traces/luxembourg_real_city/factor_b2_v2_hotspot_100m_density4x_30min_opaque_buildings_no_vehicle_blockers/rssi/factor_b2_v2_hotspot_100m_density4x_vehicles_0745_0815_1s_opaque_no_vehicle_blockers_ge-100dbm_r20k_d3_llvm.npz
5346bf20115a2a5189d6308bd7a780caf8ebafd841bf1d9df5c7041c4eca45c8	166921832	mobility_json	input_data/prepared_traces/luxembourg_real_city/factor_b2_v3_300m_30min_opaque_buildings_no_vehicle_blockers/mobility/factor_b2_v3_300m_all_vehicles_0745_0815_1s_full1800.json
82741889c03671165a52f052c9b30cc676f41d4bd7fb9e2363166ea3c341b2bc	67223302	merged_rssi_npz	input_data/prepared_traces/luxembourg_real_city/factor_b2_v3_300m_30min_opaque_buildings_no_vehicle_blockers/rssi/factor_b2_v3_300m_vehicles_0745_0815_1s_opaque_no_vehicle_blockers_ge-100dbm_r20k_d3_llvm.npz
dc5df8cd27a240d632b614857e2a140f25834bbaecd682920abef23b3cb4734e	84034482	mobility_json	input_data/prepared_traces/luxembourg_real_city/factor_b3_v1_300m_30min_opaque_buildings_no_vehicle_blockers/mobility/factor_b3_v1_300m_all_vehicles_0745_0815_1s_full1800.json
9ba7a41753ffa292c12a14691bebe76a3d38735723da9af709ffa02cb6216133	5754362	merged_rssi_npz	input_data/prepared_traces/luxembourg_real_city/factor_b3_v1_300m_30min_opaque_buildings_no_vehicle_blockers/rssi/factor_b3_v1_300m_vehicles_0745_0815_1s_opaque_no_vehicle_blockers_ge-100dbm_r20k_d3_llvm.npz
cf2b5a1409367eb4dc981bb934309913810128b15dc4e16de2d45f36c291ff94	93396891	mobility_json	input_data/prepared_traces/luxembourg_real_city/factor_b3_v2_100m_30min_opaque_buildings_no_vehicle_blockers/mobility/factor_b3_v2_100m_all_vehicles_0745_0815_1s_full1800.json
0415e4429bbb7f033dc19d094a2cf362deb77deca1ee9875e81bf1e31f726a3e	106619935	mobility_json	input_data/prepared_traces/luxembourg_real_city/factor_b3_v2_200m_30min_opaque_buildings_no_vehicle_blockers/mobility/factor_b3_v2_200m_all_vehicles_0745_0815_1s_full1800.json
9592ab488f48c4472491275018a8deae7f38457d3c8098511f52b893cfcea068	9742891	merged_rssi_npz	input_data/prepared_traces/luxembourg_real_city/factor_b3_v2_200m_30min_opaque_buildings_no_vehicle_blockers/rssi/factor_b3_v2_200m_vehicles_0745_0815_1s_opaque_no_vehicle_blockers_ge-100dbm_r20k_d3_llvm.npz
18e6ac57caaf0ffceb1a51083f6d3eb7aaa6674d1adddf0bc869a3297675bae5	144477477	mobility_json	input_data/prepared_traces/luxembourg_real_city/factor_b3_v2_300m_30min_opaque_buildings_no_vehicle_blockers/mobility/factor_b3_v2_300m_all_vehicles_0745_0815_1s_full1800.json
63470e7047d51d0d50412ebfefef462e39426144b32dfd95f35ff85df154b4ff	19783831	merged_rssi_npz	input_data/prepared_traces/luxembourg_real_city/factor_b3_v2_300m_30min_opaque_buildings_no_vehicle_blockers/rssi/factor_b3_v2_300m_vehicles_0745_0815_1s_opaque_no_vehicle_blockers_ge-100dbm_r20k_d3_llvm.npz
17bae78348aa35b35b67353268b4f7ac5ad501c91ad4361213aea170c6fe8dbb	82587761	mobility_json	input_data/prepared_traces/luxembourg_real_city/factor_b3_v2_hotspot_100m_30min_opaque_buildings_no_vehicle_blockers/mobility/factor_b3_v2_hotspot_100m_all_vehicles_0745_0815_1s_full1800.json
43659d276d81ce15a26f24ff9ef8439717f9f925f1137422a9bfdcebe7f7162e	5215340	merged_rssi_npz	input_data/prepared_traces/luxembourg_real_city/factor_b3_v2_hotspot_100m_30min_opaque_buildings_no_vehicle_blockers/rssi/factor_b3_v2_hotspot_100m_vehicles_0745_0815_1s_opaque_no_vehicle_blockers_ge-100dbm_r20k_d3_llvm.npz
e0635bfb1e4d0f6da02530feef5a7d8ce88bcbb2b32bd4286f657ea0741e3a0e	143712321	mobility_json	input_data/prepared_traces/luxembourg_real_city/factor_b3_v3_300m_30min_opaque_buildings_no_vehicle_blockers/mobility/factor_b3_v3_300m_all_vehicles_0745_0815_1s_full1800.json
2f4a332d267f8ee1b9532803dafe3aa6f5376ce6e6f2715cd37a76d22b6a2da1	49881356	merged_rssi_npz	input_data/prepared_traces/luxembourg_real_city/factor_b3_v3_300m_30min_opaque_buildings_no_vehicle_blockers/rssi/factor_b3_v3_300m_vehicles_0745_0815_1s_opaque_no_vehicle_blockers_ge-100dbm_r20k_d3_llvm.npz
082cbfd9bef1e30ce45787028a43940ae66918f1c76aa212c047aec2202c038b	216489217	mobility_json	input_data/prepared_traces/luxembourg_real_city/hollerich_w_300m_30min_opaque_buildings_no_vehicle_blockers/mobility/hollerich_w_300m_all_vehicles_0745_0815_1s_full1800.json
6e66602214d551ba1391745d6a087237408438eb01f3ce5ae2dc699e39196a75	143223686	merged_rssi_npz	input_data/prepared_traces/luxembourg_real_city/hollerich_w_300m_30min_opaque_buildings_no_vehicle_blockers/rssi/hollerich_w_300m_vehicles_0745_0815_1s_opaque_no_vehicle_blockers_ge-100dbm_r20k_d3_llvm.npz
680b06323eaf17101cea2b856790e0e5abb353db217a269bd0f544b39d42be20	143325186	merged_rssi_npz	input_data/prepared_traces/luxembourg_real_city/hollerich_w_300m_30min_opaque_buildings_no_vehicle_blockers/rssi/hollerich_w_300m_vehicles_0745_0815_1s_opaque_no_vehicle_blockers_ge-100dbm_regular_visitors6x_routecover_v1.npz
6d639f460991a5ef4ba0b228fe4d072e95ee65b4714fc43c0c28170bd76206c7	67207963	mobility_json	input_data/prepared_traces/luxembourg_real_city/limpertsberg_s_300m_30min_opaque_buildings_no_vehicle_blockers/mobility/limpertsberg_s_300m_all_vehicles_0745_0815_1s_full1800.json
9d811b1e28af725293f2fa6abee8caf49dea9be1ae57df06f53e490fc0066c11	2270087	merged_rssi_npz	input_data/prepared_traces/luxembourg_real_city/limpertsberg_s_300m_30min_opaque_buildings_no_vehicle_blockers/rssi/limpertsberg_s_300m_vehicles_0745_0815_1s_opaque_no_vehicle_blockers_ge-100dbm_r20k_d3_llvm.npz
97002c617c3826c7a4ac13746e4d6b72470d2bb67f80868234492069f87ccc91	2279271	merged_rssi_npz	input_data/prepared_traces/luxembourg_real_city/limpertsberg_s_300m_30min_opaque_buildings_no_vehicle_blockers/rssi/limpertsberg_s_300m_vehicles_0745_0815_1s_opaque_no_vehicle_blockers_ge-100dbm_regular_visitors6x_routecover_v1.npz
bd30aa1157a8ca8876de3ec508b9901748247c4c7571c9dc460bd0f838dcf499	158244058	mobility_json	input_data/prepared_traces/luxembourg_real_city/matched_b2v3_a_300m_30min_opaque_buildings_no_vehicle_blockers/mobility/matched_b2v3_a_300m_all_vehicles_0745_0815_1s_full1800.json
2e8fac9d44a9ce6845e9937af58d842625fc15a12ebfcfb2587e1642e0c977fd	66841917	merged_rssi_npz	input_data/prepared_traces/luxembourg_real_city/matched_b2v3_a_300m_30min_opaque_buildings_no_vehicle_blockers/rssi/matched_b2v3_a_300m_vehicles_0745_0815_1s_opaque_no_vehicle_blockers_ge-100dbm_r20k_d3_llvm.npz
b2d2f30cb87b186287f3a010552f7e727865e7756f16f6b0a7aee35fff8c55b7	188153604	mobility_json	input_data/prepared_traces/luxembourg_real_city/matched_b2v3_b_300m_30min_opaque_buildings_no_vehicle_blockers/mobility/matched_b2v3_b_300m_all_vehicles_0745_0815_1s_full1800.json
d9b20ee90ba0b068f163fb14c04eb8f2e67fa5b535e098621cf1911e192e7ccb	41942794	merged_rssi_npz	input_data/prepared_traces/luxembourg_real_city/matched_b2v3_b_300m_30min_opaque_buildings_no_vehicle_blockers/rssi/matched_b2v3_b_300m_vehicles_0745_0815_1s_opaque_no_vehicle_blockers_ge-100dbm_r20k_d3_llvm.npz
234002cf22af8fb90c963f45c50347d4c45d565a7359df29ec59dc93df279ae3	153946613	mobility_json	input_data/prepared_traces/luxembourg_real_city/place_wallis_300m_30min_opaque_buildings_no_vehicle_blockers/mobility/place_wallis_all_vehicles_0745_0815_1s_full1800.json
48bb576e0f44d7d4af331144998d97af3c40a898411706c50dad83670b784251	28553177	merged_rssi_npz	input_data/prepared_traces/luxembourg_real_city/place_wallis_300m_30min_opaque_buildings_no_vehicle_blockers/rssi/place_wallis_vehicles_0745_0815_1s_opaque_no_vehicle_blockers_ge-100dbm_r20k_d3_llvm.npz
bb56841a6da1fed14c50782b127255563454ebd1413561a02e30146264057c21	28584187	merged_rssi_npz	input_data/prepared_traces/luxembourg_real_city/place_wallis_300m_30min_opaque_buildings_no_vehicle_blockers/rssi/place_wallis_vehicles_0745_0815_1s_opaque_no_vehicle_blockers_ge-100dbm_regular_visitors6x_routecover_v1.npz
9a183ce64b23ab35830b4071eb262fa523b2be89a5043374a312dc65d994d94d	136914576	mobility_json	input_data/prepared_traces/luxembourg_real_city/ville_haute_300m_30min_opaque_buildings_no_vehicle_blockers/mobility/ville_haute_300m_all_vehicles_0745_0815_1s_full1800.json
64aa07b945f819ff062861320e21a28bfa044522727ed455c017247ef8bf36ea	21535755	merged_rssi_npz	input_data/prepared_traces/luxembourg_real_city/ville_haute_300m_30min_opaque_buildings_no_vehicle_blockers/rssi/ville_haute_300m_vehicles_0745_0815_1s_opaque_no_vehicle_blockers_ge-100dbm_r20k_d3_llvm.npz
a83619f7e67720edadc1fc8966863998142a6cf46b5541d8adcecafeb03db997	21562683	merged_rssi_npz	input_data/prepared_traces/luxembourg_real_city/ville_haute_300m_30min_opaque_buildings_no_vehicle_blockers/rssi/ville_haute_300m_vehicles_0745_0815_1s_opaque_no_vehicle_blockers_ge-100dbm_regular_visitors6x_routecover_v1.npz
