method_order,method,method_label,zone,building_score,vehicle_score,replicates,rmse,rmse_ci95,feasible_rmse,feasible_rmse_ci95,nonfeasible_rmse,nonfeasible_rmse_ci95,communication_mb_per_s,communication_mb_per_s_ci95
0,iso,ISO,factor_b1_v1,1,1,5,33.51640902514533,0.4354667643850281,39.143825583590605,0.5773016177936258,3.1638439042643993,1.937400793100975,0.0,0.0
0,iso,ISO,factor_b1_v2,1,2,5,31.43796947101929,1.1744863878402103,37.80178525398869,1.5273935393960534,3.4396342559857755,2.0997311390790574,0.0,0.0
0,iso,ISO,factor_b1_v3,1,3,5,30.31021999979426,1.2474609407678754,30.60467795558368,1.2648825378101543,5.5390827535631875,2.7092361023984837,0.0,0.0
0,iso,ISO,factor_b2_v1,2,1,5,25.620745332195476,1.181636538108398,36.82207919500259,1.7051192543791602,0.8341151842943806,0.28116945931828424,0.0,0.0
0,iso,ISO,factor_b2_v2,2,2,5,26.167566569982966,0.47451552328332863,37.21783648851795,0.6888965966512256,2.0328052118902735,0.26071210506645615,0.0,0.0
0,iso,ISO,factor_b2_v3,2,3,5,27.42178200971137,1.4535437694609097,33.080896538459704,1.8890423017010676,5.081606321105586,1.8048314234943696,0.0,0.0
0,iso,ISO,factor_b3_v1,3,1,5,26.268749676774945,0.6728491452865302,38.469807097477606,1.0577620057693653,2.5095426264450893,0.8132783693073231,0.0,0.0
0,iso,ISO,factor_b3_v2,3,2,5,25.318903458819214,1.128253208212124,37.303906307203796,1.680166648815677,1.5778625418725136,0.6377256910823366,0.0,0.0
0,iso,ISO,factor_b3_v3,3,3,5,26.28695919336202,0.9675453057440901,35.49870618870749,1.3260833100566656,2.087607032066638,0.36278706316775994,0.0,0.0
1,central,Central,factor_b1_v1,1,1,5,15.271912438075564,0.8588862513676181,8.427401060345932,1.8761772070963736,25.862498585468614,0.48310055896763854,0.0,0.0
1,central,Central,factor_b1_v2,1,2,5,13.622408465382563,1.014680669161634,9.230065571897331,1.9167468652220396,20.10419219458418,0.47053526283028085,0.0,0.0
1,central,Central,factor_b1_v3,1,3,5,7.198565234090919,0.09269188572599958,4.86542841613026,0.07291264767018317,37.91860299903023,0.7563784470729303,0.0,0.0
1,central,Central,factor_b2_v1,2,1,5,12.039131494169569,0.42321290024803426,11.43880879809458,1.8255587131938371,12.498601476496251,0.8674289813403206,0.0,0.0
1,central,Central,factor_b2_v2,2,2,5,12.659163940513693,0.6514296329137204,7.344091712352165,0.49273028764708576,16.219658245488624,1.0562303171961904,0.0,0.0
1,central,Central,factor_b2_v3,2,3,5,9.890918948923694,0.30528998726697015,7.495963097279436,0.9210783904185401,13.58732474016216,0.7914721825586064,0.0,0.0
1,central,Central,factor_b3_v1,3,1,5,11.45547467095695,0.6642158922185648,12.170288601361719,1.0495428462478151,10.770549589266789,0.977067292737496,0.0,0.0
1,central,Central,factor_b3_v2,3,2,5,10.646441729935438,1.1522839994981304,7.085980422376662,2.233212442535579,12.809511311600065,1.958202170546137,0.0,0.0
1,central,Central,factor_b3_v3,3,3,5,8.736123257280088,0.5436174531230387,8.400844055221032,1.016464747553874,9.087987341660527,0.7238333106636405,0.0,0.0
2,full,Full,factor_b1_v1,1,1,5,18.46726673874044,3.1413344396985865,11.422443713916818,6.147902063218773,28.516967398751206,3.6546807930698693,88.82775712000002,73.14218045560364
2,full,Full,factor_b1_v2,1,2,5,14.947203158529737,0.5841810257090406,9.754389732512488,1.630595545307467,22.430697264950904,0.8000096122911411,371.88048597119996,262.9112627326059
2,full,Full,factor_b1_v3,1,3,5,7.527397613244593,0.059689792753146766,5.212492735598187,0.08600671271794844,38.84144918529553,0.831685354242281,707.6244748864,83.42734066538884
2,full,Full,factor_b2_v1,2,1,5,15.089022404830425,0.7680483491997556,14.058776935414608,1.223116082849344,15.929605746225395,1.651783731628952,134.4047131008,103.0890762699197
2,full,Full,factor_b2_v2,2,2,5,16.14507762691317,1.0101508349179937,9.66564441384602,0.4468884774651118,20.56086545450784,1.4132613484027876,390.4474469504,151.85420858951068
2,full,Full,factor_b2_v3,2,3,5,13.123950028406139,0.3223305656077918,9.805913073918822,0.596743506404608,18.224679847237482,1.055844733811497,1584.2532467327999,1088.1350267102882
2,full,Full,factor_b3_v1,3,1,5,17.731248247393943,2.603645595459484,22.366998530995893,5.411951838232186,10.421803030244602,2.9889590775680834,72.97305338240001,55.23074119868764
2,full,Full,factor_b3_v2,3,2,5,12.995401731047838,0.9087700815755999,9.802791855055903,1.9914793632016958,15.147601161136777,0.40980301716765366,346.43010261119997,203.55685600686556
2,full,Full,factor_b3_v3,3,3,5,11.00786076977202,0.6928834725431877,10.840279343000805,0.9546983835096381,11.189228067696158,0.6199534554480394,1041.3148044928,516.881521567629
3,top5,Top 5,factor_b1_v1,1,1,5,18.36691197101835,3.011932760924235,11.385019684781856,6.154346630625085,28.318184559082045,3.7389710518412915,29.2350547104,14.283716239195192
3,top5,Top 5,factor_b1_v2,1,2,5,14.881800437192563,0.5016937343884278,10.165562009288113,1.8481775497964503,21.85377247691701,1.0726898674691603,49.961265296,16.67495715520808
3,top5,Top 5,factor_b1_v3,1,3,5,7.478081092217525,0.11647824928605104,5.180474742509641,0.11822488515379903,38.57648097219289,0.5864475100794196,65.18214554240001,3.8665413551901673
3,top5,Top 5,factor_b2_v1,2,1,5,15.272716729154595,0.22715793879668592,14.026222130702626,1.1362826991527755,16.308060867237703,1.0882727689852638,37.8095529024,14.509363041677101
3,top5,Top 5,factor_b2_v2,2,2,5,15.525343930693802,0.683694695150587,9.462642447308578,0.5848038645658518,19.691819883025936,0.9467552870748402,66.17412413119999,14.193907170825783
3,top5,Top 5,factor_b2_v3,2,3,5,12.866620046551239,0.4378184023574731,9.628277214805408,0.6982420019400921,17.84373076044017,1.1761336545485,129.9312927328,47.57211745437443
3,top5,Top 5,factor_b3_v1,3,1,5,17.84169969280598,2.574712602078973,22.64405777123135,5.228955906409079,10.343547675803874,3.1123970929044202,16.6950823296,8.250369259753285
3,top5,Top 5,factor_b3_v2,3,2,5,12.858845824383234,1.058296595350073,9.646946197572456,2.0137443143943767,15.01757110233211,0.6718980839594048,66.7191629504,19.12549027258339
3,top5,Top 5,factor_b3_v3,3,3,5,10.907884965994686,0.6577517622281327,10.645561713068952,0.9023511990600734,11.192505985636583,0.900434615071488,107.29669235840001,26.80447110324856
4,every1,Top 1,factor_b1_v1,1,1,5,18.243288560313953,3.1095090933352187,11.48777439961089,6.065145347313559,27.930107132869985,3.599350401400253,5.9671645024,2.7793374149369106
4,every1,Top 1,factor_b1_v2,1,2,5,14.716564291162324,0.48255443325268305,10.173550053961899,1.627847353164052,21.50670241466342,0.9355806677902584,10.008041715200001,3.313671209521543
4,every1,Top 1,factor_b1_v3,1,3,5,7.373003988247545,0.19157722479520953,5.250123743702233,0.06773109791495076,37.057594918421124,1.7861101714882035,12.9690183808,0.7567610702821833
4,every1,Top 1,factor_b2_v1,2,1,5,15.520243338536014,0.4593086013694154,14.361414346437211,1.2348245461432719,16.485756397170956,1.1105482244206586,7.750749052800001,2.8065370536765353
4,every1,Top 1,factor_b2_v2,2,2,5,15.400405862415392,0.6203562842537853,9.650912763624062,0.26467826932183286,19.40686028864352,0.9587036796464481,13.4205137952,2.866134238570833
4,every1,Top 1,factor_b2_v3,2,3,5,13.133576726361536,0.438995209765423,9.867172221718743,0.7059721049625448,18.18227380749552,0.7922340286800357,26.0043226816,9.52288872268655
4,every1,Top 1,factor_b3_v1,3,1,5,17.91866295916706,2.6388796885058023,23.072254909610383,5.139135341842513,9.969657337463115,2.947388779966834,3.3384448512,1.652223882297779
4,every1,Top 1,factor_b3_v2,3,2,5,13.031684016021037,0.8602829529593266,9.739453804043022,1.7959756948689505,15.24511280874855,0.5521231288972681,13.6421251424,3.802501077848538
4,every1,Top 1,factor_b3_v3,3,3,5,10.795363258360425,0.6468514585203334,10.729158781425395,0.8870282752460088,10.847303935342378,0.9454300695812298,21.4915117664,5.399160865067753
5,every5,Every 5,factor_b1_v1,1,1,5,20.03412152684448,2.5301355966187407,15.808798366426362,4.589610537436739,26.593174202371824,3.932609506686184,1.1857716032,0.5712066996306348
5,every5,Every 5,factor_b1_v2,1,2,5,17.417361947213017,1.0792724551300616,16.25274258583651,1.8600640624517153,19.38101251453876,0.5892372649798073,1.8810740064,0.6296770922622498
5,every5,Every 5,factor_b1_v3,1,3,5,15.056003359532761,1.086075315875841,14.895843461371138,1.143337349398354,21.1443106543802,1.5203468660868926,2.3988860256000004,0.15505854549531364
5,every5,Every 5,factor_b2_v1,2,1,5,17.14105801422129,0.8490322130569132,19.51346972283165,1.4389926501369799,14.295297951691555,0.8518131109338588,1.5470405120000001,0.5605442426957254
5,every5,Every 5,factor_b2_v2,2,2,5,16.99633935492401,0.37062391463834515,14.917571365065749,0.5376049447965687,18.4547118923621,0.8384668109642106,2.686523664,0.5749791824594913
5,every5,Every 5,factor_b2_v3,2,3,5,15.642415657277974,0.6818005016543561,13.999459586405091,0.4341765351847316,18.53063698128996,1.7620839552927199,5.2096548992,1.9036128001813406
5,every5,Every 5,factor_b3_v1,3,1,5,19.969190704738857,2.1104385955985476,27.703031285901478,3.675209712185796,7.517376302990778,1.456036404838747,0.5405299008,0.22436839781425186
5,every5,Every 5,factor_b3_v2,3,2,5,14.573054814871227,0.8388667764363871,15.214703070133405,1.347229055842646,13.787907663575345,0.5771038267429587,2.7218037984,0.7605552582476599
5,every5,Every 5,factor_b3_v3,3,3,5,13.365511424315864,0.35437173435075253,15.385248033004126,0.46200304812038906,10.313195691786301,0.8827999358050709,4.2348165375999995,1.054151516943185
6,every10,Every 10,factor_b1_v1,1,1,5,21.89270401828936,2.576811637868478,19.686780571907423,4.292315384428252,24.29082649694358,3.5680717960017563,0.5869085888,0.2928355324230525
6,every10,Every 10,factor_b1_v2,1,2,5,18.669465050733372,1.2254991470603955,18.374591398361503,1.9749142323675652,18.6849783634378,0.7429598687282133,0.9174090464000001,0.31224473530526003
6,every10,Every 10,factor_b1_v3,1,3,5,17.7155748775299,1.0570687735894253,17.724988740348614,1.0745187902860767,16.695021222195948,1.0546033947396587,1.1584907232,0.07118289872833264
6,every10,Every 10,factor_b2_v1,2,1,5,18.151361554664103,1.1183658307655648,22.33872002311053,2.546716748693976,12.59005430707203,2.0094909951324,0.7355497024,0.30362574287907124
6,every10,Every 10,factor_b2_v2,2,2,5,18.05767150925694,1.263377378835896,17.535737926407627,1.3876583360582662,18.013467587398264,2.171245906732132,1.3392363136,0.28564996239161544
6,every10,Every 10,factor_b2_v3,2,3,5,16.93073055104578,0.203124141810679,16.23259449933949,0.5882008409686725,18.15489526349709,0.9161655003362081,2.6052054399999998,0.9495227816466387
6,every10,Every 10,factor_b3_v1,3,1,5,21.904082851395586,1.8674996499009875,31.14083086983848,3.0413333362164843,5.991086037079279,1.2497047182136334,0.24105477120000002,0.10440140608215798
6,every10,Every 10,factor_b3_v2,3,2,5,15.936791115087237,0.7460507118106556,18.232338438127986,1.017048255589909,13.363716111183475,0.4887336623652779,1.3401594464,0.38561097391305554
6,every10,Every 10,factor_b3_v3,3,3,5,14.59256027748074,0.6917593744252477,17.538691887268584,1.234182793063321,9.78763406599576,1.1516222500894218,2.0737443616,0.5335632438318257
7,every20,Every 20,factor_b1_v1,1,1,5,24.603166945176792,2.5821832500039616,24.89847108008885,4.219878027603307,21.085747257842904,4.458870687755906,0.280729936,0.13963166817981562
7,every20,Every 20,factor_b1_v2,1,2,5,21.174590809176518,1.4158882060448017,22.452713052837304,2.0859872768770296,17.29133320551602,1.0218293288986673,0.41639245440000006,0.14525517461033374
7,every20,Every 20,factor_b1_v3,1,3,5,20.55341971559026,1.2486709355665775,20.639752143314883,1.274936887777882,15.202009626973503,0.3574463994105327,0.5450661567999999,0.02737289972786922
7,every20,Every 20,factor_b2_v1,2,1,5,19.59957233557977,1.21955010190255,25.897339823454267,2.5094863678968014,10.281481127154924,1.8867892936278672,0.3232801696,0.15709888569347946
7,every20,Every 20,factor_b2_v2,2,2,5,18.418006592223716,1.1853747517818662,21.589788086227383,1.6487035562213426,13.67134350693,3.798742227805944,0.6103850752,0.16358389816322313
7,every20,Every 20,factor_b2_v3,2,3,5,19.608899172809434,0.9798623643204504,19.743398013371365,1.2603455794506766,19.027401147063564,1.9506788814007852,1.2504112544,0.44684066041304477
7,every20,Every 20,factor_b3_v1,3,1,5,23.58730692675534,1.0068541313513784,33.992672528749736,1.6590710597388232,4.828230162721311,0.9255605179329945,0.106918176,0.04851676678556239
7,every20,Every 20,factor_b3_v2,3,2,5,18.137757959981286,0.3099359192688979,23.002828737546913,0.5403542258545638,12.13082749152926,1.2380204763102693,0.61445376,0.2024013080378289
7,every20,Every 20,factor_b3_v3,3,3,5,16.80314672097304,0.4730557873095185,20.84434825231449,0.9549586016761703,9.628148378169296,1.4740139585755467,0.96972352,0.2572600060766008
8,every40,Every 40,factor_b1_v1,1,1,5,30.33171774786979,3.4174845091676804,34.43162655901314,5.269094354505017,10.558275761085437,7.135438693845115,0.10727128959999999,0.0649897472896913
8,every40,Every 40,factor_b1_v2,1,2,5,25.56527065693352,2.4196407800871484,29.643408778202854,3.5613188203381183,11.158946262414434,3.529014082219367,0.1725641632,0.06151526342238562
8,every40,Every 40,factor_b1_v3,1,3,5,22.041474100022384,1.1921374712429078,22.156842038124985,1.2162527756610582,14.918926702594053,0.49509196591464694,0.27335303359999996,0.013531308768397615
8,every40,Every 40,factor_b2_v1,2,1,5,22.30198707278179,1.5226366333811698,31.351543903639016,2.979458520245013,5.2300507353255155,3.7420677314300024,0.11004782719999999,0.06092774995025114
8,every40,Every 40,factor_b2_v2,2,2,5,20.612870030571592,1.8530238560419938,28.12546918866268,3.4376109049597403,7.299368275289882,3.317980973098718,0.24044922240000002,0.11111862522470527
8,every40,Every 40,factor_b2_v3,2,3,5,21.776040673636295,1.0997190533041468,23.311307370971186,1.9577973550483592,17.507528550249056,1.917079146286831,0.628808544,0.22301924663961062
8,every40,Every 40,factor_b3_v1,3,1,5,24.78732779665483,0.9393487817502088,35.993611437315174,1.5090570182612917,4.024042955928117,0.8521396596362641,0.048244032000000006,0.020081329878958557
8,every40,Every 40,factor_b3_v2,3,2,5,20.913672763290936,1.3907839384177794,29.44284479010488,2.8305398497621104,7.366351970986173,3.728701601855245,0.2362232192,0.13604771436595833
8,every40,Every 40,factor_b3_v3,3,3,5,19.31390632230704,0.6578504322477726,24.827794716847748,1.0659108089673164,8.528833405357656,1.0572872094668502,0.46229538559999994,0.11832079817752933
9,every80,Every 80,factor_b1_v1,1,1,5,32.3569291459358,2.082045406990877,37.50724683751882,3.0275541297492223,6.230774978574765,5.424944350715431,0.048377769599999995,0.03043850899429951
9,every80,Every 80,factor_b1_v2,1,2,5,29.946434966080005,1.751884271766482,35.88257371623814,2.4248947436090664,4.555421469498599,3.3912187519462624,0.0501493728,0.03802444432425693
9,every80,Every 80,factor_b1_v3,1,3,5,23.76851667196994,0.8060203760469468,23.924720981620588,0.8213270918797716,13.923096278637718,0.8744688493797805,0.1359214496,0.007165257430536639
9,every80,Every 80,factor_b2_v1,2,1,5,24.432219280565356,1.7513165596210427,35.02504375368666,2.6410181133434527,1.9182443314728836,1.3632348788430995,0.036008070399999995,0.025324862471153307
9,every80,Every 80,factor_b2_v2,2,2,5,24.631765236869295,0.48423802502697033,34.90707376829526,0.732176404150852,3.102005420923993,0.3142115953347728,0.07078820799999999,0.01919862826724501
9,every80,Every 80,factor_b2_v3,2,3,5,23.95681678563254,1.912412306520787,27.109386574912456,2.9924278870664076,14.313866099485983,3.2858711288610025,0.3148472032,0.11057362234299094
9,every80,Every 80,factor_b3_v1,3,1,5,25.68673841370286,0.9825631023093954,37.51689912743395,1.5717007123858648,3.045025658095357,1.0211942570635524,0.0227590144,0.011187686363836344
9,every80,Every 80,factor_b3_v2,3,2,5,23.973836513425738,1.0233806485174899,35.2367424581535,1.6214662866535359,2.344037102709571,1.2798596284056898,0.0674152224,0.042716589852906654
9,every80,Every 80,factor_b3_v3,3,3,5,22.849066605067463,2.2424405927698037,30.448250483339034,3.3449079369252943,5.069565454544274,1.9794339795110265,0.17451869120000002,0.08835986682026586
10,ungated,Ungated Greedy,factor_b1_v1,1,1,5,22.39399412101518,3.9770433967507377,11.009423874699475,3.6137246650584633,38.90391749798043,5.4731949355241385,4.386819456,3.4750152067766886
10,ungated,Ungated Greedy,factor_b1_v2,1,2,5,21.245417965402215,0.639068500323296,6.355494030680964,0.6905250943748086,36.78879863536786,0.9726408324221036,25.622513856,18.603214395578004
10,ungated,Ungated Greedy,factor_b1_v3,1,3,5,7.018842852026017,0.11195805382201521,3.8992650794788517,0.18526193065071792,41.530700200134596,0.3559222270697971,57.063471264,6.76532861492332
10,ungated,Ungated Greedy,factor_b2_v1,2,1,5,32.90868047139243,6.765157433439065,15.249746186007012,4.41733582056838,43.332167217037025,8.476987870650236,6.589682784,5.014174782998204
10,ungated,Ungated Greedy,factor_b2_v2,2,2,5,23.792898699577155,1.5401849243756982,10.420130248157545,0.9220776025652457,31.770273454995,2.0603522722088345,19.038590496,7.4056221417487444
10,ungated,Ungated Greedy,factor_b2_v3,2,3,5,16.05122911214368,1.8778051122714807,9.919387281075077,0.8863891619957882,24.36363260034949,3.1858431908574807,76.994888832,52.71329214369466
10,ungated,Ungated Greedy,factor_b3_v1,3,1,5,37.50841072750005,4.752122693655557,17.032661343773523,4.976902459568375,48.5066965903847,5.177430606152612,6.137480736,3.845691201741761
10,ungated,Ungated Greedy,factor_b3_v2,3,2,5,27.978066769674577,3.173893930194756,14.977078205084302,1.4908830462252947,35.42856284127899,4.240657857182252,16.896811968,9.932716189089797
10,ungated,Ungated Greedy,factor_b3_v3,3,3,5,19.936562342038275,3.013056918727621,10.293534376467544,0.2852354150343137,27.33227741901274,4.704352176949385,51.11593516800001,25.243199247563723
