map_id,method_id,method_label,method_family,status,tail_rmse_db,model_transfers,final_step,source_run_directory
factor_b1_v1,centralized_reference,Centralized reference,reference,complete,14.412677,0,1799,paper_experiments/results/paper/luxembourg_cell_grid_factorial_sweeps_v1/methods/factor_b1_v1/cell_grid_central_eval50_tail10x25
factor_b1_v2,centralized_reference,Centralized reference,reference,complete,13.143763,0,1799,paper_experiments/results/paper/luxembourg_cell_grid_factorial_sweeps_v1/methods/factor_b1_v2/cell_grid_central_eval50_tail10x25
factor_b1_v3,centralized_reference,Centralized reference,reference,complete,7.085591,0,1799,paper_experiments/results/paper/luxembourg_cell_grid_factorial_sweeps_v1/methods/factor_b1_v3/cell_grid_central_eval50_tail10x25
factor_b2_v1,centralized_reference,Centralized reference,reference,complete,12.508719,0,1799,paper_experiments/results/paper/luxembourg_cell_grid_factorial_sweeps_v1/methods/factor_b2_v1/cell_grid_central_eval50_tail10x25
factor_b2_v2,centralized_reference,Centralized reference,reference,complete,12.295703,0,1799,paper_experiments/results/paper/luxembourg_cell_grid_factorial_sweeps_v1/methods/factor_b2_v2/cell_grid_central_eval50_tail10x25
factor_b2_v3,centralized_reference,Centralized reference,reference,complete,9.997898,0,1799,paper_experiments/results/paper/luxembourg_cell_grid_factorial_sweeps_v1/methods/factor_b2_v3/cell_grid_central_eval50_tail10x25
factor_b3_v1,centralized_reference,Centralized reference,reference,complete,11.948445,0,1799,paper_experiments/results/paper/luxembourg_cell_grid_factorial_sweeps_v1/methods/factor_b3_v1/cell_grid_central_eval50_tail10x25
factor_b3_v2,centralized_reference,Centralized reference,reference,complete,11.458095,0,1799,paper_experiments/results/paper/luxembourg_cell_grid_factorial_sweeps_v1/methods/factor_b3_v2/cell_grid_central_eval50_tail10x25
factor_b3_v3,centralized_reference,Centralized reference,reference,complete,8.798194,0,1799,paper_experiments/results/paper/luxembourg_cell_grid_factorial_sweeps_v1/methods/factor_b3_v3/cell_grid_central_eval50_tail10x25
factor_b1_v1,intensity_top1,"Grid intensity, Top-1",deterministic_grid_intensity,complete,16.970579,28829,1799,paper_experiments/results/paper/luxembourg_cell_grid_intensity_budget_sweep_v1/methods/factor_b1_v1/cell_grid_intensity_top1_eval50_tail10x25
factor_b1_v2,intensity_top1,"Grid intensity, Top-1",deterministic_grid_intensity,complete,14.418952,66330,1799,paper_experiments/results/paper/luxembourg_cell_grid_intensity_budget_sweep_v1/methods/factor_b1_v2/cell_grid_intensity_top1_eval50_tail10x25
factor_b1_v3,intensity_top1,"Grid intensity, Top-1",deterministic_grid_intensity,complete,7.289058,105778,1799,paper_experiments/results/paper/luxembourg_cell_grid_intensity_budget_sweep_v1/methods/factor_b1_v3/cell_grid_intensity_top1_eval50_tail10x25
factor_b2_v1,intensity_top1,"Grid intensity, Top-1",deterministic_grid_intensity,complete,15.874001,29070,1799,paper_experiments/results/paper/luxembourg_cell_grid_intensity_budget_sweep_v1/methods/factor_b2_v1/cell_grid_intensity_top1_eval50_tail10x25
factor_b2_v2,intensity_top1,"Grid intensity, Top-1",deterministic_grid_intensity,complete,16.148289,70598,1799,paper_experiments/results/paper/luxembourg_cell_grid_intensity_budget_sweep_v1/methods/factor_b2_v2/cell_grid_intensity_top1_eval50_tail10x25
factor_b2_v3,intensity_top1,"Grid intensity, Top-1",deterministic_grid_intensity,complete,13.223000,108357,1799,paper_experiments/results/paper/luxembourg_cell_grid_intensity_budget_sweep_v1/methods/factor_b2_v3/cell_grid_intensity_top1_eval50_tail10x25
factor_b3_v1,intensity_top1,"Grid intensity, Top-1",deterministic_grid_intensity,complete,24.960873,27081,1799,paper_experiments/results/paper/luxembourg_cell_grid_intensity_budget_sweep_v1/methods/factor_b3_v1/cell_grid_intensity_top1_eval50_tail10x25
factor_b3_v2,intensity_top1,"Grid intensity, Top-1",deterministic_grid_intensity,complete,13.125899,66004,1799,paper_experiments/results/paper/luxembourg_cell_grid_intensity_budget_sweep_v1/methods/factor_b3_v2/cell_grid_intensity_top1_eval50_tail10x25
factor_b3_v3,intensity_top1,"Grid intensity, Top-1",deterministic_grid_intensity,complete,10.759701,99368,1799,paper_experiments/results/paper/luxembourg_cell_grid_intensity_budget_sweep_v1/methods/factor_b3_v3/cell_grid_intensity_top1_eval50_tail10x25
factor_b1_v1,intensity_top5,"Grid intensity, Top-5",deterministic_grid_intensity,complete,17.348539,140848,1799,paper_experiments/results/paper/luxembourg_cell_grid_intensity_budget_sweep_v1/methods/factor_b1_v1/cell_grid_intensity_top5_eval50_tail10x25
factor_b1_v2,intensity_top5,"Grid intensity, Top-5",deterministic_grid_intensity,complete,14.447024,329384,1799,paper_experiments/results/paper/luxembourg_cell_grid_intensity_budget_sweep_v1/methods/factor_b1_v2/cell_grid_intensity_top5_eval50_tail10x25
factor_b1_v3,intensity_top5,"Grid intensity, Top-5",deterministic_grid_intensity,complete,7.522942,528890,1799,paper_experiments/results/paper/luxembourg_cell_grid_intensity_budget_sweep_v1/methods/factor_b1_v3/cell_grid_intensity_top5_eval50_tail10x25
factor_b2_v1,intensity_top5,"Grid intensity, Top-5",deterministic_grid_intensity,complete,15.531678,141754,1799,paper_experiments/results/paper/luxembourg_cell_grid_intensity_budget_sweep_v1/methods/factor_b2_v1/cell_grid_intensity_top5_eval50_tail10x25
factor_b2_v2,intensity_top5,"Grid intensity, Top-5",deterministic_grid_intensity,complete,16.383322,347982,1799,paper_experiments/results/paper/luxembourg_cell_grid_intensity_budget_sweep_v1/methods/factor_b2_v2/cell_grid_intensity_top5_eval50_tail10x25
factor_b2_v3,intensity_top5,"Grid intensity, Top-5",deterministic_grid_intensity,complete,13.376493,541619,1799,paper_experiments/results/paper/luxembourg_cell_grid_intensity_budget_sweep_v1/methods/factor_b2_v3/cell_grid_intensity_top5_eval50_tail10x25
factor_b3_v1,intensity_top5,"Grid intensity, Top-5",deterministic_grid_intensity,complete,24.649879,130463,1799,paper_experiments/results/paper/luxembourg_cell_grid_intensity_budget_sweep_v1/methods/factor_b3_v1/cell_grid_intensity_top5_eval50_tail10x25
factor_b3_v2,intensity_top5,"Grid intensity, Top-5",deterministic_grid_intensity,complete,12.634705,323274,1799,paper_experiments/results/paper/luxembourg_cell_grid_intensity_budget_sweep_v1/methods/factor_b3_v2/cell_grid_intensity_top5_eval50_tail10x25
factor_b3_v3,intensity_top5,"Grid intensity, Top-5",deterministic_grid_intensity,complete,11.140324,495951,1799,paper_experiments/results/paper/luxembourg_cell_grid_intensity_budget_sweep_v1/methods/factor_b3_v3/cell_grid_intensity_top5_eval50_tail10x25
factor_b1_v1,intensity_all,"Grid intensity, all available",deterministic_grid_intensity,complete,17.195170,391923,1799,paper_experiments/results/paper/luxembourg_cell_grid_intensity_budget_sweep_v1/methods/factor_b1_v1/cell_grid_intensity_greedy_eval50_tail10x25
factor_b1_v2,intensity_all,"Grid intensity, all available",deterministic_grid_intensity,complete,14.476025,2211225,1799,paper_experiments/results/paper/luxembourg_cell_grid_intensity_budget_sweep_v1/methods/factor_b1_v2/cell_grid_intensity_greedy_eval50_tail10x25
factor_b1_v3,intensity_all,"Grid intensity, all available",deterministic_grid_intensity,complete,7.475737,5921902,1799,paper_experiments/results/paper/luxembourg_cell_grid_intensity_budget_sweep_v1/methods/factor_b1_v3/cell_grid_intensity_greedy_eval50_tail10x25
factor_b2_v1,intensity_all,"Grid intensity, all available",deterministic_grid_intensity,complete,14.766301,407127,1799,paper_experiments/results/paper/luxembourg_cell_grid_intensity_budget_sweep_v1/methods/factor_b2_v1/cell_grid_intensity_greedy_eval50_tail10x25
factor_b2_v2,intensity_all,"Grid intensity, all available",deterministic_grid_intensity,complete,18.259157,2208858,1799,paper_experiments/results/paper/luxembourg_cell_grid_intensity_budget_sweep_v1/methods/factor_b2_v2/cell_grid_intensity_greedy_eval50_tail10x25
factor_b2_v3,intensity_all,"Grid intensity, all available",deterministic_grid_intensity,complete,13.252760,5782204,1799,paper_experiments/results/paper/luxembourg_cell_grid_intensity_budget_sweep_v1/methods/factor_b2_v3/cell_grid_intensity_greedy_eval50_tail10x25
factor_b3_v1,intensity_all,"Grid intensity, all available",deterministic_grid_intensity,complete,24.677736,480376,1799,paper_experiments/results/paper/luxembourg_cell_grid_intensity_budget_sweep_v1/methods/factor_b3_v1/cell_grid_intensity_greedy_eval50_tail10x25
factor_b3_v2,intensity_all,"Grid intensity, all available",deterministic_grid_intensity,complete,12.833050,1705071,1799,paper_experiments/results/paper/luxembourg_cell_grid_intensity_budget_sweep_v1/methods/factor_b3_v2/cell_grid_intensity_greedy_eval50_tail10x25
factor_b3_v3,intensity_all,"Grid intensity, all available",deterministic_grid_intensity,complete,10.655937,4291561,1799,paper_experiments/results/paper/luxembourg_cell_grid_intensity_budget_sweep_v1/methods/factor_b3_v3/cell_grid_intensity_greedy_eval50_tail10x25
factor_b1_v1,sample_count_top1,"Sample count, Top-1",deterministic_sample_count,complete,17.240614,28829,1799,paper_experiments/results/paper/luxembourg_cell_grid_factorial_sweeps_v1/methods/factor_b1_v1/cell_grid_weighted_pull1_eval50_tail10x25
factor_b1_v2,sample_count_top1,"Sample count, Top-1",deterministic_sample_count,complete,14.230004,66330,1799,paper_experiments/results/paper/luxembourg_cell_grid_factorial_sweeps_v1/methods/factor_b1_v2/cell_grid_weighted_pull1_eval50_tail10x25
factor_b1_v3,sample_count_top1,"Sample count, Top-1",deterministic_sample_count,complete,7.640826,105778,1799,paper_experiments/results/paper/luxembourg_cell_grid_factorial_sweeps_v1/methods/factor_b1_v3/cell_grid_weighted_pull1_eval50_tail10x25
factor_b2_v1,sample_count_top1,"Sample count, Top-1",deterministic_sample_count,complete,15.716351,29070,1799,paper_experiments/results/paper/luxembourg_cell_grid_factorial_sweeps_v1/methods/factor_b2_v1/cell_grid_weighted_pull1_eval50_tail10x25
factor_b2_v2,sample_count_top1,"Sample count, Top-1",deterministic_sample_count,complete,15.474994,70598,1799,paper_experiments/results/paper/luxembourg_cell_grid_factorial_sweeps_v1/methods/factor_b2_v2/cell_grid_weighted_pull1_eval50_tail10x25
factor_b2_v3,sample_count_top1,"Sample count, Top-1",deterministic_sample_count,complete,14.437025,108357,1799,paper_experiments/results/paper/luxembourg_cell_grid_factorial_sweeps_v1/methods/factor_b2_v3/cell_grid_weighted_pull1_eval50_tail10x25
factor_b3_v1,sample_count_top1,"Sample count, Top-1",deterministic_sample_count,complete,25.028372,27081,1799,paper_experiments/results/paper/luxembourg_cell_grid_factorial_sweeps_v1/methods/factor_b3_v1/cell_grid_weighted_pull1_eval50_tail10x25
factor_b3_v2,sample_count_top1,"Sample count, Top-1",deterministic_sample_count,complete,12.632300,66004,1799,paper_experiments/results/paper/luxembourg_cell_grid_factorial_sweeps_v1/methods/factor_b3_v2/cell_grid_weighted_pull1_eval50_tail10x25
factor_b3_v3,sample_count_top1,"Sample count, Top-1",deterministic_sample_count,complete,11.585533,99368,1799,paper_experiments/results/paper/luxembourg_cell_grid_factorial_sweeps_v1/methods/factor_b3_v3/cell_grid_weighted_pull1_eval50_tail10x25
factor_b1_v1,sample_count_top2,"Sample count, Top-2",deterministic_sample_count,complete,17.245217,57507,1799,paper_experiments/results/paper/luxembourg_cell_grid_factorial_sweeps_v1/methods/factor_b1_v1/cell_grid_weighted_pull2_eval50_tail10x25
factor_b1_v2,sample_count_top2,"Sample count, Top-2",deterministic_sample_count,complete,14.214922,132329,1799,paper_experiments/results/paper/luxembourg_cell_grid_factorial_sweeps_v1/methods/factor_b1_v2/cell_grid_weighted_pull2_eval50_tail10x25
factor_b1_v3,sample_count_top2,"Sample count, Top-2",deterministic_sample_count,complete,7.523680,211556,1799,paper_experiments/results/paper/luxembourg_cell_grid_factorial_sweeps_v1/methods/factor_b1_v3/cell_grid_weighted_pull2_eval50_tail10x25
factor_b2_v1,sample_count_top2,"Sample count, Top-2",deterministic_sample_count,complete,16.178329,57886,1799,paper_experiments/results/paper/luxembourg_cell_grid_factorial_sweeps_v1/methods/factor_b2_v1/cell_grid_weighted_pull2_eval50_tail10x25
factor_b2_v2,sample_count_top2,"Sample count, Top-2",deterministic_sample_count,complete,16.222747,140792,1799,paper_experiments/results/paper/luxembourg_cell_grid_factorial_sweeps_v1/methods/factor_b2_v2/cell_grid_weighted_pull2_eval50_tail10x25
factor_b2_v3,sample_count_top2,"Sample count, Top-2",deterministic_sample_count,complete,14.349460,216702,1799,paper_experiments/results/paper/luxembourg_cell_grid_factorial_sweeps_v1/methods/factor_b2_v3/cell_grid_weighted_pull2_eval50_tail10x25
factor_b3_v1,sample_count_top2,"Sample count, Top-2",deterministic_sample_count,complete,24.633404,53751,1799,paper_experiments/results/paper/luxembourg_cell_grid_factorial_sweeps_v1/methods/factor_b3_v1/cell_grid_weighted_pull2_eval50_tail10x25
factor_b3_v2,sample_count_top2,"Sample count, Top-2",deterministic_sample_count,complete,12.750262,131528,1799,paper_experiments/results/paper/luxembourg_cell_grid_factorial_sweeps_v1/methods/factor_b3_v2/cell_grid_weighted_pull2_eval50_tail10x25
factor_b3_v3,sample_count_top2,"Sample count, Top-2",deterministic_sample_count,complete,11.358800,198627,1799,paper_experiments/results/paper/luxembourg_cell_grid_factorial_sweeps_v1/methods/factor_b3_v3/cell_grid_weighted_pull2_eval50_tail10x25
factor_b1_v1,sample_count_top4,"Sample count, Top-4",deterministic_sample_count,complete,17.127973,113716,1799,paper_experiments/results/paper/luxembourg_cell_grid_factorial_sweeps_v1/methods/factor_b1_v1/cell_grid_weighted_pull4_eval50_tail10x25
factor_b1_v2,sample_count_top4,"Sample count, Top-4",deterministic_sample_count,complete,14.077650,263822,1799,paper_experiments/results/paper/luxembourg_cell_grid_factorial_sweeps_v1/methods/factor_b1_v2/cell_grid_weighted_pull4_eval50_tail10x25
factor_b1_v3,sample_count_top4,"Sample count, Top-4",deterministic_sample_count,complete,7.357064,423112,1799,paper_experiments/results/paper/luxembourg_cell_grid_factorial_sweeps_v1/methods/factor_b1_v3/cell_grid_weighted_pull4_eval50_tail10x25
factor_b2_v1,sample_count_top4,"Sample count, Top-4",deterministic_sample_count,complete,15.387815,114384,1799,paper_experiments/results/paper/luxembourg_cell_grid_factorial_sweeps_v1/methods/factor_b2_v1/cell_grid_weighted_pull4_eval50_tail10x25
factor_b2_v2,sample_count_top4,"Sample count, Top-4",deterministic_sample_count,complete,15.849626,279492,1799,paper_experiments/results/paper/luxembourg_cell_grid_factorial_sweeps_v1/methods/factor_b2_v2/cell_grid_weighted_pull4_eval50_tail10x25
factor_b2_v3,sample_count_top4,"Sample count, Top-4",deterministic_sample_count,complete,15.268407,433339,1799,paper_experiments/results/paper/luxembourg_cell_grid_factorial_sweeps_v1/methods/factor_b2_v3/cell_grid_weighted_pull4_eval50_tail10x25
factor_b3_v1,sample_count_top4,"Sample count, Top-4",deterministic_sample_count,complete,24.620901,105551,1799,paper_experiments/results/paper/luxembourg_cell_grid_factorial_sweeps_v1/methods/factor_b3_v1/cell_grid_weighted_pull4_eval50_tail10x25
factor_b3_v2,sample_count_top4,"Sample count, Top-4",deterministic_sample_count,complete,12.951751,260296,1799,paper_experiments/results/paper/luxembourg_cell_grid_factorial_sweeps_v1/methods/factor_b3_v2/cell_grid_weighted_pull4_eval50_tail10x25
factor_b3_v3,sample_count_top4,"Sample count, Top-4",deterministic_sample_count,complete,11.148881,396929,1799,paper_experiments/results/paper/luxembourg_cell_grid_factorial_sweeps_v1/methods/factor_b3_v3/cell_grid_weighted_pull4_eval50_tail10x25
factor_b1_v1,sample_count_all,"Sample count, all available",deterministic_sample_count,complete,17.464457,391923,1799,paper_experiments/results/paper/luxembourg_cell_grid_factorial_sweeps_v1/methods/factor_b1_v1/cell_grid_weighted_greedy_eval50_tail10x25
factor_b1_v2,sample_count_all,"Sample count, all available",deterministic_sample_count,complete,14.652938,2211225,1799,paper_experiments/results/paper/luxembourg_cell_grid_factorial_sweeps_v1/methods/factor_b1_v2/cell_grid_weighted_greedy_eval50_tail10x25
factor_b1_v3,sample_count_all,"Sample count, all available",deterministic_sample_count,complete,7.397303,5921902,1799,paper_experiments/results/paper/luxembourg_cell_grid_factorial_sweeps_v1/methods/factor_b1_v3/cell_grid_weighted_greedy_eval50_tail10x25
factor_b2_v1,sample_count_all,"Sample count, all available",deterministic_sample_count,complete,15.120507,407127,1799,paper_experiments/results/paper/luxembourg_cell_grid_factorial_sweeps_v1/methods/factor_b2_v1/cell_grid_weighted_greedy_eval50_tail10x25
factor_b2_v2,sample_count_all,"Sample count, all available",deterministic_sample_count,complete,18.238513,2208858,1799,paper_experiments/results/paper/luxembourg_cell_grid_factorial_sweeps_v1/methods/factor_b2_v2/cell_grid_weighted_greedy_eval50_tail10x25
factor_b2_v3,sample_count_all,"Sample count, all available",deterministic_sample_count,complete,13.635049,5782204,1799,paper_experiments/results/paper/luxembourg_cell_grid_factorial_sweeps_v1/methods/factor_b2_v3/cell_grid_weighted_greedy_eval50_tail10x25
factor_b3_v1,sample_count_all,"Sample count, all available",deterministic_sample_count,complete,24.675008,480376,1799,paper_experiments/results/paper/luxembourg_cell_grid_factorial_sweeps_v1/methods/factor_b3_v1/cell_grid_weighted_greedy_eval50_tail10x25
factor_b3_v2,sample_count_all,"Sample count, all available",deterministic_sample_count,complete,12.590880,1705071,1799,paper_experiments/results/paper/luxembourg_cell_grid_factorial_sweeps_v1/methods/factor_b3_v2/cell_grid_weighted_greedy_eval50_tail10x25
factor_b3_v3,sample_count_all,"Sample count, all available",deterministic_sample_count,complete,11.087491,4291561,1799,paper_experiments/results/paper/luxembourg_cell_grid_factorial_sweeps_v1/methods/factor_b3_v3/cell_grid_weighted_greedy_eval50_tail10x25
factor_b1_v1,learned_expert_bank_kappa2,"Learned Expert Bank, kappa=0.02",pretrained_learned_acquisition,complete,25.506166,119803,1799,paper_experiments/results/paper/luxembourg_cell_grid_factorial_sweeps_v1/methods/factor_b1_v1/cell_grid_expert_kappa2_eval50_tail10x25
factor_b1_v2,learned_expert_bank_kappa2,"Learned Expert Bank, kappa=0.02",pretrained_learned_acquisition,complete,17.510295,89047,1799,paper_experiments/results/paper/luxembourg_cell_grid_factorial_sweeps_v1/methods/factor_b1_v2/cell_grid_expert_kappa2_eval50_tail10x25
factor_b1_v3,learned_expert_bank_kappa2,"Learned Expert Bank, kappa=0.02",pretrained_learned_acquisition,complete,13.629349,212650,1799,paper_experiments/results/paper/luxembourg_cell_grid_factorial_sweeps_v1/methods/factor_b1_v3/cell_grid_expert_kappa2_eval50_tail10x25
factor_b2_v1,learned_expert_bank_kappa2,"Learned Expert Bank, kappa=0.02",pretrained_learned_acquisition,complete,17.062786,33387,1799,paper_experiments/results/paper/luxembourg_cell_grid_factorial_sweeps_v1/methods/factor_b2_v1/cell_grid_expert_kappa2_eval50_tail10x25
factor_b2_v2,learned_expert_bank_kappa2,"Learned Expert Bank, kappa=0.02",pretrained_learned_acquisition,complete,16.361985,337651,1799,paper_experiments/results/paper/luxembourg_cell_grid_factorial_sweeps_v1/methods/factor_b2_v2/cell_grid_expert_kappa2_eval50_tail10x25
factor_b2_v3,learned_expert_bank_kappa2,"Learned Expert Bank, kappa=0.02",pretrained_learned_acquisition,missing,,,,paper_experiments/results/paper/luxembourg_cell_grid_factorial_sweeps_v1/methods/factor_b2_v3/cell_grid_expert_kappa2_eval50_tail10x25
factor_b3_v1,learned_expert_bank_kappa2,"Learned Expert Bank, kappa=0.02",pretrained_learned_acquisition,complete,27.011922,85216,1799,paper_experiments/results/paper/luxembourg_cell_grid_factorial_sweeps_v1/methods/factor_b3_v1/cell_grid_expert_kappa2_eval50_tail10x25
factor_b3_v2,learned_expert_bank_kappa2,"Learned Expert Bank, kappa=0.02",pretrained_learned_acquisition,complete,16.813827,297383,1799,paper_experiments/results/paper/luxembourg_cell_grid_factorial_sweeps_v1/methods/factor_b3_v2/cell_grid_expert_kappa2_eval50_tail10x25
factor_b3_v3,learned_expert_bank_kappa2,"Learned Expert Bank, kappa=0.02",pretrained_learned_acquisition,complete,13.025218,1160268,1799,paper_experiments/results/paper/luxembourg_cell_grid_factorial_sweeps_v1/methods/factor_b3_v3/cell_grid_expert_kappa2_eval50_tail10x25
factor_b1_v1,learned_expert_bank_kappa10,"Learned Expert Bank, kappa=0.10",pretrained_learned_acquisition,complete,27.696998,10467,1799,paper_experiments/results/paper/luxembourg_cell_grid_factorial_sweeps_v1/methods/factor_b1_v1/cell_grid_expert_kappa10_eval50_tail10x25
factor_b1_v2,learned_expert_bank_kappa10,"Learned Expert Bank, kappa=0.10",pretrained_learned_acquisition,complete,19.627178,10962,1799,paper_experiments/results/paper/luxembourg_cell_grid_factorial_sweeps_v1/methods/factor_b1_v2/cell_grid_expert_kappa10_eval50_tail10x25
factor_b1_v3,learned_expert_bank_kappa10,"Learned Expert Bank, kappa=0.10",pretrained_learned_acquisition,complete,14.078452,8743,1799,paper_experiments/results/paper/luxembourg_cell_grid_factorial_sweeps_v1/methods/factor_b1_v3/cell_grid_expert_kappa10_eval50_tail10x25
factor_b2_v1,learned_expert_bank_kappa10,"Learned Expert Bank, kappa=0.10",pretrained_learned_acquisition,complete,17.563190,7644,1799,paper_experiments/results/paper/luxembourg_cell_grid_factorial_sweeps_v1/methods/factor_b2_v1/cell_grid_expert_kappa10_eval50_tail10x25
factor_b2_v2,learned_expert_bank_kappa10,"Learned Expert Bank, kappa=0.10",pretrained_learned_acquisition,complete,17.875508,92093,1799,paper_experiments/results/paper/luxembourg_cell_grid_factorial_sweeps_v1/methods/factor_b2_v2/cell_grid_expert_kappa10_eval50_tail10x25
factor_b2_v3,learned_expert_bank_kappa10,"Learned Expert Bank, kappa=0.10",pretrained_learned_acquisition,complete,16.914097,172865,1799,paper_experiments/results/paper/luxembourg_cell_grid_factorial_sweeps_v1/methods/factor_b2_v3/cell_grid_expert_kappa10_eval50_tail10x25
factor_b3_v1,learned_expert_bank_kappa10,"Learned Expert Bank, kappa=0.10",pretrained_learned_acquisition,complete,27.487474,9139,1799,paper_experiments/results/paper/luxembourg_cell_grid_factorial_sweeps_v1/methods/factor_b3_v1/cell_grid_expert_kappa10_eval50_tail10x25
factor_b3_v2,learned_expert_bank_kappa10,"Learned Expert Bank, kappa=0.10",pretrained_learned_acquisition,complete,17.077521,25944,1799,paper_experiments/results/paper/luxembourg_cell_grid_factorial_sweeps_v1/methods/factor_b3_v2/cell_grid_expert_kappa10_eval50_tail10x25
factor_b3_v3,learned_expert_bank_kappa10,"Learned Expert Bank, kappa=0.10",pretrained_learned_acquisition,complete,15.829070,219877,1799,paper_experiments/results/paper/luxembourg_cell_grid_factorial_sweeps_v1/methods/factor_b3_v3/cell_grid_expert_kappa10_eval50_tail10x25
factor_b1_v1,learned_expert_bank_kappa50,"Learned Expert Bank, kappa=0.50",pretrained_learned_acquisition,complete,28.160369,3932,1799,paper_experiments/results/paper/luxembourg_cell_grid_factorial_sweeps_v1/methods/factor_b1_v1/cell_grid_expert_kappa50_eval50_tail10x25
factor_b1_v2,learned_expert_bank_kappa50,"Learned Expert Bank, kappa=0.50",pretrained_learned_acquisition,complete,20.287971,6871,1799,paper_experiments/results/paper/luxembourg_cell_grid_factorial_sweeps_v1/methods/factor_b1_v2/cell_grid_expert_kappa50_eval50_tail10x25
factor_b1_v3,learned_expert_bank_kappa50,"Learned Expert Bank, kappa=0.50",pretrained_learned_acquisition,complete,14.078452,4499,1799,paper_experiments/results/paper/luxembourg_cell_grid_factorial_sweeps_v1/methods/factor_b1_v3/cell_grid_expert_kappa50_eval50_tail10x25
factor_b2_v1,learned_expert_bank_kappa50,"Learned Expert Bank, kappa=0.50",pretrained_learned_acquisition,complete,20.528781,2747,1799,paper_experiments/results/paper/luxembourg_cell_grid_factorial_sweeps_v1/methods/factor_b2_v1/cell_grid_expert_kappa50_eval50_tail10x25
factor_b2_v2,learned_expert_bank_kappa50,"Learned Expert Bank, kappa=0.50",pretrained_learned_acquisition,complete,18.681501,30502,1799,paper_experiments/results/paper/luxembourg_cell_grid_factorial_sweeps_v1/methods/factor_b2_v2/cell_grid_expert_kappa50_eval50_tail10x25
factor_b2_v3,learned_expert_bank_kappa50,"Learned Expert Bank, kappa=0.50",pretrained_learned_acquisition,complete,19.279792,14262,1799,paper_experiments/results/paper/luxembourg_cell_grid_factorial_sweeps_v1/methods/factor_b2_v3/cell_grid_expert_kappa50_eval50_tail10x25
factor_b3_v1,learned_expert_bank_kappa50,"Learned Expert Bank, kappa=0.50",pretrained_learned_acquisition,complete,27.746245,5438,1799,paper_experiments/results/paper/luxembourg_cell_grid_factorial_sweeps_v1/methods/factor_b3_v1/cell_grid_expert_kappa50_eval50_tail10x25
factor_b3_v2,learned_expert_bank_kappa50,"Learned Expert Bank, kappa=0.50",pretrained_learned_acquisition,complete,17.918387,7556,1799,paper_experiments/results/paper/luxembourg_cell_grid_factorial_sweeps_v1/methods/factor_b3_v2/cell_grid_expert_kappa50_eval50_tail10x25
factor_b3_v3,learned_expert_bank_kappa50,"Learned Expert Bank, kappa=0.50",pretrained_learned_acquisition,complete,16.202073,50996,1799,paper_experiments/results/paper/luxembourg_cell_grid_factorial_sweeps_v1/methods/factor_b3_v3/cell_grid_expert_kappa50_eval50_tail10x25
factor_b1_v1,local_only,Local only,reference,complete,33.282427,0,1799,paper_experiments/results/paper/luxembourg_cell_grid_factorial_sweeps_v1/methods/factor_b1_v1/cell_grid_local_only_eval50_tail10x25
factor_b1_v2,local_only,Local only,reference,complete,28.947129,0,1799,paper_experiments/results/paper/luxembourg_cell_grid_factorial_sweeps_v1/methods/factor_b1_v2/cell_grid_local_only_eval50_tail10x25
factor_b1_v3,local_only,Local only,reference,complete,33.325042,0,1799,paper_experiments/results/paper/luxembourg_cell_grid_factorial_sweeps_v1/methods/factor_b1_v3/cell_grid_local_only_eval50_tail10x25
factor_b2_v1,local_only,Local only,reference,complete,23.933107,0,1799,paper_experiments/results/paper/luxembourg_cell_grid_factorial_sweeps_v1/methods/factor_b2_v1/cell_grid_local_only_eval50_tail10x25
factor_b2_v2,local_only,Local only,reference,complete,26.597711,0,1799,paper_experiments/results/paper/luxembourg_cell_grid_factorial_sweeps_v1/methods/factor_b2_v2/cell_grid_local_only_eval50_tail10x25
factor_b2_v3,local_only,Local only,reference,complete,26.678726,0,1799,paper_experiments/results/paper/luxembourg_cell_grid_factorial_sweeps_v1/methods/factor_b2_v3/cell_grid_local_only_eval50_tail10x25
factor_b3_v1,local_only,Local only,reference,complete,28.158254,0,1799,paper_experiments/results/paper/luxembourg_cell_grid_factorial_sweeps_v1/methods/factor_b3_v1/cell_grid_local_only_eval50_tail10x25
factor_b3_v2,local_only,Local only,reference,complete,23.748005,0,1799,paper_experiments/results/paper/luxembourg_cell_grid_factorial_sweeps_v1/methods/factor_b3_v2/cell_grid_local_only_eval50_tail10x25
factor_b3_v3,local_only,Local only,reference,complete,28.016016,0,1799,paper_experiments/results/paper/luxembourg_cell_grid_factorial_sweeps_v1/methods/factor_b3_v3/cell_grid_local_only_eval50_tail10x25
