zone	replicate	configuration	job_id	output
factor_b1_v1_300m	1	ungated_equal_greedy	2212310	/home/hgraef/zramp-workspace/artifacts/luxembourg_cell_grid_ci_temporal5_paper_final_v1/methods/factor_b1_v1/rep1/ungated_equal_greedy_paper_final_full1800_eval50_tail10x25
factor_b1_v1_300m	2	ungated_equal_greedy	2212311	/home/hgraef/zramp-workspace/artifacts/luxembourg_cell_grid_ci_temporal5_paper_final_v1/methods/factor_b1_v1/rep2/ungated_equal_greedy_paper_final_full1800_eval50_tail10x25
factor_b1_v1_300m	3	ungated_equal_greedy	2212312	/home/hgraef/zramp-workspace/artifacts/luxembourg_cell_grid_ci_temporal5_paper_final_v1/methods/factor_b1_v1/rep3/ungated_equal_greedy_paper_final_full1800_eval50_tail10x25
factor_b1_v1_300m	4	ungated_equal_greedy	2212313	/home/hgraef/zramp-workspace/artifacts/luxembourg_cell_grid_ci_temporal5_paper_final_v1/methods/factor_b1_v1/rep4/ungated_equal_greedy_paper_final_full1800_eval50_tail10x25
factor_b1_v1_300m	5	ungated_equal_greedy	2212314	/home/hgraef/zramp-workspace/artifacts/luxembourg_cell_grid_ci_temporal5_paper_final_v1/methods/factor_b1_v1/rep5/ungated_equal_greedy_paper_final_full1800_eval50_tail10x25
factor_b1_v2_300m	1	ungated_equal_greedy	2212315	/home/hgraef/zramp-workspace/artifacts/luxembourg_cell_grid_ci_temporal5_paper_final_v1/methods/factor_b1_v2/rep1/ungated_equal_greedy_paper_final_full1800_eval50_tail10x25
factor_b1_v2_300m	2	ungated_equal_greedy	2212316	/home/hgraef/zramp-workspace/artifacts/luxembourg_cell_grid_ci_temporal5_paper_final_v1/methods/factor_b1_v2/rep2/ungated_equal_greedy_paper_final_full1800_eval50_tail10x25
factor_b1_v2_300m	3	ungated_equal_greedy	2212317	/home/hgraef/zramp-workspace/artifacts/luxembourg_cell_grid_ci_temporal5_paper_final_v1/methods/factor_b1_v2/rep3/ungated_equal_greedy_paper_final_full1800_eval50_tail10x25
factor_b1_v2_300m	4	ungated_equal_greedy	2212318	/home/hgraef/zramp-workspace/artifacts/luxembourg_cell_grid_ci_temporal5_paper_final_v1/methods/factor_b1_v2/rep4/ungated_equal_greedy_paper_final_full1800_eval50_tail10x25
factor_b1_v2_300m	5	ungated_equal_greedy	2212319	/home/hgraef/zramp-workspace/artifacts/luxembourg_cell_grid_ci_temporal5_paper_final_v1/methods/factor_b1_v2/rep5/ungated_equal_greedy_paper_final_full1800_eval50_tail10x25
factor_b1_v3_300m	1	ungated_equal_greedy	2212320	/home/hgraef/zramp-workspace/artifacts/luxembourg_cell_grid_ci_temporal5_paper_final_v1/methods/factor_b1_v3/rep1/ungated_equal_greedy_paper_final_full1800_eval50_tail10x25
factor_b1_v3_300m	2	ungated_equal_greedy	2212321	/home/hgraef/zramp-workspace/artifacts/luxembourg_cell_grid_ci_temporal5_paper_final_v1/methods/factor_b1_v3/rep2/ungated_equal_greedy_paper_final_full1800_eval50_tail10x25
factor_b1_v3_300m	3	ungated_equal_greedy	2212322	/home/hgraef/zramp-workspace/artifacts/luxembourg_cell_grid_ci_temporal5_paper_final_v1/methods/factor_b1_v3/rep3/ungated_equal_greedy_paper_final_full1800_eval50_tail10x25
factor_b1_v3_300m	4	ungated_equal_greedy	2212323	/home/hgraef/zramp-workspace/artifacts/luxembourg_cell_grid_ci_temporal5_paper_final_v1/methods/factor_b1_v3/rep4/ungated_equal_greedy_paper_final_full1800_eval50_tail10x25
factor_b1_v3_300m	5	ungated_equal_greedy	2212324	/home/hgraef/zramp-workspace/artifacts/luxembourg_cell_grid_ci_temporal5_paper_final_v1/methods/factor_b1_v3/rep5/ungated_equal_greedy_paper_final_full1800_eval50_tail10x25
factor_b2_v1_300m	1	ungated_equal_greedy	2212325	/home/hgraef/zramp-workspace/artifacts/luxembourg_cell_grid_ci_temporal5_paper_final_v1/methods/factor_b2_v1/rep1/ungated_equal_greedy_paper_final_full1800_eval50_tail10x25
factor_b2_v1_300m	2	ungated_equal_greedy	2212326	/home/hgraef/zramp-workspace/artifacts/luxembourg_cell_grid_ci_temporal5_paper_final_v1/methods/factor_b2_v1/rep2/ungated_equal_greedy_paper_final_full1800_eval50_tail10x25
factor_b2_v1_300m	3	ungated_equal_greedy	2212327	/home/hgraef/zramp-workspace/artifacts/luxembourg_cell_grid_ci_temporal5_paper_final_v1/methods/factor_b2_v1/rep3/ungated_equal_greedy_paper_final_full1800_eval50_tail10x25
factor_b2_v1_300m	4	ungated_equal_greedy	2212328	/home/hgraef/zramp-workspace/artifacts/luxembourg_cell_grid_ci_temporal5_paper_final_v1/methods/factor_b2_v1/rep4/ungated_equal_greedy_paper_final_full1800_eval50_tail10x25
factor_b2_v1_300m	5	ungated_equal_greedy	2212329	/home/hgraef/zramp-workspace/artifacts/luxembourg_cell_grid_ci_temporal5_paper_final_v1/methods/factor_b2_v1/rep5/ungated_equal_greedy_paper_final_full1800_eval50_tail10x25
factor_b2_v2_300m	1	ungated_equal_greedy	2212330	/home/hgraef/zramp-workspace/artifacts/luxembourg_cell_grid_ci_temporal5_paper_final_v1/methods/factor_b2_v2/rep1/ungated_equal_greedy_paper_final_full1800_eval50_tail10x25
factor_b2_v2_300m	2	ungated_equal_greedy	2212331	/home/hgraef/zramp-workspace/artifacts/luxembourg_cell_grid_ci_temporal5_paper_final_v1/methods/factor_b2_v2/rep2/ungated_equal_greedy_paper_final_full1800_eval50_tail10x25
factor_b2_v2_300m	3	ungated_equal_greedy	2212332	/home/hgraef/zramp-workspace/artifacts/luxembourg_cell_grid_ci_temporal5_paper_final_v1/methods/factor_b2_v2/rep3/ungated_equal_greedy_paper_final_full1800_eval50_tail10x25
factor_b2_v2_300m	4	ungated_equal_greedy	2212333	/home/hgraef/zramp-workspace/artifacts/luxembourg_cell_grid_ci_temporal5_paper_final_v1/methods/factor_b2_v2/rep4/ungated_equal_greedy_paper_final_full1800_eval50_tail10x25
factor_b2_v2_300m	5	ungated_equal_greedy	2212334	/home/hgraef/zramp-workspace/artifacts/luxembourg_cell_grid_ci_temporal5_paper_final_v1/methods/factor_b2_v2/rep5/ungated_equal_greedy_paper_final_full1800_eval50_tail10x25
factor_b2_v3_300m	1	ungated_equal_greedy	2212335	/home/hgraef/zramp-workspace/artifacts/luxembourg_cell_grid_ci_temporal5_paper_final_v1/methods/factor_b2_v3/rep1/ungated_equal_greedy_paper_final_full1800_eval50_tail10x25
factor_b2_v3_300m	2	ungated_equal_greedy	2212336	/home/hgraef/zramp-workspace/artifacts/luxembourg_cell_grid_ci_temporal5_paper_final_v1/methods/factor_b2_v3/rep2/ungated_equal_greedy_paper_final_full1800_eval50_tail10x25
factor_b2_v3_300m	3	ungated_equal_greedy	2212337	/home/hgraef/zramp-workspace/artifacts/luxembourg_cell_grid_ci_temporal5_paper_final_v1/methods/factor_b2_v3/rep3/ungated_equal_greedy_paper_final_full1800_eval50_tail10x25
factor_b2_v3_300m	4	ungated_equal_greedy	2212338	/home/hgraef/zramp-workspace/artifacts/luxembourg_cell_grid_ci_temporal5_paper_final_v1/methods/factor_b2_v3/rep4/ungated_equal_greedy_paper_final_full1800_eval50_tail10x25
factor_b2_v3_300m	5	ungated_equal_greedy	2212339	/home/hgraef/zramp-workspace/artifacts/luxembourg_cell_grid_ci_temporal5_paper_final_v1/methods/factor_b2_v3/rep5/ungated_equal_greedy_paper_final_full1800_eval50_tail10x25
factor_b3_v1_300m	1	ungated_equal_greedy	2212340	/home/hgraef/zramp-workspace/artifacts/luxembourg_cell_grid_ci_temporal5_paper_final_v1/methods/factor_b3_v1/rep1/ungated_equal_greedy_paper_final_full1800_eval50_tail10x25
factor_b3_v1_300m	2	ungated_equal_greedy	2212341	/home/hgraef/zramp-workspace/artifacts/luxembourg_cell_grid_ci_temporal5_paper_final_v1/methods/factor_b3_v1/rep2/ungated_equal_greedy_paper_final_full1800_eval50_tail10x25
factor_b3_v1_300m	3	ungated_equal_greedy	2212342	/home/hgraef/zramp-workspace/artifacts/luxembourg_cell_grid_ci_temporal5_paper_final_v1/methods/factor_b3_v1/rep3/ungated_equal_greedy_paper_final_full1800_eval50_tail10x25
factor_b3_v1_300m	4	ungated_equal_greedy	2212343	/home/hgraef/zramp-workspace/artifacts/luxembourg_cell_grid_ci_temporal5_paper_final_v1/methods/factor_b3_v1/rep4/ungated_equal_greedy_paper_final_full1800_eval50_tail10x25
factor_b3_v1_300m	5	ungated_equal_greedy	2212344	/home/hgraef/zramp-workspace/artifacts/luxembourg_cell_grid_ci_temporal5_paper_final_v1/methods/factor_b3_v1/rep5/ungated_equal_greedy_paper_final_full1800_eval50_tail10x25
factor_b3_v2_300m	1	ungated_equal_greedy	2212345	/home/hgraef/zramp-workspace/artifacts/luxembourg_cell_grid_ci_temporal5_paper_final_v1/methods/factor_b3_v2/rep1/ungated_equal_greedy_paper_final_full1800_eval50_tail10x25
factor_b3_v2_300m	2	ungated_equal_greedy	2212346	/home/hgraef/zramp-workspace/artifacts/luxembourg_cell_grid_ci_temporal5_paper_final_v1/methods/factor_b3_v2/rep2/ungated_equal_greedy_paper_final_full1800_eval50_tail10x25
factor_b3_v2_300m	3	ungated_equal_greedy	2212347	/home/hgraef/zramp-workspace/artifacts/luxembourg_cell_grid_ci_temporal5_paper_final_v1/methods/factor_b3_v2/rep3/ungated_equal_greedy_paper_final_full1800_eval50_tail10x25
factor_b3_v2_300m	4	ungated_equal_greedy	2212348	/home/hgraef/zramp-workspace/artifacts/luxembourg_cell_grid_ci_temporal5_paper_final_v1/methods/factor_b3_v2/rep4/ungated_equal_greedy_paper_final_full1800_eval50_tail10x25
factor_b3_v2_300m	5	ungated_equal_greedy	2212349	/home/hgraef/zramp-workspace/artifacts/luxembourg_cell_grid_ci_temporal5_paper_final_v1/methods/factor_b3_v2/rep5/ungated_equal_greedy_paper_final_full1800_eval50_tail10x25
factor_b3_v3_300m	1	ungated_equal_greedy	2212350	/home/hgraef/zramp-workspace/artifacts/luxembourg_cell_grid_ci_temporal5_paper_final_v1/methods/factor_b3_v3/rep1/ungated_equal_greedy_paper_final_full1800_eval50_tail10x25
factor_b3_v3_300m	2	ungated_equal_greedy	2212351	/home/hgraef/zramp-workspace/artifacts/luxembourg_cell_grid_ci_temporal5_paper_final_v1/methods/factor_b3_v3/rep2/ungated_equal_greedy_paper_final_full1800_eval50_tail10x25
factor_b3_v3_300m	3	ungated_equal_greedy	2212352	/home/hgraef/zramp-workspace/artifacts/luxembourg_cell_grid_ci_temporal5_paper_final_v1/methods/factor_b3_v3/rep3/ungated_equal_greedy_paper_final_full1800_eval50_tail10x25
factor_b3_v3_300m	4	ungated_equal_greedy	2212353	/home/hgraef/zramp-workspace/artifacts/luxembourg_cell_grid_ci_temporal5_paper_final_v1/methods/factor_b3_v3/rep4/ungated_equal_greedy_paper_final_full1800_eval50_tail10x25
factor_b3_v3_300m	5	ungated_equal_greedy	2212354	/home/hgraef/zramp-workspace/artifacts/luxembourg_cell_grid_ci_temporal5_paper_final_v1/methods/factor_b3_v3/rep5/ungated_equal_greedy_paper_final_full1800_eval50_tail10x25
