step,mode,receiver_idx,provider_idx,target_gain,online_prediction,base_loss,weighted_loss,propensity,importance_weight,receiver_policy_version,provider_policy_version
4,t2_b0,2,5,0.0,-0.12074951827526093,0.0072902231477200985,0.0072902231477200985,1.0,1.0,0,0
4,t2_b0,0,1,0.0,-0.12042751908302307,0.007251393515616655,0.007251393515616655,1.0,1.0,0,0
5,t2_b0,1,0,0.003366101112854997,0.07353660464286804,0.002461950061842799,0.002461950061842799,1.0,1.0,0,0
5,t2_b0,5,2,0.019456162537926928,0.07238560169935226,0.00140076270326972,0.00140076270326972,0.5,1.0,0,0
6,t2_b0,3,8,0.0,-0.12094180285930634,0.007313459645956755,0.007313459645956755,1.0,1.0,0,0
8,t2_b0,2,9,0.008673755866094836,0.036551542580127716,0.00038858549669384956,0.00038858549669384956,1.0,1.0,0,0
8,t2_b0,3,8,0.025966133788199022,-0.04764586314558983,0.0027093631215393543,0.0027093631215393543,1.0,1.0,0,0
9,t2_b0,6,7,0.0,-0.12291323393583298,0.007553831674158573,0.007553831674158573,1.0,1.0,0,0
10,t2_b0,5,9,0.09836510996798833,0.006063602864742279,0.004259784240275621,0.004259784240275621,1.0,1.0,0,0
11,t2_b0,7,6,0.20187420475200607,-0.014653019607067108,0.023442018777132034,0.023442018777132034,0.3333333333333333,1.0,0,0
11,t2_b0,0,4,0.0,0.01259390264749527,7.93031940702349e-05,7.93031940702349e-05,1.0,1.0,0,0
12,t2_b0,4,0,0.11965623091391357,-0.025188840925693512,0.010490046814084053,0.010490046814084053,1.0,1.0,0,0
12,t2_b0,9,5,0.0,0.06797150522470474,0.0023100627586245537,0.0023100627586245537,1.0,1.0,0,0
14,t2_b0,1,7,0.15148007010435202,0.03819414973258972,0.006416849326342344,0.006416849326342344,0.5,1.0,0,0
15,t2_b0,8,9,-0.13089262568219137,0.025697939097881317,0.012260300107300282,0.012260300107300282,0.5,1.0,0,0
16,t2_b0,7,1,0.0,0.10726796835660934,0.005753208417445421,0.005753208417445421,1.0,1.0,0,0
19,t2_b0,9,5,0.14814687416945976,0.034830622375011444,0.006420285906642675,0.006420285906642675,1.0,1.0,0,0
19,t2_b0,8,7,0.808047417016094,-0.11142438650131226,0.4227142035961151,0.4227142035961151,1.0,1.0,0,0
19,t2_b0,6,0,0.027220416845021203,0.08533567935228348,0.0016886919038370252,0.0016886919038370252,1.0,1.0,0,0
20,t2_b0,1,7,-0.004113160793282233,0.10229072719812393,0.0056608933955430984,0.0056608933955430984,0.5,1.0,0,0
20,t2_b0,3,5,0.8152295977612585,-0.1118202731013298,0.4297107458114624,0.4297107458114624,1.0,1.0,0,0
23,t2_b0,0,6,0.0,0.08449159562587738,0.0035694148391485214,0.0035694148391485214,1.0,1.0,0,0
24,t2_b0,9,5,0.161820786924308,0.12832191586494446,0.0005610871012322605,0.0005610871012322605,1.0,1.0,0,0
25,t2_b0,5,3,0.007865102063206352,0.11502839624881744,0.005741985980421305,0.005741985980421305,0.5,1.0,0,0
26,t2_b0,8,7,0.25038782620905803,0.21621589362621307,0.0005838602082803845,0.0005838602082803845,1.0,1.0,0,0
27,t2_b0,1,4,0.12180408235636536,0.14132408797740936,0.00019051533308811486,0.00019051533308811486,0.5,1.0,0,0
27,t2_b0,7,8,0.0,-0.009518437087535858,4.530032310867682e-05,4.530032310867682e-05,0.5,1.0,0,0
28,t2_b0,4,1,0.0018804821667019588,0.1363864541053772,0.009045928716659546,0.009045928716659546,1.0,1.0,0,0
28,t2_b0,0,6,0.001239263201902256,0.0653744637966156,0.002056661993265152,0.002056661993265152,1.0,1.0,0,0
29,t2_b0,6,0,-0.019067814531482423,0.05954888463020325,0.003090292913839221,0.003090292913839221,1.0,1.0,0,0
32,t2_b0,3,5,0.06446621779967328,0.39287418127059937,0.05392589792609215,0.05392589792609215,1.0,1.0,0,0
33,t2_b0,8,7,0.14388065967407235,0.3435637056827545,0.019936658442020416,0.019936658442020416,1.0,1.0,0,0
35,t2_b0,5,3,-0.1279238816121949,0.034280844032764435,0.01315518468618393,0.01315518468618393,0.5,1.0,0,0
35,t2_b0,4,1,-0.08581781576678682,0.07540453970432281,0.01299632340669632,0.01299632340669632,1.0,1.0,0,0
36,t2_b0,7,8,0.0,0.0198708176612854,0.00019742469885386527,0.00019742469885386527,0.5,1.0,0,0
36,t2_b0,6,0,-0.08180574350472569,0.043152958154678345,0.007807338610291481,0.007807338610291481,1.0,1.0,0,0
37,t2_b0,9,5,-0.10051644567998361,0.06275564432144165,0.013328886590898037,0.013328886590898037,1.0,1.0,0,0
39,t2_b0,0,6,-0.005702334813069493,0.018488548696041107,0.00029259943403303623,0.00029259943403303623,1.0,1.0,0,0
40,t2_b0,1,7,0.0,0.060565315186977386,0.0018340786918997765,0.0018340786918997765,0.5,1.0,0,0
40,t2_b0,3,5,0.26592899364886374,0.38847896456718445,0.007509248796850443,0.007509248796850443,1.0,1.0,0,0
44,t2_b0,7,1,-0.6424399645368561,0.042587459087371826,0.23463128507137299,0.23463128507137299,0.5,1.0,0,0
45,t2_b0,4,1,-0.17759899620028585,0.028988197445869446,0.021339135244488716,0.021339135244488716,1.0,1.0,0,0
46,t2_b0,6,0,-0.2583150606523095,0.013497285544872284,0.03694097697734833,0.03694097697734833,1.0,1.0,0,0
46,t2_b0,1,7,0.025743366095236565,0.028051383793354034,2.6634747882781085e-06,2.6634747882781085e-06,0.3333333333333333,1.0,0,0
47,t2_b0,5,3,0.20688600862627857,-0.05690893158316612,0.03479388356208801,0.03479388356208801,0.5,1.0,0,0
48,t2_b0,0,6,0.0,-0.0029161423444747925,4.251943209965248e-06,4.251943209965248e-06,1.0,1.0,0,0
50,t2_b0,3,9,0.0,0.40094926953315735,0.0803801566362381,0.0803801566362381,0.5,1.0,0,0
51,t2_b0,6,0,0.013180414701122972,0.0017921999096870422,6.484572077170014e-05,6.484572077170014e-05,1.0,1.0,0,0
51,t2_b0,2,3,-1.0,0.0003010779619216919,0.5003011226654053,0.5003011226654053,1.0,1.0,0,0
52,t2_b0,8,4,-1.0,0.3680245280265808,0.8680245876312256,0.8680245876312256,1.0,1.0,0,0
52,t2_b0,9,3,0.2048357053064278,-0.027796804904937744,0.02705894038081169,0.02705894038081169,0.5,1.0,0,0
54,t2_b0,8,0,-1.0,0.14557091891765594,0.6455708742141724,0.6455708742141724,1.0,1.0,0,0
56,t2_b0,0,8,-0.28363115001945544,-0.007302053272724152,0.03817888721823692,0.03817888721823692,0.19921875,1.0,0,0
57,t2_b0,9,2,-0.2528988003407175,0.05544862151145935,0.04753907024860382,0.04753907024860382,0.06458333333333334,1.0,0,0
58,t2_b0,1,9,-0.2072632123722793,-0.007900305092334747,0.01987278461456299,0.01987278461456299,0.096875,1.0,0,0
59,t2_b0,5,9,-0.1662544027500077,-0.0845710039138794,0.0033360887318849564,0.0033360887318849564,0.8765625,1.0,0,0
59,t2_b0,2,1,-1.0,0.024370692670345306,0.5243706703186035,0.5243706703186035,0.09609375,1.0,0,0
63,t2_b0,7,6,0.6786605295773367,0.08601969480514526,0.17561157047748566,0.17561157047748566,1.0,1.0,0,0
65,t2_b0,4,2,-0.7465382477004229,-0.06511402130126953,0.23216946423053741,0.23216946423053741,0.06067708333333333,1.0,0,0
65,t2_b0,8,0,-0.4296194049102916,0.022341027855873108,0.10213412344455719,0.10213412344455719,0.0455078125,1.0,0,0
67,t2_b0,2,4,-0.2708314685024056,-0.07432938367128372,0.01930653490126133,0.01930653490126133,1.0,1.0,0,0
67,t2_b0,5,9,0.0,-0.07691104710102081,0.0029576546512544155,0.0029576546512544155,0.09062500000000001,1.0,0,0
68,t2_b0,6,7,0.0,-0.04183589294552803,0.0008751209825277328,0.0008751209825277328,1.0,1.0,0,0
70,t2_b0,0,8,-0.18167697147195822,-0.14086928963661194,0.0008326333481818438,0.0008326333481818438,0.08984375,1.0,0,0
72,t2_b0,7,1,0.44067987713287654,0.13004285097122192,0.04824768006801605,0.04824768006801605,1.0,1.0,0,0
72,t2_b0,9,5,0.08175130218573214,-0.09499043226242065,0.015618820674717426,0.015618820674717426,0.1796875,1.0,0,0
74,t2_b0,2,4,0.0,-0.12021858990192413,0.007226254791021347,0.007226254791021347,1.0,1.0,0,0
75,t2_b0,8,0,0.024395183603323125,0.0048205554485321045,0.00019158302166033536,0.00019158302166033536,0.08867187500000001,1.0,0,0
76,t2_b0,3,7,0.3061599265099239,-0.1394166648387909,0.09926924109458923,0.09926924109458923,0.2,1.0,0,0
77,t2_b0,4,2,0.686671728336503,-0.029676735401153564,0.2565775513648987,0.2565775513648987,1.0,1.0,0,0
77,t2_b0,1,8,-0.02304574771362087,-0.13726471364498138,0.006522986106574535,0.006522986106574535,0.087890625,1.0,0,0
78,t2_b0,2,4,0.18272768644207407,0.18426282703876495,1.178338834506576e-06,1.178338834506576e-06,1.0,1.0,0,0
79,t2_b0,0,8,0.0,-0.12446469068527222,0.007745729759335518,0.007745729759335518,0.08750000000000001,1.0,0,0
79,t2_b0,5,9,0.0,-0.10160963982343674,0.005162259563803673,0.005162259563803673,1.0,1.0,0,0
80,t2_b0,3,1,-0.48659809693711803,0.10032103210687637,0.17223703861236572,0.17223703861236572,1.0,1.0,0,0
83,t2_b0,9,5,0.05866471816891972,-0.09020638465881348,0.011081301607191563,0.011081301607191563,1.0,1.0,0,0
84,t2_b0,4,5,-0.9574774375430234,0.03989823907613754,0.4973791241645813,0.4973791241645813,0.90078125,1.0,0,0
85,t2_b0,9,5,0.39412111722657445,-0.08382539451122284,0.11421643942594528,0.11421643942594528,0.087890625,1.0,0,0
86,t2_b0,8,0,0.1409662164685134,0.059747688472270966,0.003298225114122033,0.003298225114122033,0.086328125,1.0,0,0
88,t2_b0,1,8,0.2260437148416024,-0.08065962791442871,0.04703346639871597,0.04703346639871597,0.057291666666666664,1.0,0,0
89,t2_b0,5,9,0.0,-0.08604986220598221,0.0037022894248366356,0.0037022894248366356,0.9128906250000001,1.0,0,0
90,t2_b0,6,7,0.0,0.02390674501657486,0.0002857662329915911,0.0002857662329915911,1.0,1.0,0,0
90,t2_b0,2,4,0.9256928867115469,-0.20364594459533691,0.6293388605117798,0.6293388605117798,0.2,1.0,0,0
91,t2_b0,5,9,-0.14118162698622952,-0.09001246839761734,0.0013091417495161295,0.0013091417495161295,0.17343750000000002,1.0,0,0
91,t2_b0,7,6,0.9659090227524112,0.2023393213748932,0.2915193438529968,0.2915193438529968,1.0,1.0,0,0
93,t2_b0,6,7,0.017776878092288607,-0.011957988142967224,0.0004420811601448804,0.0004420811601448804,1.0,1.0,0,0
94,t2_b0,0,8,-0.14851318224275226,-0.08357398211956024,0.0021085499320179224,0.0021085499320179224,0.8859374999999999,1.0,0,0
96,t2_b0,1,0,0.12556373701144255,-0.10111392289400101,0.025691380724310875,0.025691380724310875,1.0,1.0,0,0
97,t2_b0,7,6,0.06798816354671859,0.49103590846061707,0.08948469907045364,0.08948469907045364,1.0,1.0,0,0
97,t2_b0,3,8,-0.02085875844977866,0.03359918296337128,0.0014828336425125599,0.0014828336425125599,0.9187500000000001,1.0,0,0
98,t2_b0,3,4,0.0,0.02366960048675537,0.0002801249793265015,0.0002801249793265015,0.16171875000000002,1.0,0,0
98,t2_b0,0,8,-0.1374150373693482,-0.10159949958324432,0.0006413763621822,0.0006413763621822,1.0,1.0,0,0
98,t2_b0,9,2,0.0,-0.20265637338161469,0.020534802228212357,0.020534802228212357,0.171875,1.0,0,0
100,t2_b0,2,9,0.12722709963976306,-0.06084178760647774,0.017684951424598694,0.017684951424598694,1.0,1.0,0,0
102,t2_b0,8,4,0.0,-0.01110108196735382,6.161700730444863e-05,6.161700730444863e-05,1.0,1.0,0,0
103,t2_b0,4,7,0.0,-0.050174977630376816,0.0012587641831487417,0.0012587641831487417,0.08085937500000001,1.0,0,0
104,t2_b0,8,7,0.0,0.014144420623779297,0.00010003231727750972,0.00010003231727750972,0.91953125,1.0,0,0
105,t2_b0,7,9,0.15606821912073593,-0.056148651987314224,0.02251799963414669,0.02251799963414669,0.17500000000000002,1.0,0,0
107,t2_b0,9,7,0.03748114149352133,-0.06693820655345917,0.005451700184494257,0.005451700184494257,0.17421875,1.0,0,0
108,t2_b0,6,2,-0.16767881968081932,-0.11952792853116989,0.0011592541122809052,0.0011592541122809052,1.0,1.0,0,0
108,t2_b0,3,5,0.20870909905351112,0.03710082173347473,0.014724701642990112,0.014724701642990112,1.0,1.0,0,0
112,t2_b0,7,5,0.3447950519228236,0.1611536145210266,0.016862088814377785,0.016862088814377785,1.0,1.0,0,0
112,t2_b0,2,6,0.7717950284170844,-0.16033753752708435,0.4344356060028076,0.4344356060028076,1.0,1.0,0,0
113,t2_b0,6,2,0.24395431079549657,-0.00465460866689682,0.030903195962309837,0.030903195962309837,1.0,1.0,0,0
113,t2_b0,5,7,0.08904042846521934,0.11932183057069778,0.0004584816633723676,0.0004584816633723676,0.15703125,1.0,0,0
114,t2_b0,0,9,0.00045297139427414007,-0.14785590767860413,0.01099776104092598,0.01099776104092598,1.0,1.0,0,0
114,t2_b0,3,4,0.8825840831599072,-0.11910602450370789,0.501690149307251,0.501690149307251,1.0,1.0,0,0
115,t2_b0,4,3,0.29289734973067016,0.13755717873573303,0.01206528302282095,0.01206528302282095,1.0,1.0,0,0
115,t2_b0,9,0,0.8137344317587095,0.1382153332233429,0.22816303372383118,0.22816303372383118,1.0,1.0,0,0
117,t2_b0,0,9,0.21058809894796682,0.04209577292203903,0.014194830320775509,0.014194830320775509,0.15625,1.0,0,0
120,t2_b0,1,9,0.0,-0.14641423523426056,0.010718564502894878,0.010718564502894878,0.07734375,1.0,0,0
120,t2_b0,2,8,0.0,0.26660647988319397,0.03553950786590576,0.03553950786590576,1.0,1.0,0,0
121,t2_b0,8,2,0.4296568564829033,0.35165658593177795,0.003042021533474326,0.003042021533474326,1.0,1.0,0,0
122,t2_b0,4,1,-0.06917802953153333,0.6185727119445801,0.236500546336174,0.236500546336174,1.0,1.0,0,0
124,t2_b0,9,0,0.1043574113667914,0.30468541383743286,0.020065652206540108,0.020065652206540108,0.923046875,1.0,0,0
125,t2_b0,6,7,0.7151160409196695,0.13722458481788635,0.16697926819324493,0.16697926819324493,0.5,1.0,0,0
126,t2_b0,3,6,0.0,0.6144683957099915,0.18878570199012756,0.18878570199012756,1.0,1.0,0,0
127,t2_b0,1,3,-0.009027951934490469,-0.03683046996593475,0.0003864899917971343,0.0003864899917971343,0.05052083333333334,1.0,0,0
128,t2_b0,3,1,0.12655153822382562,0.6299110054969788,0.12668536603450775,0.12668536603450775,0.8677083333333333,1.0,0,0
128,t2_b0,0,9,0.0,-0.014985866844654083,0.0001122881003539078,0.0001122881003539078,0.15078125,1.0,0,0
129,t2_b0,5,8,-0.4570336054181538,0.2290518581867218,0.2353566288948059,0.2353566288948059,1.0,1.0,0,0
131,t2_b0,5,8,-0.41768001324345155,0.19011525809764862,0.18470756709575653,0.18470756709575653,1.0,1.0,0,0
131,t2_b0,7,1,0.8172560378536591,0.03710392862558365,0.3043186366558075,0.3043186366558075,1.0,1.0,0,0
132,t2_b0,8,5,-0.48482074571527495,-0.06271089613437653,0.08908835798501968,0.08908835798501968,1.0,1.0,0,0
132,t2_b0,7,1,-0.13214300988735098,0.24014532566070557,0.06929930299520493,0.06929930299520493,1.0,1.0,0,0
134,t2_b0,9,4,-0.09081482390404264,0.29782503843307495,0.07552047073841095,0.07552047073841095,0.926953125,1.0,0,0
135,t2_b0,8,5,-0.11173066158717326,0.05981110781431198,0.014713291078805923,0.014713291078805923,0.15078125,1.0,0,0
136,t2_b0,2,6,-0.5037095912230026,0.10608172416687012,0.1859227418899536,0.1859227418899536,1.0,1.0,0,0
137,t2_b0,2,6,-0.5610831725359313,0.05936174839735031,0.19247597455978394,0.19247597455978394,0.19296875000000002,1.0,0,0
138,t2_b0,4,0,-0.5121775935616293,0.11309056729078293,0.1954801380634308,0.1954801380634308,0.9031250000000001,1.0,0,0
139,t2_b0,1,3,0.0,0.0704999715089798,0.002485122997313738,0.002485122997313738,0.1484375,1.0,0,0
139,t2_b0,4,7,0.537724290373572,0.019172482192516327,0.13444799184799194,0.13444799184799194,0.048177083333333336,1.0,0,0
140,t2_b0,6,2,-0.27592983510291175,0.17867496609687805,0.1033327654004097,0.1033327654004097,1.0,1.0,0,0
140,t2_b0,0,9,0.0,0.008264519274234772,3.4151140425819904e-05,3.4151140425819904e-05,0.04791666666666667,1.0,0,0
142,t2_b0,7,9,-0.08265299089145102,0.1476517617702484,0.0265201386064291,0.0265201386064291,0.8927734375,1.0,0,0
144,t2_b0,9,3,-0.11969304230780563,0.24392366409301758,0.06610855460166931,0.06610855460166931,0.929296875,1.0,0,0
144,t2_b0,6,1,0.4596883333105119,0.058071769773960114,0.08064793795347214,0.08064793795347214,0.083203125,1.0,0,0
145,t2_b0,5,1,-0.16241798580075362,0.14508792757987976,0.04727994278073311,0.04727994278073311,0.925,1.0,0,0
147,t2_b0,0,9,-0.00384792237456454,-0.02716628462076187,0.00027187299565412104,0.00027187299565412104,0.13984375000000002,1.0,0,0
147,t2_b0,3,4,-0.13133575635856645,0.08531827479600906,0.023469485342502594,0.023469485342502594,0.930078125,1.0,0,0
148,t2_b0,8,6,0.9717446134282641,0.10885119438171387,0.37229251861572266,0.37229251861572266,0.06666666666666667,1.0,0,0
150,t2_b0,1,6,-0.0882693673994138,-0.12377366423606873,0.0006302775582298636,0.0006302775582298636,0.06718750000000001,1.0,0,0
150,t2_b0,5,8,0.06821188155861639,0.0360741913318634,0.0005164156318642199,0.0005164156318642199,1.0,1.0,0,0
151,t2_b0,6,1,0.006506369473514956,0.17197149991989136,0.013689354993402958,0.013689354993402958,0.933203125,1.0,0,0
154,t2_b0,2,4,-1.0,0.11509817838668823,0.615098237991333,0.615098237991333,0.2,1.0,0,0
154,t2_b0,9,0,-0.02788971597524833,0.14744919538497925,0.015371866524219513,0.015371866524219513,1.0,1.0,0,0
155,t2_b0,3,4,-0.05012254389891229,0.1130751371383667,0.013316741213202477,0.013316741213202477,0.1390625,1.0,0,0
155,t2_b0,5,7,0.2512745745173131,-0.11924836039543152,0.06864362955093384,0.06864362955093384,1.0,1.0,0,0
158,t2_b0,4,3,0.05481530630749417,0.12474406510591507,0.0024450155906379223,0.0024450155906379223,0.9182291666666667,1.0,0,0
158,t2_b0,7,5,0.05370639736798224,0.362283319234848,0.047609854489564896,0.047609854489564896,1.0,1.0,0,0
159,t2_b0,3,8,0.08762542972016563,0.11673726886510849,0.0004237496177665889,0.0004237496177665889,0.06914062500000001,1.0,0,0
161,t2_b0,2,4,-0.4587668249447639,0.006492011249065399,0.10823289304971695,0.10823289304971695,0.12421875,1.0,0,0
162,t2_b0,6,0,-0.057855523960517706,0.1460290253162384,0.020784452557563782,0.020784452557563782,0.9382812500000001,1.0,0,0
162,t2_b0,4,3,0.20955641924872007,0.1312274932861328,0.0030677099712193012,0.0030677099712193012,0.9197916666666667,1.0,0,0
164,t2_b0,0,6,0.01917691909999905,0.041783370077610016,0.00025552581064403057,0.00025552581064403057,0.9386718749999999,1.0,0,0
165,t2_b0,1,6,-0.06541448857017666,-0.0072585418820381165,0.0016910569975152612,0.0016910569975152612,0.9390625,1.0,0,0
166,t2_b0,5,7,0.389955637587143,0.14043974876403809,0.03112909011542797,0.03112909011542797,1.0,1.0,0,0
167,t2_b0,7,5,0.22760601190044674,0.16021542251110077,0.002270745811983943,0.002270745811983943,1.0,1.0,0,0
168,t2_b0,2,4,-1.0,-0.0216083824634552,0.4786251187324524,0.4786251187324524,0.11953125,1.0,0,0
168,t2_b0,0,6,0.047061936796665066,-0.024315476417541504,0.002547367475926876,0.002547367475926876,0.060546875,1.0,0,0
169,t2_b0,3,4,0.040486791487983224,0.07629833370447159,0.0006412333459593356,0.0006412333459593356,0.11953125,1.0,0,0
169,t2_b0,8,9,0.0,0.08989930152893066,0.004040942061692476,0.004040942061692476,0.12109375,1.0,0,0
171,t2_b0,9,8,0.5985539528299031,-0.07107752561569214,0.22420315444469452,0.22420315444469452,0.15000000000000002,1.0,0,0
173,t2_b0,7,5,0.015211316713795442,0.22269603610038757,0.021524954587221146,0.021524954587221146,1.0,1.0,0,0
173,t2_b0,6,0,-0.15296732713707062,0.13887104392051697,0.04258481785655022,0.04258481785655022,0.93984375,1.0,0,0
175,t2_b0,1,6,-0.02321807578007291,-0.027471289038658142,9.044907528732438e-06,9.044907528732438e-06,0.9402343750000001,1.0,0,0
176,t2_b0,1,0,0.41821910949174995,-0.08096568286418915,0.12459272891283035,0.12459272891283035,0.059375000000000004,1.0,0,0
178,t2_b0,4,3,0.029452757584381966,0.07052893191576004,0.0008436260977759957,0.0008436260977759957,0.941015625,1.0,0,0
178,t2_b0,0,1,0.04092934814382282,0.0014881491661071777,0.000777804059907794,0.000777804059907794,0.058984375000000006,1.0,0,0
179,t2_b0,3,4,0.0008338262138413348,0.07317958027124405,0.002616954268887639,0.002616954268887639,0.1171875,1.0,0,0
179,t2_b0,9,8,-0.6293813256617128,0.07079104334115982,0.24512067437171936,0.24512067437171936,0.11953125,1.0,0,0
179,t2_b0,5,7,0.0,0.19544163346290588,0.019098715856671333,0.019098715856671333,1.0,1.0,0,0
181,t2_b0,5,7,-0.00026846318016595267,0.123154416680336,0.007616604212671518,0.007616604212671518,1.0,1.0,0,0
182,t2_b0,8,9,0.0,0.07338345050811768,0.0026925653219223022,0.0026925653219223022,1.0,1.0,0,0
183,t2_b0,6,0,-0.11408819518058604,0.1260020136833191,0.028821652755141258,0.028821652755141258,0.94140625,1.0,0,0
185,t2_b0,2,4,-0.9332908785340518,0.03278272598981857,0.4666491448879242,0.4666491448879242,0.941796875,1.0,0,0
186,t2_b0,8,9,0.0,0.031662896275520325,0.0005012694746255875,0.0005012694746255875,1.0,1.0,0,0
187,t2_b0,4,3,0.3195227590729883,0.05925188213586807,0.03387046977877617,0.03387046977877617,1.0,1.0,0,0
188,t2_b0,1,0,0.06663810208565321,-0.07307706028223038,0.009760163724422455,0.009760163724422455,1.0,1.0,0,0
189,t2_b0,7,9,0.14400254688857525,-0.03716912120580673,0.016411583870649338,0.016411583870649338,0.16953125000000002,1.0,0,0
189,t2_b0,0,2,0.0,-0.004284769296646118,9.179623702948447e-06,9.179623702948447e-06,1.0,1.0,0,0
192,t2_b0,4,8,0.024783927584784225,-0.11968528479337692,0.010435677133500576,0.010435677133500576,1.0,1.0,0,0
193,t2_b0,5,7,0.9047526385927462,0.1190052330493927,0.30869948863983154,0.30869948863983154,0.2,1.0,0,0
193,t2_b0,9,8,0.001484303967460935,0.0401943176984787,0.000749232538510114,0.000749232538510114,0.9441406250000001,1.0,0,0
194,t2_b0,9,8,0.09785316888464769,0.044831857085227966,0.0014056297950446606,0.0014056297950446606,0.055078125000000006,1.0,0,0
197,t2_b0,8,9,0.9311959758826238,0.017094865441322327,0.4177904427051544,0.4177904427051544,0.074609375,1.0,0,0
198,t2_b0,2,6,-0.01273985638767924,-0.0022043511271476746,5.549843990593217e-05,5.549843990593217e-05,0.10703125000000001,1.0,0,0
199,t2_b0,3,9,0.6849365113471974,0.12167131900787354,0.15863384306430817,0.15863384306430817,0.2,1.0,0,0
199,t2_b0,7,4,0.01169717982538542,0.08965475112199783,0.003038691356778145,0.003038691356778145,0.058203125,1.0,0,0
200,t2_b0,6,2,0.6799630444557062,-0.010447770357131958,0.2383335679769516,0.2383335679769516,1.0,1.0,0,0
203,t2_b0,7,4,0.0,0.10506665706634521,0.005519501399248838,0.005519501399248838,0.057031250000000006,1.0,0,0
203,t2_b0,6,2,-0.038140140942207634,-0.05438470095396042,0.00013194287021178752,0.00013194287021178752,1.0,1.0,0,0
205,t2_b0,1,2,0.015033085253558353,0.007206462323665619,3.062800897168927e-05,3.062800897168927e-05,1.0,1.0,0,0
206,t2_b0,8,3,-0.4521916986965182,0.08473397046327591,0.14414459466934204,0.14414459466934204,0.03515625,1.0,0,0
207,t2_b0,4,8,0.5046822966628457,0.14316482841968536,0.06534744799137115,0.06534744799137115,0.9302083333333333,1.0,0,0
208,t2_b0,1,0,0.00423215841022801,-0.055182650685310364,0.0017650596564635634,0.0017650596564635634,0.051562500000000004,1.0,0,0
208,t2_b0,9,3,0.0,0.1642836630344391,0.013494561426341534,0.013494561426341534,1.0,1.0,0,0
209,t2_b0,2,1,-0.29891780967935105,0.11725741624832153,0.0866009071469307,0.0866009071469307,0.948828125,1.0,0,0
209,t2_b0,4,3,0.4193559102356499,0.1457768976688385,0.03742273524403572,0.03742273524403572,0.9307291666666667,1.0,0,0
214,t2_b0,0,2,0.016879463277016497,-0.10443443059921265,0.007358530070632696,0.007358530070632696,1.0,1.0,0,0
214,t2_b0,6,1,-0.22870961313279778,0.06951789557933807,0.044469818472862244,0.044469818472862244,0.10078125,1.0,0,0
215,t2_b0,8,3,-0.06537262729362185,0.12867382168769836,0.018827013671398163,0.018827013671398163,0.03411458333333334,1.0,0,0
215,t2_b0,0,2,0.018210023126556785,0.1886671930551529,0.014527822844684124,0.014527822844684124,1.0,1.0,0,0
216,t2_b0,7,3,0.0,0.1468922644853592,0.010788668878376484,0.010788668878376484,0.9317708333333334,1.0,0,0
217,t2_b0,3,9,0.12383278355340704,0.0952373594045639,0.0004088491841685027,0.0004088491841685027,0.9244140624999999,1.0,0,0
219,t2_b0,4,8,0.0,0.1729234755039215,0.01495126448571682,0.01495126448571682,0.9333333333333333,1.0,0,0
219,t2_b0,5,1,0.575321875461824,-0.05264756828546524,0.19717280566692352,0.19717280566692352,0.1,1.0,0,0
220,t2_b0,9,3,-0.036452876916942226,0.1643001288175583,0.020150884985923767,0.020150884985923767,1.0,1.0,0,0
220,t2_b0,1,6,-0.0039016193117380506,0.11949656903743744,0.007613555993884802,0.007613555993884802,0.9500000000000001,1.0,0,0
221,t2_b0,5,1,0.6219307842832105,0.04512869566679001,0.166350319981575,0.166350319981575,0.087109375,1.0,0,0
223,t2_b0,2,0,-0.01737545660594785,0.058892130851745605,0.0029083723202347755,0.0029083723202347755,0.1,1.0,0,0
224,t2_b0,3,9,0.36678740053711395,0.10672973096370697,0.03381500020623207,0.03381500020623207,0.025,1.0,0,0
224,t2_b0,7,4,0.020385561944335433,0.14717808365821838,0.0080381715670228,0.0080381715670228,0.9333333333333333,1.0,0,0
225,t2_b0,9,3,-0.05277849989084523,0.07795826345682144,0.008546051569283009,0.008546051569283009,1.0,1.0,0,0
226,t2_b0,6,1,-0.23178899879617137,0.12497836351394653,0.06364147365093231,0.06364147365093231,0.9500000000000001,1.0,0,0
228,t2_b0,3,8,0.3793287749627579,0.07704323530197144,0.04568827897310257,0.04568827897310257,0.05,1.0,0,0
229,t2_b0,1,6,0.1819892917023908,0.04737343639135361,0.00906071625649929,0.00906071625649929,0.1,1.0,0,0
230,t2_b0,5,0,-0.578198740499177,0.1107904389500618,0.23735302686691284,0.23735302686691284,0.9500000000000001,1.0,0,0
230,t2_b0,4,7,-0.07697276190236282,0.11680886894464493,0.018775660544633865,0.018775660544633865,0.05,1.0,0,0
231,t2_b0,0,5,-0.020232389795677264,-0.036090150475502014,0.00012573428102768958,0.00012573428102768958,1.0,1.0,0,0
232,t2_b0,8,4,0.018856678584812984,0.11876975744962692,0.004991311114281416,0.004991311114281416,0.9500000000000001,1.0,0,0
235,t2_b0,7,8,0.0,0.13784217834472656,0.009500233456492424,0.009500233456492424,1.0,1.0,0,0
241,t2_b0,2,9,0.010550264240331888,-0.004057586193084717,0.00010669464973034337,0.00010669464973034337,0.1,1.0,0,0
241,t2_b0,1,0,-0.04014111811164837,-0.028796635568141937,6.434862734749913e-05,6.434862734749913e-05,0.1,1.0,0,0
242,t2_b0,9,2,0.02456521348711917,0.07553999125957489,0.0012992140837013721,0.0012992140837013721,0.1,1.0,0,0
244,t2_b0,5,7,0.0,-0.12819485366344452,0.008216960355639458,0.008216960355639458,0.2,1.0,0,0
244,t2_b0,6,9,0.6916661654053105,0.10951606929302216,0.16944937407970428,0.16944937407970428,0.9,1.0,0,0
244,t2_b0,0,1,-0.051871895607778544,-0.11610773205757141,0.0020631214138120413,0.0020631214138120413,1.0,1.0,0,0
245,t2_b0,7,5,0.892850726693089,-0.06427380442619324,0.45804363489151,0.45804363489151,0.19921875,1.0,0,0
245,t2_b0,4,9,0.7040461047804552,0.10044268518686295,0.18216854333877563,0.18216854333877563,0.9,1.0,0,0
248,t2_b0,0,1,0.3648474187666801,-0.2482963502407074,0.18797266483306885,0.18797266483306885,0.1,1.0,0,0
248,t2_b0,2,9,-0.7920127666494527,0.05720449239015579,0.36058494448661804,0.36058494448661804,0.05,1.0,0,0
251,t2_b0,8,2,0.7984446123034598,0.10431215167045593,0.24090993404388428,0.24090993404388428,1.0,1.0,0,0
252,t2_b0,6,5,0.050104363510999186,0.056636206805706024,2.133248017344158e-05,2.133248017344158e-05,0.1,1.0,0,0
252,t2_b0,1,7,0.0,0.3179378807544708,0.05054224655032158,0.05054224655032158,0.9500000000000001,1.0,0,0
253,t2_b0,9,4,0.01102981858864161,0.05002979189157486,0.000760499038733542,0.000760499038733542,0.9500000000000001,1.0,0,0
253,t2_b0,8,2,0.4241075851727792,0.1253095120191574,0.04464014619588852,0.04464014619588852,1.0,1.0,0,0
254,t2_b0,7,1,0.981959136455814,-0.09066351503133774,0.5726226568222046,0.5726226568222046,0.17500000000000002,1.0,0,0
255,t2_b0,5,6,0.10945171155204488,0.0032413825392723083,0.005640316754579544,0.005640316754579544,1.0,1.0,0,0
256,t2_b0,1,7,0.0,0.1377544105052948,0.009488138370215893,0.009488138370215893,0.9500000000000001,1.0,0,0
258,t2_b0,4,9,0.16639378134221317,0.03298882395029068,0.00889844261109829,0.00889844261109829,1.0,1.0,0,0
258,t2_b0,2,8,0.0,0.07184386998414993,0.002580770757049322,0.002580770757049322,0.05,1.0,0,0
260,t2_b0,4,9,-0.03167429517390144,0.0848841443657875,0.006792935077100992,0.006792935077100992,0.1,1.0,0,0
260,t2_b0,0,1,-0.08685224418299177,-0.07102405279874802,0.00012526584032457322,0.00012526584032457322,0.1,1.0,0,0
263,t2_b0,9,4,-0.01424072959782599,0.09890009462833405,0.0064004226587712765,0.0064004226587712765,0.9500000000000001,1.0,0,0
264,t2_b0,9,4,0.2256056485631992,0.07705843448638916,0.011033138260245323,0.011033138260245323,0.05,1.0,0,0
265,t2_b0,7,1,0.42345874608300965,0.12339737266302109,0.04501841589808464,0.04501841589808464,1.0,1.0,0,0
266,t2_b0,8,2,0.13968670261396815,0.06632909923791885,0.002690669149160385,0.002690669149160385,0.1,1.0,0,0
266,t2_b0,1,0,0.00017049877581697755,-0.03495527058839798,0.0006169098196551204,0.0006169098196551204,0.05,1.0,0,0
270,t2_b0,4,9,-0.10652680021727698,0.049294814467430115,0.012140189297497272,0.012140189297497272,0.1,1.0,0,0
272,t2_b0,7,1,0.16583794811651292,0.13293734192848206,0.0005412247846834362,0.0005412247846834362,0.9500000000000001,1.0,0,0
272,t2_b0,0,6,0.0,0.12711657583713531,0.008079311810433865,0.008079311810433865,0.9333333333333333,1.0,0,0
273,t2_b0,6,0,0.06966326325080201,0.16585823893547058,0.004626736510545015,0.004626736510545015,1.0,1.0,0,0
275,t2_b0,8,2,0.33254202841390124,0.08529582619667053,0.03056534379720688,0.03056534379720688,0.03333333333333333,1.0,0,0
276,t2_b0,2,8,-0.021421948169471478,0.06708574295043945,0.003916805610060692,0.003916805610060692,0.03333333333333333,1.0,0,0
276,t2_b0,1,7,0.008015179393896144,0.029132306575775146,0.00022296655515674502,0.00022296655515674502,0.9500000000000001,1.0,0,0
277,t2_b0,0,7,0.0,-0.03470006585121155,0.0006020473083481193,0.0006020473083481193,0.05,1.0,0,0
277,t2_b0,9,4,0.1337690394443753,0.09130359441041946,0.0009016568656079471,0.0009016568656079471,0.9500000000000001,1.0,0,0
278,t2_b0,3,6,0.07114661833722614,0.12362710386514664,0.0013771008234471083,0.0013771008234471083,0.06666666666666667,1.0,0,0
279,t2_b0,4,8,0.14458951591290958,0.09136560559272766,0.001416392158716917,0.001416392158716917,1.0,1.0,0,0
279,t2_b0,5,6,0.0614129006347758,0.14943936467170715,0.003874329151585698,0.003874329151585698,1.0,1.0,0,0
281,t2_b0,5,3,-0.4607410221489045,0.14977478981018066,0.1863647848367691,0.1863647848367691,0.9333333333333333,1.0,0,0
281,t2_b0,9,0,0.99708636125828,0.31542399525642395,0.2323317527770996,0.2323317527770996,0.8666666666666667,1.0,0,0
282,t2_b0,7,5,0.2101609067637539,0.08206946402788162,0.008203710429370403,0.008203710429370403,0.02,1.0,0,0
284,t2_b0,9,0,-1.0,0.17749950289726257,0.677499532699585,0.677499532699585,0.8880859375000001,1.0,0,0
285,t2_b0,0,5,-0.037149916931902525,0.06755845993757248,0.005481921602040529,0.005481921602040529,0.02,1.0,0,0
286,t2_b0,6,3,-1.0,0.07343477755784988,0.5734348297119141,0.5734348297119141,0.02,1.0,0,0
286,t2_b0,2,8,0.27496101919837324,0.11980395019054413,0.012036859057843685,0.012036859057843685,1.0,1.0,0,0
287,t2_b0,2,8,0.007829053722125154,0.15760144591331482,0.011215884238481522,0.011215884238481522,1.0,1.0,0,0
290,t2_b0,5,0,-0.02112441649903619,0.1672235131263733,0.01773747242987156,0.01773747242987156,0.925,1.0,0,0
291,t2_b0,6,0,-0.23936748444103484,0.19631457328796387,0.0949094295501709,0.0949094295501709,0.9333333333333333,1.0,0,0
291,t2_b0,4,7,0.9512706138778403,0.23990201950073242,0.2530226707458496,0.2530226707458496,1.0,1.0,0,0
292,t2_b0,8,2,0.0,0.08031882345676422,0.003225556807592511,0.003225556807592511,1.0,1.0,0,0
293,t2_b0,3,1,0.10206363661401109,0.13506560027599335,0.0005445649148896337,0.0005445649148896337,0.9333333333333333,1.0,0,0
295,t2_b0,1,3,0.0,0.04165474325418472,0.0008675588178448379,0.0008675588178448379,0.9500000000000001,1.0,0,0
296,t2_b0,9,2,-0.5635846042216838,0.05741614103317261,0.1928209811449051,0.1928209811449051,1.0,1.0,0,0
298,t2_b0,8,2,0.030038557626260474,0.10728225111961365,0.0029832939617335796,0.0029832939617335796,0.1,1.0,0,0
298,t2_b0,7,6,0.05729285396121114,0.11367223411798477,0.0015893173404037952,0.0015893173404037952,0.1,1.0,0,0
303,t2_b0,7,1,0.04473284296200728,0.0645962581038475,0.0001972776371985674,0.0001972776371985674,0.05,1.0,0,0
304,t2_b0,1,6,0.036158689258561055,0.18160787224769592,0.010577733628451824,0.010577733628451824,0.9333333333333333,1.0,0,0
304,t2_b0,9,7,0.9788893050585566,-0.11971093714237213,0.5986002683639526,0.5986002683639526,1.0,1.0,0,0
304,t2_b0,2,8,0.14749461621987922,0.07814193516969681,0.0024048970080912113,0.0024048970080912113,0.1,1.0,0,0
306,t2_b0,8,2,0.04596484850553574,0.06764636188745499,0.00023504401906393468,0.00023504401906393468,0.1,1.0,0,0
307,t2_b0,3,4,-0.01535809495798388,0.12052254378795624,0.00923177320510149,0.00923177320510149,1.0,1.0,0,0
308,t2_b0,3,4,0.0,0.07835309952497482,0.0030696040485054255,0.0030696040485054255,0.1,1.0,0,0
308,t2_b0,1,6,0.07444781575696177,0.14510510861873627,0.0024962264578789473,0.0024962264578789473,0.9333333333333333,1.0,0,0
308,t2_b0,2,8,0.3705057652029973,0.08785978704690933,0.03994438052177429,0.03994438052177429,0.1,1.0,0,0
310,t2_b0,6,1,-0.23597675462512313,0.07159285247325897,0.04729953780770302,0.04729953780770302,0.05,1.0,0,0
310,t2_b0,4,3,-0.4874592967014892,0.047748468816280365,0.14322367310523987,0.14322367310523987,0.05,1.0,0,0
312,t2_b0,6,1,0.43373666791230425,0.009435325860977173,0.09001582115888596,0.09001582115888596,0.05,1.0,0,0
314,t2_b0,8,2,0.05782127075656411,0.1558462381362915,0.004804446827620268,0.004804446827620268,1.0,1.0,0,0
314,t2_b0,0,3,-0.0055351559268557214,0.025838039815425873,0.0004921386716887355,0.0004921386716887355,1.0,1.0,0,0
317,t2_b0,0,4,0.09613192370790206,-0.03391358256340027,0.008455916307866573,0.008455916307866573,0.05,1.0,0,0
318,t2_b0,1,7,0.07991212807964987,0.035055384039878845,0.001006063655950129,0.001006063655950129,0.05,1.0,0,0
318,t2_b0,3,4,0.0,0.10064584761857986,0.005064793396741152,0.005064793396741152,0.05,1.0,0,0
318,t2_b0,2,8,0.0,0.07837225496768951,0.003071105107665062,0.003071105107665062,0.1,1.0,0,0
319,t2_b0,4,0,-0.2782227484270177,0.13172191381454468,0.08402731269598007,0.08402731269598007,0.9500000000000001,1.0,0,0
320,t2_b0,7,6,-0.0027067273721841784,0.08406215161085129,0.003764419350773096,0.003764419350773096,0.9333333333333333,1.0,0,0
322,t2_b0,9,6,-0.990117248012436,0.032557256519794464,0.522674560546875,0.522674560546875,0.05,1.0,0,0
324,t2_b0,5,7,0.8278806505236835,0.0782223641872406,0.2809937298297882,0.2809937298297882,1.0,1.0,0,0
324,t2_b0,6,9,0.05940187733251446,0.07628554105758667,0.00014252905384637415,0.00014252905384637415,1.0,1.0,0,0
326,t2_b0,2,9,0.9759561761218114,0.06131729483604431,0.418282151222229,0.418282151222229,1.0,1.0,0,0
327,t2_b0,2,9,0.7869644663636024,0.20276902616024017,0.17064215242862701,0.17064215242862701,1.0,1.0,0,0
327,t2_b0,7,5,0.0,0.10306748002767563,0.005311452783644199,0.005311452783644199,0.1,1.0,0,0
328,t2_b0,1,7,-0.02975233916700273,0.06470461189746857,0.004461057484149933,0.004461057484149933,0.05,1.0,0,0
328,t2_b0,0,9,-0.017865394327053762,0.1613607108592987,0.016060996800661087,0.016060996800661087,1.0,1.0,0,0
330,t2_b0,6,8,0.5876470207137512,0.047515951097011566,0.14587080478668213,0.14587080478668213,1.0,1.0,0,0
332,t2_b0,9,0,-0.5789004980612172,0.05745096504688263,0.20247159898281097,0.20247159898281097,0.1,1.0,0,0
334,t2_b0,7,5,-0.07185987491706286,0.07391991466283798,0.010625873692333698,0.010625873692333698,0.05,1.0,0,0
336,t2_b0,6,3,0.3854809022824572,0.15889042615890503,0.025671623647212982,0.025671623647212982,1.0,1.0,0,0
337,t2_b0,3,6,0.16751436980442808,-0.042493924498558044,0.022051742300391197,0.022051742300391197,1.0,1.0,0,0
338,t2_b0,1,7,0.0,0.14477092027664185,0.010479309596121311,0.010479309596121311,0.9500000000000001,1.0,0,0
338,t2_b0,0,9,-0.00845944322768392,0.1575792133808136,0.013784418813884258,0.013784418813884258,1.0,1.0,0,0
339,t2_b0,3,6,0.4681263015752649,0.03693249821662903,0.0929640457034111,0.0929640457034111,0.1,1.0,0,0
339,t2_b0,5,7,0.17825923338672364,0.050104498863220215,0.008211818523705006,0.008211818523705006,0.9500000000000001,1.0,0,0
340,t2_b0,2,8,0.26856798258358733,0.04472927004098892,0.025051886215806007,0.025051886215806007,0.1,1.0,0,0
343,t2_b0,7,5,0.0,0.14039131999015808,0.009854861535131931,0.009854861535131931,0.9500000000000001,1.0,0,0
343,t2_b0,8,2,0.3311976141262516,0.16678676009178162,0.013515464961528778,0.013515464961528778,1.0,1.0,0,0
343,t2_b0,9,0,0.06154092944766836,0.024677328765392303,0.0006794624496251345,0.0006794624496251345,1.0,1.0,0,0
345,t2_b0,9,0,0.6078007474020937,0.056775227189064026,0.1518145501613617,0.1518145501613617,0.1,1.0,0,0
345,t2_b0,6,3,-0.7183529292194598,0.10637929290533066,0.3400915861129761,0.3400915861129761,0.1,1.0,0,0
346,t2_b0,5,7,0.26705602113476723,0.07714515924453735,0.018033066764473915,0.018033066764473915,0.05,1.0,0,0
347,t2_b0,1,7,0.0,0.12031010538339615,0.0072372606955468655,0.0072372606955468655,0.05,1.0,0,0
348,t2_b0,2,8,0.2967834563684377,0.04416058957576752,0.03190914914011955,0.03190914914011955,0.1,1.0,0,0
354,t2_b0,5,7,-0.09735191317289371,0.12698116898536682,0.02516266517341137,0.02516266517341137,0.9500000000000001,1.0,0,0
354,t2_b0,0,9,-0.01096303220474594,0.02821826934814453,0.0007675871020182967,0.0007675871020182967,1.0,1.0,0,0
356,t2_b0,8,2,0.08252741020253071,0.09594932943582535,9.007400512928143e-05,9.007400512928143e-05,0.1,1.0,0,0
357,t2_b0,3,6,0.029462014767257415,0.0909024178981781,0.0018874614033848047,0.0018874614033848047,1.0,1.0,0,0
358,t2_b0,2,8,0.0,0.080661341547966,0.0032531260512769222,0.0032531260512769222,0.1,1.0,0,0
358,t2_b0,1,7,0.0145323253757302,0.1346471607685089,0.007213786710053682,0.007213786710053682,0.9500000000000001,1.0,0,0
360,t2_b0,7,1,-0.7142174770243277,0.023801252245903015,0.27233582735061646,0.27233582735061646,0.05,1.0,0,0
360,t2_b0,0,9,-0.02541992733361908,0.030807405710220337,0.001580756506882608,0.001580756506882608,0.1,1.0,0,0
360,t2_b0,6,3,-1.0,0.09010486304759979,0.5901048183441162,0.5901048183441162,1.0,1.0,0,0
361,t2_b0,9,0,-0.12494040781326786,0.05548771470785141,0.01627715304493904,0.01627715304493904,0.1,1.0,0,0
361,t2_b0,6,3,0.03156684314542115,-0.053597111254930496,0.003626449266448617,0.003626449266448617,0.1,1.0,0,0
362,t2_b0,7,5,0.4095101600382644,0.15876531600952148,0.031436488032341,0.031436488032341,0.9500000000000001,1.0,0,0
364,t2_b0,3,6,0.23020807516524497,0.09873019903898239,0.008643214590847492,0.008643214590847492,1.0,1.0,0,0
365,t2_b0,8,2,0.18171929288324998,0.04872004687786102,0.008844398893415928,0.008844398893415928,1.0,1.0,0,0
367,t2_b0,1,7,0.12694054209899225,0.1728033423423767,0.0010516978800296783,0.0010516978800296783,1.0,1.0,0,0
368,t2_b0,4,6,0.06692452526728053,0.033394671976566315,0.0005621255841106176,0.0005621255841106176,1.0,1.0,0,0
368,t2_b0,9,0,-0.19979441699793313,0.11008493602275848,0.04801261052489281,0.04801261052489281,0.1,1.0,0,0
369,t2_b0,0,9,0.0,0.04213767498731613,0.0008877918007783592,0.0008877918007783592,0.1,1.0,0,0
369,t2_b0,5,7,-0.11612258930170435,0.08319534361362457,0.01986381970345974,0.01986381970345974,1.0,1.0,0,0
370,t2_b0,4,6,-0.0030599308522807752,0.07691731303930283,0.0031981798820197582,0.0031981798820197582,1.0,1.0,0,0
371,t2_b0,5,1,0.7971221756479901,0.14340174198150635,0.21367520093917847,0.21367520093917847,1.0,1.0,0,0
373,t2_b0,8,5,0.9998749577807979,0.12793360650539398,0.38014084100723267,0.38014084100723267,1.0,1.0,0,0
376,t2_b0,9,8,0.0,-0.01667596399784088,0.00013904388470109552,0.00013904388470109552,1.0,1.0,0,0
376,t2_b0,2,7,-0.018844869888096617,-0.1220598965883255,0.005326670594513416,0.005326670594513416,1.0,1.0,0,0
377,t2_b0,7,2,0.520350679236573,0.15847182273864746,0.06547816097736359,0.06547816097736359,0.15000000000000002,1.0,0,0
379,t2_b0,9,7,0.9560165787605603,-0.12396065890789032,0.57997727394104,0.57997727394104,1.0,1.0,0,0
382,t2_b0,7,2,-1.0,0.25345101952552795,0.7534509897232056,0.7534509897232056,0.9500000000000001,1.0,0,0
384,t2_b0,2,7,-0.0006627126927278786,0.015728577971458435,0.00013433719868771732,0.00013433719868771732,0.1,1.0,0,0
387,t2_b0,1,3,-0.008428242251054876,0.09598420560359955,0.005450979806482792,0.005450979806482792,0.1,1.0,0,0
388,t2_b0,5,6,0.0,-0.12256903946399689,0.0075115845538675785,0.0075115845538675785,1.0,1.0,0,0
389,t2_b0,6,8,0.5682930959672734,0.17376263439655304,0.07782714813947678,0.07782714813947678,0.9125,1.0,0,0
390,t2_b0,3,1,0.8509977555230918,0.16102230548858643,0.23803305625915527,0.23803305625915527,1.0,1.0,0,0
391,t2_b0,5,8,0.6494454045147431,0.11287252604961395,0.14395523071289062,0.14395523071289062,0.9128906250000001,1.0,0,0
392,t2_b0,8,5,-0.09254472361517063,0.10659579187631607,0.019828472286462784,0.019828472286462784,0.061328125000000004,1.0,0,0
392,t2_b0,9,7,0.20487268613559598,0.15431226789951324,0.0012781777186319232,0.0012781777186319232,0.1,1.0,0,0
394,t2_b0,6,8,-0.4144263236666052,0.15756502747535706,0.1635870337486267,0.1635870337486267,1.0,1.0,0,0
395,t2_b0,8,6,0.057081516731248484,0.11625541001558304,0.0017507747979834676,0.0017507747979834676,0.12109375,1.0,0,0
396,t2_b0,7,9,0.10345382002665526,0.0762624517083168,0.0003696853236760944,0.0003696853236760944,0.05,1.0,0,0
398,t2_b0,1,3,0.0030389334749385084,0.12746357917785645,0.007740745786577463,0.007740745786577463,1.0,1.0,0,0
400,t2_b0,0,5,0.004562518865513594,0.08373017609119415,0.0031337589025497437,0.0031337589025497437,0.1,1.0,0,0
401,t2_b0,5,0,-0.38752656310317773,0.27447929978370667,0.2191259115934372,0.2191259115934372,1.0,1.0,0,0
402,t2_b0,3,1,-1.0,0.1591697335243225,0.6591696739196777,0.6591696739196777,0.9500000000000001,1.0,0,0
402,t2_b0,9,7,0.2770826632169892,0.17942923307418823,0.004768094979226589,0.004768094979226589,1.0,1.0,0,0
403,t2_b0,8,2,0.12654514473225126,0.19127075374126434,0.002094702096655965,0.002094702096655965,1.0,1.0,0,0
405,t2_b0,2,8,-0.12261182181700801,0.04374668747186661,0.013837574981153011,0.013837574981153011,0.05,1.0,0,0
406,t2_b0,9,2,-0.32335851791911113,0.20233052968978882,0.13817445933818817,0.13817445933818817,0.9500000000000001,1.0,0,0
408,t2_b0,1,3,0.17667852102629392,0.14271169900894165,0.0005768725532107055,0.0005768725532107055,0.9500000000000001,1.0,0,0
408,t2_b0,7,2,-0.6712166666165379,0.12761127948760986,0.3190630376338959,0.3190630376338959,0.03333333333333333,1.0,0,0
410,t2_b0,4,1,0.48409491888188444,0.1528712809085846,0.05485454946756363,0.05485454946756363,0.9500000000000001,1.0,0,0
411,t2_b0,2,5,0.0,-0.05809812247753143,0.0016876959707587957,0.0016876959707587957,0.05,1.0,0,0
414,t2_b0,0,3,-0.0293700557814577,-0.06199931353330612,0.000532334262970835,0.000532334262970835,0.9500000000000001,1.0,0,0
415,t2_b0,3,0,-0.6798826489626884,0.06086530536413193,0.2743537425994873,0.2743537425994873,0.9500000000000001,1.0,0,0
415,t2_b0,2,7,0.9616780766738365,0.1376694142818451,0.3394951820373535,0.3394951820373535,0.2,1.0,0,0
416,t2_b0,7,2,0.25954081705441534,0.02552396059036255,0.02738194726407528,0.02738194726407528,0.1,1.0,0,0
417,t2_b0,2,7,-1.0,0.21943101286888123,0.7194310426712036,0.7194310426712036,1.0,1.0,0,0
417,t2_b0,0,1,-0.08664828399926532,-0.25574883818626404,0.014297498390078545,0.014297498390078545,0.05,1.0,0,0
417,t2_b0,6,4,-1.0,0.06784800440073013,0.5678479671478271,0.5678479671478271,0.1,1.0,0,0
418,t2_b0,9,0,0.24363636964427052,0.15935365855693817,0.0035517876967787743,0.0035517876967787743,0.9500000000000001,1.0,0,0
419,t2_b0,4,6,0.03542712293527908,0.07527977228164673,0.0007941168150864542,0.0007941168150864542,0.1,1.0,0,0
423,t2_b0,5,1,0.785278201197062,0.22635750472545624,0.15619616210460663,0.15619616210460663,1.0,1.0,0,0
423,t2_b0,7,2,-0.06622388268660463,0.030856676399707794,0.004712317604571581,0.004712317604571581,1.0,1.0,0,0
424,t2_b0,1,0,-0.01231387808041468,-0.07945981621742249,0.002254288410767913,0.002254288410767913,0.05,1.0,0,0
425,t2_b0,0,1,-0.004611853524896877,-0.213236004114151,0.021762019023299217,0.021762019023299217,0.1,1.0,0,0
425,t2_b0,8,5,0.9147778001300586,0.12249872088432312,0.31385311484336853,0.31385311484336853,0.2,1.0,0,0
430,t2_b0,5,1,-0.06954010956400651,0.3501517176628113,0.08807061612606049,0.08807061612606049,0.9333333333333333,1.0,0,0
430,t2_b0,2,4,-0.28116807659255705,0.09697968512773514,0.0714978575706482,0.0714978575706482,0.1,1.0,0,0
435,t2_b0,1,0,0.06170507229203498,0.0018047168850898743,0.0017940262332558632,0.0017940262332558632,0.03333333333333333,1.0,0,0
437,t2_b0,8,5,0.3191746325102917,0.16676199436187744,0.011614808812737465,0.011614808812737465,0.1,1.0,0,0
438,t2_b0,2,4,-0.09775278072464998,0.07500535249710083,0.01492268592119217,0.01492268592119217,0.05,1.0,0,0
439,t2_b0,3,4,0.6103297241478259,0.2214951515197754,0.0755961686372757,0.0755961686372757,0.9500000000000001,1.0,0,0
440,t2_b0,5,1,-0.3914782686627958,0.2204848974943161,0.18724945187568665,0.18724945187568665,0.9500000000000001,1.0,0,0
441,t2_b0,7,9,0.28498374522078335,0.17907650768756866,0.005608172621577978,0.005608172621577978,1.0,1.0,0,0
442,t2_b0,1,5,0.07465643298600971,0.07959402352571487,1.2189893823233433e-05,1.2189893823233433e-05,0.05,1.0,0,0
442,t2_b0,7,9,-0.07077479984239371,0.13167834281921387,0.020493635907769203,0.020493635907769203,0.14921875,1.0,0,0
443,t2_b0,8,5,0.3500529325093657,0.1889732927083969,0.012973323464393616,0.012973323464393616,1.0,1.0,0,0
443,t2_b0,9,7,-0.030335401964952442,0.0070381760597229,0.0006983922212384641,0.0006983922212384641,1.0,1.0,0,0
444,t2_b0,0,1,0.010111898084036971,-0.21659497916698456,0.02569800429046154,0.02569800429046154,1.0,1.0,0,0
445,t2_b0,9,7,0.4115787982123754,0.017528705298900604,0.07763773947954178,0.07763773947954178,0.1,1.0,0,0
447,t2_b0,0,1,0.32386622075577864,-0.16557595133781433,0.11977681517601013,0.11977681517601013,0.1,1.0,0,0
448,t2_b0,2,4,-0.36439827480568376,0.09555672109127045,0.10577929019927979,0.10577929019927979,0.1,1.0,0,0
449,t2_b0,1,5,0.012946511584099929,0.03200415521860123,0.0001815968716982752,0.0001815968716982752,0.05,1.0,0,0
450,t2_b0,5,1,-0.2906476980258849,0.21624819934368134,0.1284717321395874,0.1284717321395874,0.9500000000000001,1.0,0,0
452,t2_b0,7,9,-1.0,0.16070768237113953,0.6607077121734619,0.6607077121734619,1.0,1.0,0,0
453,t2_b0,8,1,-0.6656127915073989,0.18205609917640686,0.35927125811576843,0.35927125811576843,0.9500000000000001,1.0,0,0
455,t2_b0,4,2,0.0004945569355392696,0.08620545268058777,0.0036731790751218796,0.0036731790751218796,1.0,1.0,0,0
455,t2_b0,9,7,0.0,0.0633477196097374,0.002006466733291745,0.002006466733291745,1.0,1.0,0,0
457,t2_b0,1,8,0.17990698608670944,-0.008462779223918915,0.017741581425070763,0.017741581425070763,1.0,1.0,0,0
459,t2_b0,0,5,-0.001276617074220397,-0.07273436337709427,0.002553104655817151,0.002553104655817151,0.03333333333333333,1.0,0,0
460,t2_b0,5,2,-0.1002978722856303,0.16332897543907166,0.034749556332826614,0.034749556332826614,0.9333333333333333,1.0,0,0
462,t2_b0,2,0,0.021937691941113495,0.151041179895401,0.008333854377269745,0.008333854377269745,0.9500000000000001,1.0,0,0
462,t2_b0,4,6,0.9866482273592567,0.1850840449333191,0.3212525546550751,0.3212525546550751,1.0,1.0,0,0
463,t2_b0,6,4,0.0,-0.10561006516218185,0.005576742812991142,0.005576742812991142,1.0,1.0,0,0
463,t2_b0,3,0,0.47437809565883593,-0.1064494326710701,0.1686803102493286,0.1686803102493286,0.5,1.0,0,0
464,t2_b0,8,0,-0.17585844651537522,0.13967782258987427,0.04978156462311745,0.04978156462311745,1.0,1.0,0,0
465,t2_b0,0,3,0.02033299303321182,-0.06697618961334229,0.0038114467170089483,0.0038114467170089483,1.0,1.0,0,0
468,t2_b0,9,4,0.6319459558074944,-0.12514358758926392,0.2865923047065735,0.2865923047065735,1.0,1.0,0,0
470,t2_b0,5,3,0.3847198407429164,0.17329005897045135,0.022351277992129326,0.022351277992129326,1.0,1.0,0,0
471,t2_b0,7,9,-0.021279973387630113,0.09325824677944183,0.006559502333402634,0.006559502333402634,0.9500000000000001,1.0,0,0
473,t2_b0,8,7,-1.0,0.21332338452339172,0.7133233547210693,0.7133233547210693,0.9333333333333333,1.0,0,0
474,t2_b0,2,1,-0.07422189486800808,0.20746585726737976,0.03967399150133133,0.03967399150133133,1.0,1.0,0,0
475,t2_b0,4,8,0.0,0.1140570417046547,0.0065045044757425785,0.0065045044757425785,1.0,1.0,0,0
475,t2_b0,1,2,0.006611983704335862,-0.032645754516124725,0.0007705850293859839,0.0007705850293859839,1.0,1.0,0,0
476,t2_b0,6,2,0.5960244729138915,-0.12238144874572754,0.2580535113811493,0.2580535113811493,0.5,1.0,0,0
477,t2_b0,3,5,-0.008225486935464885,0.08365833014249802,0.004221317823976278,0.004221317823976278,1.0,1.0,0,0
478,t2_b0,7,9,-0.07377917419137668,0.0675097405910492,0.009981277398765087,0.009981277398765087,0.1,1.0,0,0
478,t2_b0,2,1,-0.06460039119820278,0.15545982122421265,0.02421324886381626,0.02421324886381626,0.9500000000000001,1.0,0,0
480,t2_b0,3,5,0.2651738168852042,0.1473909318447113,0.006936404854059219,0.006936404854059219,0.05,1.0,0,0
481,t2_b0,5,8,0.0,0.1894887238740921,0.017952987924218178,0.017952987924218178,0.9500000000000001,1.0,0,0
482,t2_b0,9,7,-0.31979469508209835,0.13281267881393433,0.10242671519517899,0.10242671519517899,0.1,1.0,0,0
483,t2_b0,7,9,-0.29527114605731747,0.05466526001691818,0.06122775003314018,0.06122775003314018,0.1,1.0,0,0
485,t2_b0,1,6,0.03307965912435819,-0.011917158961296082,0.0010123567190021276,0.0010123567190021276,0.9333333333333333,1.0,0,0
486,t2_b0,9,7,-0.25200259955572096,0.15029609203338623,0.08092211931943893,0.08092211931943893,1.0,1.0,0,0
487,t2_b0,2,1,-0.10677438051917378,0.16113923490047455,0.035888850688934326,0.035888850688934326,0.9500000000000001,1.0,0,0
488,t2_b0,4,2,0.7999739784832545,0.050989098846912384,0.2804891765117645,0.2804891765117645,0.9125,1.0,0,0
488,t2_b0,6,1,-0.09034711149926201,0.08450088649988174,0.015285910107195377,0.015285910107195377,0.03333333333333333,1.0,0,0
489,t2_b0,0,2,0.09234681810388698,-0.08591912686824799,0.015889372676610947,0.015889372676610947,0.05,1.0,0,0
490,t2_b0,3,5,-0.08380638849498252,0.1585412621498108,0.02936619333922863,0.02936619333922863,0.03333333333333333,1.0,0,0
492,t2_b0,1,6,0.0,0.025306887924671173,0.00032021928927861154,0.00032021928927861154,0.025,1.0,0,0
493,t2_b0,5,1,-0.1037603532501591,0.23834437131881714,0.05851782485842705,0.05851782485842705,0.9333333333333333,1.0,0,0
494,t2_b0,4,0,-0.11180640040723597,0.10089573264122009,0.022621097043156624,0.022621097043156624,1.0,1.0,0,0
494,t2_b0,8,7,0.9112076863638539,-0.07544896751642227,0.486745685338974,0.486745685338974,0.2,1.0,0,0
495,t2_b0,9,7,-0.5899310331383726,0.14864206314086914,0.2727451026439667,0.2727451026439667,0.9500000000000001,1.0,0,0
498,t2_b0,3,6,0.00871398329814795,0.11022870987653732,0.005152619909495115,0.005152619909495115,0.03333333333333333,1.0,0,0
499,t2_b0,2,0,-0.08625376553235072,0.16773879528045654,0.0322561077773571,0.0322561077773571,1.0,1.0,0,0
500,t2_b0,6,1,-0.13815289907793418,0.17836321890354156,0.0500912219285965,0.0500912219285965,0.9333333333333333,1.0,0,0
501,t2_b0,6,1,-0.041352038542516525,0.09617798030376434,0.009457251988351345,0.009457251988351345,0.05,1.0,0,0
501,t2_b0,7,8,-0.032286400920460145,0.015846766531467438,0.0011584009043872356,0.0011584009043872356,1.0,1.0,0,0
502,t2_b0,5,4,0.0,0.1802591234445572,0.016246676445007324,0.016246676445007324,0.9500000000000001,1.0,0,0
504,t2_b0,0,1,-0.21143826940794874,-0.16440387070178986,0.0011061172699555755,0.0011061172699555755,1.0,1.0,0,0
505,t2_b0,1,6,0.00027155725391020256,-0.07771377265453339,0.003040855983272195,0.003040855983272195,0.925,1.0,0,0
506,t2_b0,2,1,0.9074215373445318,-0.1061021015048027,0.5135235786437988,0.5135235786437988,0.5,1.0,0,0
507,t2_b0,2,1,0.0,0.24806642532348633,0.03076847642660141,0.03076847642660141,0.8505859375,1.0,0,0
508,t2_b0,4,0,0.31884853209442343,0.15130698680877686,0.014035082422196865,0.014035082422196865,0.9333333333333333,1.0,0,0
509,t2_b0,3,9,0.9303389164476208,-0.12137122452259064,0.5517101287841797,0.5517101287841797,0.2,1.0,0,0
510,t2_b0,1,0,0.32840574638307357,-0.16815167665481567,0.12328463047742844,0.12328463047742844,0.1,1.0,0,0
510,t2_b0,4,2,0.012075601160774918,0.1335867941379547,0.007382484618574381,0.007382484618574381,1.0,1.0,0,0
512,t2_b0,0,1,-0.034186666156873706,-0.1536301076412201,0.007133368402719498,0.007133368402719498,0.1,1.0,0,0
513,t2_b0,9,2,0.08606684732627203,0.032563626766204834,0.0014312973944470286,0.0014312973944470286,1.0,1.0,0,0
513,t2_b0,8,1,-0.09417423177619309,0.23001323640346527,0.05254875496029854,0.05254875496029854,1.0,1.0,0,0
515,t2_b0,5,3,0.7260765880337582,-0.04581088572740555,0.2979051470756531,0.2979051470756531,0.2,1.0,0,0
516,t2_b0,0,1,-0.05790095557343221,-0.15186195075511932,0.0044143348932266235,0.0044143348932266235,0.1,1.0,0,0
517,t2_b0,2,9,-0.32791578049591374,0.10820547491312027,0.09510087221860886,0.09510087221860886,1.0,1.0,0,0
518,t2_b0,6,8,0.999630206962634,-0.12429746240377426,0.6239277124404907,0.6239277124404907,1.0,1.0,0,0
521,t2_b0,5,3,0.06186864586684936,0.1322849690914154,0.0024792293552309275,0.0024792293552309275,0.1484375,1.0,0,0
523,t2_b0,8,1,-0.7430616618587954,0.18956753611564636,0.43489864468574524,0.43489864468574524,0.9333333333333333,1.0,0,0
523,t2_b0,9,7,0.09236779769341502,0.02121444046497345,0.0025314001832157373,0.0025314001832157373,1.0,1.0,0,0
524,t2_b0,1,0,-0.021671689501463382,-0.036048807203769684,0.00010335075057810172,0.00010335075057810172,0.05,1.0,0,0
525,t2_b0,7,9,0.6980492477995575,0.020197488367557526,0.22974148392677307,0.22974148392677307,0.15000000000000002,1.0,0,0
527,t2_b0,3,5,0.10911139821388141,0.15030184388160706,0.0008483264246024191,0.0008483264246024191,0.926171875,1.0,0,0
527,t2_b0,0,1,-0.001627390661789215,-0.27772489190101624,0.038114916533231735,0.038114916533231735,0.1,1.0,0,0
528,t2_b0,9,7,0.029846933844552392,0.16235795617103577,0.008779585361480713,0.008779585361480713,1.0,1.0,0,0
530,t2_b0,6,3,0.36534180037075853,0.12295428663492203,0.02937585860490799,0.02937585860490799,1.0,1.0,0,0
531,t2_b0,2,8,0.33234459975944547,0.1460893750190735,0.017345502972602844,0.017345502972602844,0.1,1.0,0,0
531,t2_b0,6,3,0.4980124453513106,0.12692958116531372,0.06885124742984772,0.06885124742984772,0.10078125,1.0,0,0
533,t2_b0,1,8,0.20010754907233197,0.2292473316192627,0.00042456359369680285,0.00042456359369680285,0.9500000000000001,1.0,0,0
534,t2_b0,8,1,-0.6204129271210171,0.10269182920455933,0.261440247297287,0.261440247297287,0.05,1.0,0,0
534,t2_b0,3,5,-0.2621708669748937,0.16287828981876373,0.09033340215682983,0.09033340215682983,0.10078125,1.0,0,0
535,t2_b0,9,7,-0.039645003073908086,0.03305523842573166,0.0026426624972373247,0.0026426624972373247,0.05,1.0,0,0
536,t2_b0,0,1,0.12720465868565753,-0.15316088497638702,0.039302412420511246,0.039302412420511246,0.1,1.0,0,0
537,t2_b0,2,8,-0.26695756328139403,0.2026592493057251,0.11026997119188309,0.11026997119188309,1.0,1.0,0,0
537,t2_b0,7,9,0.21536635694142217,0.11966697126626968,0.0045791869051754475,0.0045791869051754475,0.05,1.0,0,0
538,t2_b0,3,5,0.5374664411747516,0.1511630266904831,0.07461516559123993,0.07461516559123993,0.1,1.0,0,0
539,t2_b0,5,3,-0.25826967371251863,0.11374419182538986,0.0691971555352211,0.0691971555352211,1.0,1.0,0,0
541,t2_b0,1,8,0.21400828038949452,-0.06874457746744156,0.03997459262609482,0.03997459262609482,0.03333333333333333,1.0,0,0
542,t2_b0,6,9,0.44769675525865354,0.2114451825618744,0.02790740132331848,0.02790740132331848,0.9500000000000001,1.0,0,0
543,t2_b0,5,3,0.6269959187497286,0.07222172617912292,0.15388718247413635,0.15388718247413635,0.1,1.0,0,0
545,t2_b0,8,0,-0.3205054687873323,0.04867136478424072,0.0681457668542862,0.0681457668542862,0.03333333333333333,1.0,0,0
546,t2_b0,9,7,0.23014181344825063,0.0756528452038765,0.011933422647416592,0.011933422647416592,1.0,1.0,0,0
546,t2_b0,1,8,0.17893185847636184,0.16558948159217834,8.900956163415685e-05,8.900956163415685e-05,0.9333333333333333,1.0,0,0
547,t2_b0,7,6,-0.3643108429864994,0.1856323778629303,0.15121877193450928,0.15121877193450928,1.0,1.0,0,0
547,t2_b0,2,1,-0.7058141570331439,0.11770185083150864,0.3390893042087555,0.3390893042087555,0.03333333333333333,1.0,0,0
549,t2_b0,0,8,0.0,0.024017363786697388,0.0002884168934542686,0.0002884168934542686,1.0,1.0,0,0
552,t2_b0,5,8,-0.20664513776436166,0.23447327315807343,0.09729272872209549,0.09729272872209549,0.9333333333333333,1.0,0,0
554,t2_b0,6,7,-0.01296145284272764,0.1559254229068756,0.014261387288570404,0.014261387288570404,1.0,1.0,0,0
554,t2_b0,4,5,-0.4082897835276431,0.13694524765014648,0.14864061772823334,0.14864061772823334,0.03333333333333333,1.0,0,0
558,t2_b0,2,5,-0.06593144891272291,0.12409625947475433,0.01805526576936245,0.01805526576936245,0.05,1.0,0,0
560,t2_b0,5,9,0.15129619772388184,0.1828146129846573,0.0004967052373103797,0.0004967052373103797,0.9333333333333333,1.0,0,0
561,t2_b0,9,8,0.6359534430002936,0.036148570477962494,0.1798829436302185,0.1798829436302185,0.05000000000000001,1.0,0,0
562,t2_b0,8,9,0.041694171248498564,0.10852676630020142,0.002233297796919942,0.002233297796919942,0.9333333333333333,1.0,0,0
564,t2_b0,3,5,-0.39259677166088,-0.12528620660305023,0.03572746738791466,0.03572746738791466,0.5,1.0,0,0
564,t2_b0,0,8,-0.00354846711443497,0.12140238285064697,0.007806357461959124,0.007806357461959124,0.9500000000000001,1.0,0,0
564,t2_b0,7,4,0.11656749289087223,0.1819618195295334,0.0021382090635597706,0.0021382090635597706,0.17500000000000002,1.0,0,0
565,t2_b0,1,2,0.38087794778745077,0.14916262030601501,0.02684599533677101,0.02684599533677101,1.0,1.0,0,0
566,t2_b0,1,8,0.021714562609695436,0.2473543882369995,0.025456665083765984,0.025456665083765984,0.9500000000000001,1.0,0,0
566,t2_b0,6,9,0.9711028973847491,0.09416311979293823,0.38451167941093445,0.38451167941093445,0.15000000000000002,1.0,0,0
566,t2_b0,0,5,0.0,-0.08128247410058975,0.003303420264273882,0.003303420264273882,0.025,1.0,0,0
568,t2_b0,4,7,0.8303666278700661,0.06607814133167267,0.2920684516429901,0.2920684516429901,1.0,1.0,0,0
568,t2_b0,8,2,0.21363227802458817,0.11893213540315628,0.004484057892113924,0.004484057892113924,0.016666666666666666,1.0,0,0
571,t2_b0,3,0,0.504359713655676,-0.008949138224124908,0.13174299895763397,0.13174299895763397,1.0,1.0,0,0
572,t2_b0,2,8,0.13691667623826353,0.18518005311489105,0.0011646765051409602,0.0011646765051409602,0.9166666666666667,1.0,0,0
573,t2_b0,5,6,0.07977078260472935,0.18888512253761292,0.0059529696591198444,0.0059529696591198444,0.9166666666666667,1.0,0,0
574,t2_b0,8,9,0.060905450155023536,0.12285508960485458,0.0019188789883628488,0.0019188789883628488,0.05,1.0,0,0
576,t2_b0,6,1,0.5062412414787367,-0.01535816490650177,0.13603296875953674,0.13603296875953674,0.03333333333333333,1.0,0,0
578,t2_b0,9,8,0.1813304100656874,0.13403764367103577,0.0011183030437678099,0.0011183030437678099,0.1,1.0,0,0
580,t2_b0,2,8,0.10822505195740117,0.16838569939136505,0.0018096516141667962,0.0018096516141667962,0.025,1.0,0,0
580,t2_b0,5,6,0.41119577828188136,0.23072689771652222,0.016284510493278503,0.016284510493278503,0.925,1.0,0,0
581,t2_b0,0,5,-0.0028162382309891744,0.010054074227809906,8.282247290480882e-05,8.282247290480882e-05,0.1,1.0,0,0
584,t2_b0,8,1,0.18790540773865963,0.11037486046552658,0.0030054922681301832,0.0030054922681301832,0.03333333333333333,1.0,0,0
585,t2_b0,1,8,0.00985828971234368,0.11165105551481247,0.005180883686989546,0.005180883686989546,0.92,1.0,0,0
585,t2_b0,0,5,0.0,-0.09085029363632202,0.004126887768507004,0.004126887768507004,0.1,1.0,0,0
588,t2_b0,4,8,0.9934199159738073,0.2392055094242096,0.2844196856021881,0.2844196856021881,0.9,1.0,0,0
589,t2_b0,9,8,0.13051177721942178,0.2123030424118042,0.003344905562698841,0.003344905562698841,0.9333333333333333,1.0,0,0
589,t2_b0,6,5,0.027895225138337768,0.19322851300239563,0.013667548075318336,0.013667548075318336,0.9333333333333333,1.0,0,0
591,t2_b0,5,6,0.047156721803421335,0.19828113913536072,0.011419294402003288,0.011419294402003288,0.9500000000000001,1.0,0,0
592,t2_b0,2,8,0.3997601064545518,0.19146886467933655,0.02169261872768402,0.02169261872768402,0.92,1.0,0,0
592,t2_b0,6,0,0.4741094115805094,0.11919891089200974,0.06298072636127472,0.06298072636127472,0.05,1.0,0,0
593,t2_b0,1,2,0.23042728026746184,0.201436847448349,0.0004202225827611983,0.0004202225827611983,0.925,1.0,0,0
594,t2_b0,9,8,0.2637277650217536,0.21189957857131958,0.0013430799590423703,0.0013430799590423703,0.9500000000000001,1.0,0,0
596,t2_b0,8,2,0.038885743032174125,0.23321294784545898,0.018881531432271004,0.018881531432271004,1.0,1.0,0,0
597,t2_b0,2,8,-0.08540761022157159,0.23471330106258392,0.05123869702219963,0.05123869702219963,0.9500000000000001,1.0,0,0
598,t2_b0,4,6,0.16827413243769862,0.1692427694797516,4.6912697371226386e-07,4.6912697371226386e-07,1.0,1.0,0,0
600,t2_b0,4,6,0.3603796926276508,0.16447851061820984,0.019188636913895607,0.019188636913895607,0.1,1.0,0,0
600,t2_b0,3,7,0.0,-0.12555542588233948,0.00788208283483982,0.00788208283483982,1.0,1.0,0,0
601,t2_b0,1,0,-0.05617983571025724,-0.08977045118808746,0.0005641647148877382,0.0005641647148877382,0.1,1.0,0,0
601,t2_b0,9,6,0.9133770750411974,0.12861411273479462,0.3079264163970947,0.3079264163970947,0.05000000000000001,1.0,0,0
602,t2_b0,6,4,0.0,0.20605599880218506,0.021229537203907967,0.021229537203907967,0.05,1.0,0,0
602,t2_b0,5,9,-0.0036731969645273908,0.14449571073055267,0.010977012105286121,0.010977012105286121,1.0,1.0,0,0
604,t2_b0,0,1,0.0,-0.16598016023635864,0.013774706982076168,0.013774706982076168,1.0,1.0,0,0
605,t2_b0,2,6,0.8431878477408575,-0.12529799342155457,0.46898239850997925,0.46898239850997925,1.0,1.0,0,0
610,t2_b0,4,6,0.1913094202693816,0.15156883001327515,0.0007896573515608907,0.0007896573515608907,0.1,1.0,0,0
610,t2_b0,8,9,0.8807483438752017,0.13108426332473755,0.2809981107711792,0.2809981107711792,0.2,1.0,0,0
611,t2_b0,7,3,0.4805610537877925,0.18306252360343933,0.04425268620252609,0.04425268620252609,1.0,1.0,0,0
611,t2_b0,6,4,-0.05641445894229148,0.22543621063232422,0.039719898253679276,0.039719898253679276,1.0,1.0,0,0
612,t2_b0,7,3,0.2724290740570341,0.2688530683517456,6.393925559677882e-06,6.393925559677882e-06,1.0,1.0,0,0
613,t2_b0,9,8,-0.0837569635518418,0.15694256126880646,0.02896813116967678,0.02896813116967678,1.0,1.0,0,0
613,t2_b0,5,6,0.27558039754024183,0.13124553859233856,0.010416276752948761,0.010416276752948761,0.2,1.0,0,0
614,t2_b0,2,1,0.08824868061403313,0.027826689183712006,0.00182540831156075,0.00182540831156075,0.025,1.0,0,0
615,t2_b0,1,2,0.1192493542542234,0.07672213762998581,0.0009042819729074836,0.0009042819729074836,0.9333333333333333,1.0,0,0
616,t2_b0,9,8,0.07828140609061694,0.22982504963874817,0.011482738889753819,0.011482738889753819,0.1,1.0,0,0
616,t2_b0,0,1,-0.0010340668143601999,-0.03830108791589737,0.000694415473844856,0.000694415473844856,0.05,1.0,0,0
617,t2_b0,8,9,-1.0,0.120523601770401,0.6205235719680786,0.6205235719680786,0.1,1.0,0,0
617,t2_b0,3,7,0.014366016703631563,0.21134492754936218,0.019400345161557198,0.019400345161557198,0.9333333333333333,1.0,0,0
618,t2_b0,2,7,-0.12295774160789573,0.18851259350776672,0.048506882041692734,0.048506882041692734,0.05,1.0,0,0
619,t2_b0,4,6,-0.07045721023190879,0.21358850598335266,0.04034098610281944,0.04034098610281944,1.0,1.0,0,0
619,t2_b0,1,0,0.07696676771140427,-0.051157742738723755,0.008207944221794605,0.008207944221794605,0.05,1.0,0,0
621,t2_b0,6,4,0.42093433292223276,0.2297080159187317,0.018283748999238014,0.018283748999238014,0.9500000000000001,1.0,0,0
622,t2_b0,7,3,0.13557603398833723,0.16965770721435547,0.0005807800334878266,0.0005807800334878266,0.05,1.0,0,0
625,t2_b0,8,9,-0.22223520640750238,0.13138698041439056,0.06252432614564896,0.06252432614564896,0.1,1.0,0,0
625,t2_b0,3,7,-0.06872297483986445,0.21867920458316803,0.041300006210803986,0.041300006210803986,0.05,1.0,0,0
627,t2_b0,0,1,0.03315051047208536,-0.22234055399894714,0.03263784572482109,0.03263784572482109,0.1,1.0,0,0
628,t2_b0,3,7,0.12090514424769709,0.13791526854038239,0.00014467212895397097,0.00014467212895397097,0.05,1.0,0,0
629,t2_b0,4,6,0.14430261012809106,0.24694275856018066,0.005267500411719084,0.005267500411719084,1.0,1.0,0,0
630,t2_b0,5,6,-0.6426726189459733,0.21026663482189178,0.36375269293785095,0.36375269293785095,1.0,1.0,0,0
632,t2_b0,6,4,0.10272147117858846,0.23208968341350555,0.008368067443370819,0.008368067443370819,0.9500000000000001,1.0,0,0
632,t2_b0,9,8,-0.11108795666843221,0.16895133256912231,0.03921099752187729,0.03921099752187729,0.1,1.0,0,0
634,t2_b0,1,3,-0.01051680814848449,0.05120895802974701,0.0019050351111218333,0.0019050351111218333,0.03333333333333333,1.0,0,0
634,t2_b0,2,8,0.9738290929774445,0.12778368592262268,0.3578963875770569,0.3578963875770569,0.1,1.0,0,0
635,t2_b0,7,3,0.06519358308950442,0.23729965090751648,0.014810247346758842,0.014810247346758842,0.9333333333333333,1.0,0,0
637,t2_b0,1,7,-0.012614671710111191,0.16313937306404114,0.0154447415843606,0.0154447415843606,1.0,1.0,0,0
638,t2_b0,0,7,-0.0015642152256301577,-0.034753911197185516,0.0005507779424078763,0.0005507779424078763,1.0,1.0,0,0
639,t2_b0,2,8,-0.25196846838502784,0.03785797953605652,0.041999686509370804,0.041999686509370804,1.0,1.0,0,0
640,t2_b0,8,9,0.21615933823790034,0.1713239848613739,0.0010051047429442406,0.0010051047429442406,1.0,1.0,0,0
649,t2_b0,5,9,0.0,0.13203012943267822,0.008715977892279625,0.008715977892279625,1.0,1.0,0,0
650,t2_b0,9,5,0.9054152602644472,0.24536976218223572,0.21783003211021423,0.21783003211021423,0.9125,1.0,0,0
651,t2_b0,8,5,0.8925470130101821,0.12149624526500702,0.2972596287727356,0.2972596287727356,0.1,1.0,0,0
652,t2_b0,2,6,0.22736947322578757,-0.12514451146125793,0.062133047729730606,0.062133047729730606,1.0,1.0,0,0
652,t2_b0,5,8,0.09447556214498892,0.19963717460632324,0.0055294823832809925,0.0055294823832809925,0.9500000000000001,1.0,0,0
653,t2_b0,8,5,0.5080687674150852,0.28655216097831726,0.024534797295928,0.024534797295928,0.91328125,1.0,0,0
653,t2_b0,3,2,0.7598912987243348,-0.12518396973609924,0.3916790783405304,0.3916790783405304,0.5,1.0,0,0
654,t2_b0,6,3,0.31948455183790786,0.4488762617111206,0.00837110634893179,0.00837110634893179,0.5,1.0,0,0
654,t2_b0,9,5,-0.1698970540165676,0.14797785878181458,0.05052223056554794,0.05052223056554794,0.07421875,1.0,0,0
657,t2_b0,2,8,-0.3113128358152402,0.36256176233291626,0.22705349326133728,0.22705349326133728,0.9011718750000001,1.0,0,0
658,t2_b0,4,1,0.5190321707154297,0.2057502418756485,0.04907279089093208,0.04907279089093208,0.925,1.0,0,0
659,t2_b0,1,4,0.0,0.1986691802740097,0.01973472163081169,0.01973472163081169,0.925,1.0,0,0
661,t2_b0,5,4,0.0,0.1878957450389862,0.01765240542590618,0.01765240542590618,0.03333333333333333,1.0,0,0
662,t2_b0,3,6,0.0,0.352833092212677,0.06224559620022774,0.06224559620022774,1.0,1.0,0,0
664,t2_b0,0,9,0.0,0.1412261724472046,0.00997241586446762,0.00997241586446762,1.0,1.0,0,0
666,t2_b0,8,2,-0.005213109672731843,0.20640510320663452,0.02239113487303257,0.02239113487303257,0.05625,1.0,0,0
667,t2_b0,7,1,0.9498452956073871,0.19864752888679504,0.282149076461792,0.282149076461792,1.0,1.0,0,0
668,t2_b0,4,5,-0.8694337348535864,0.20157071948051453,0.5710045099258423,0.5710045099258423,1.0,1.0,0,0
669,t2_b0,4,5,-0.15858406852048593,0.03303913027048111,0.018359728157520294,0.018359728157520294,0.1,1.0,0,0
669,t2_b0,6,2,0.6188620153344391,0.21413177251815796,0.08190329372882843,0.08190329372882843,0.055989583333333336,1.0,0,0
669,t2_b0,1,7,0.0,0.2084038257598877,0.021716076880693436,0.021716076880693436,1.0,1.0,0,0
670,t2_b0,5,9,0.01968281503922341,0.20246049761772156,0.01670384220778942,0.01670384220778942,0.9500000000000001,1.0,0,0
671,t2_b0,2,8,-0.6235338660316752,0.22930198907852173,0.3636644780635834,0.3636644780635834,0.05572916666666667,1.0,0,0
673,t2_b0,7,4,-0.4611374530780439,0.06857019662857056,0.1402951031923294,0.1402951031923294,0.05,1.0,0,0
673,t2_b0,9,0,-0.41575449438556666,0.15379521250724792,0.1621934175491333,0.1621934175491333,0.9500000000000001,1.0,0,0
674,t2_b0,0,9,-0.019019390122057347,0.09206469357013702,0.00616983650252223,0.00616983650252223,1.0,1.0,0,0
675,t2_b0,8,2,0.0937880725405351,0.19247514009475708,0.004869568627327681,0.004869568627327681,0.055468750000000004,1.0,0,0
676,t2_b0,9,5,-0.5312167090100326,0.20829641819000244,0.27343982458114624,0.27343982458114624,0.9333333333333333,1.0,0,0
677,t2_b0,2,8,0.112851335828903,0.2066105306148529,0.004395393189042807,0.004395393189042807,0.05520833333333334,1.0,0,0
677,t2_b0,3,6,0.3959578528332486,0.20899595320224762,0.017477376386523247,0.017477376386523247,0.9167968750000001,1.0,0,0
678,t2_b0,6,3,-0.04028260583626085,0.19625815749168396,0.027975765988230705,0.027975765988230705,0.05494791666666667,1.0,0,0
679,t2_b0,0,4,0.0,-0.11128216981887817,0.006191860884428024,0.006191860884428024,0.03333333333333333,1.0,0,0
680,t2_b0,4,0,-0.05168015427870603,0.16166746616363525,0.02275860123336315,0.02275860123336315,0.025,1.0,0,0
681,t2_b0,3,6,-0.017475802626439083,0.1837610900402069,0.02024814300239086,0.02024814300239086,1.0,1.0,0,0
681,t2_b0,5,4,-0.008094370879779777,0.15153253078460693,0.012740373611450195,0.012740373611450195,1.0,1.0,0,0
683,t2_b0,6,2,-0.0027091079519412993,0.19370029866695404,0.019288327544927597,0.019288327544927597,1.0,1.0,0,0
685,t2_b0,7,4,-0.004897793045373117,0.11685194820165634,0.007411499973386526,0.007411499973386526,1.0,1.0,0,0
685,t2_b0,9,0,0.218171149877009,0.1560966670513153,0.0019266207236796618,0.0019266207236796618,0.1,1.0,0,0
686,t2_b0,0,9,0.0075602771549021725,0.19636675715446472,0.017823942005634308,0.017823942005634308,1.0,1.0,0,0
686,t2_b0,1,8,0.0,-0.01093989610671997,5.984066228847951e-05,5.984066228847951e-05,0.1,1.0,0,0
687,t2_b0,3,0,0.9575552911383897,-0.10638576745986938,0.5639410018920898,0.5639410018920898,1.0,1.0,0,0
687,t2_b0,8,1,-0.15208584484601634,0.17804449796676636,0.054493021219968796,0.054493021219968796,1.0,1.0,0,0
688,t2_b0,3,0,-0.3230068120846957,0.24926123023033142,0.16374534368515015,0.16374534368515015,1.0,1.0,0,0
690,t2_b0,6,9,0.8785469168641993,0.09651496261358261,0.30578699707984924,0.30578699707984924,0.07500000000000001,1.0,0,0
691,t2_b0,6,0,0.17199952573090133,0.35489392280578613,0.01672517880797386,0.01672517880797386,0.937890625,1.0,0,0
693,t2_b0,5,1,0.952286863350387,0.17966124415397644,0.29847514629364014,0.29847514629364014,0.1,1.0,0,0
694,t2_b0,2,8,0.0,-0.12591367959976196,0.007927127182483673,0.007927127182483673,1.0,1.0,0,0
695,t2_b0,8,2,0.8423648265160991,0.07183170318603516,0.2968606650829315,0.2968606650829315,1.0,1.0,0,0
696,t2_b0,1,5,0.03764968247865143,0.24485576152801514,0.02146717719733715,0.02146717719733715,0.9333333333333333,1.0,0,0
699,t2_b0,2,8,0.11649376055729961,0.49969884753227234,0.07342306524515152,0.07342306524515152,1.0,1.0,0,0
701,t2_b0,7,1,0.7955730564193916,0.33899933099746704,0.10422978550195694,0.10422978550195694,0.9125,1.0,0,0
702,t2_b0,7,1,-0.17972997518711778,0.3852970004081726,0.1596277505159378,0.1596277505159378,0.9128906250000001,1.0,0,0
702,t2_b0,9,0,-0.37377180876327326,0.22902879118919373,0.18168428540229797,0.18168428540229797,0.9333333333333333,1.0,0,0
703,t2_b0,8,1,0.7670101876251967,0.25429391860961914,0.1314390003681183,0.1314390003681183,0.884375,1.0,0,0
704,t2_b0,0,9,-0.018396692677618533,0.019319266080856323,0.0007112466846592724,0.0007112466846592724,0.9500000000000001,1.0,0,0
705,t2_b0,6,3,0.028692442643378887,0.16287590563297272,0.009002601727843285,0.009002601727843285,0.05,1.0,0,0
705,t2_b0,0,9,0.004273174451149624,-0.016779817640781403,0.00022161423112265766,0.00022161423112265766,0.05,1.0,0,0
706,t2_b0,9,1,0.35050340772964456,0.1717875599861145,0.01596967875957489,0.01596967875957489,0.05,1.0,0,0
707,t2_b0,3,6,0.0,0.15036053955554962,0.01130414567887783,0.01130414567887783,1.0,1.0,0,0
707,t2_b0,1,9,0.0,0.21527817845344543,0.023172346875071526,0.023172346875071526,0.9333333333333333,1.0,0,0
709,t2_b0,5,6,-0.8085593596424889,0.13617220520973206,0.44625890254974365,0.44625890254974365,1.0,1.0,0,0
714,t2_b0,3,6,-0.7646662973742719,0.15020540356636047,0.4184951186180115,0.4184951186180115,0.1,1.0,0,0
715,t2_b0,0,9,0.08429775462279966,0.0488816499710083,0.0006271502352319658,0.0006271502352319658,0.05,1.0,0,0
716,t2_b0,9,0,-0.044213766009737206,0.21339051425457,0.033179979771375656,0.033179979771375656,0.9500000000000001,1.0,0,0
716,t2_b0,5,6,0.2948905175619774,0.11555294692516327,0.016080982983112335,0.016080982983112335,0.1,1.0,0,0
717,t2_b0,7,1,-0.05984829296621472,0.17915405333042145,0.02856106124818325,0.02856106124818325,0.1,1.0,0,0
718,t2_b0,3,6,-0.8224176683399157,0.16512146592140198,0.48761680722236633,0.48761680722236633,0.1,1.0,0,0
720,t2_b0,6,3,0.0,0.09518499672412872,0.004530091769993305,0.004530091769993305,0.9500000000000001,1.0,0,0
721,t2_b0,6,3,0.0,0.11356738209724426,0.006448775064200163,0.006448775064200163,0.05,1.0,0,0
722,t2_b0,1,9,0.10305832909272004,0.22792840003967285,0.007796267047524452,0.007796267047524452,0.9333333333333333,1.0,0,0
725,t2_b0,8,6,0.6712711628546414,0.0957329273223877,0.16562211513519287,0.16562211513519287,0.2,1.0,0,0
727,t2_b0,1,9,0.01863567081516519,0.09964939951896667,0.003281611716374755,0.003281611716374755,1.0,1.0,0,0
728,t2_b0,7,3,-1.0,0.14619241654872894,0.6461924314498901,0.6461924314498901,0.1,1.0,0,0
728,t2_b0,0,9,-0.013324914616076879,-0.16570189595222473,0.01160937175154686,0.01160937175154686,1.0,1.0,0,0
728,t2_b0,4,2,-0.5226975766265809,0.13718527555465698,0.21772268414497375,0.21772268414497375,1.0,1.0,0,0
729,t2_b0,3,7,-0.8975527113517088,0.06998392194509506,0.4680635631084442,0.4680635631084442,0.05,1.0,0,0
729,t2_b0,2,4,-0.8713276205549059,0.14668069779872894,0.5180083513259888,0.5180083513259888,1.0,1.0,0,0
730,t2_b0,4,2,-0.08162566492422425,0.09691548347473145,0.015938472002744675,0.015938472002744675,1.0,1.0,0,0
732,t2_b0,6,5,0.0,0.11095547676086426,0.0061555588617920876,0.0061555588617920876,0.05,1.0,0,0
733,t2_b0,7,5,0.14316126266528387,0.18611985445022583,0.0009227201226167381,0.0009227201226167381,0.05,1.0,0,0
736,t2_b0,5,7,-0.4151174598741851,0.16825510561466217,0.17016178369522095,0.17016178369522095,1.0,1.0,0,0
739,t2_b0,8,5,0.0,0.09497621655464172,0.004510240629315376,0.004510240629315376,1.0,1.0,0,0
742,t2_b0,2,7,0.0,-0.126093327999115,0.007949763908982277,0.007949763908982277,1.0,1.0,0,0
743,t2_b0,9,6,0.46632886406644153,0.18197202682495117,0.040429405868053436,0.040429405868053436,0.9402343750000001,1.0,0,0
745,t2_b0,3,6,0.9799729701957627,0.09042800962924957,0.3956451117992401,0.3956451117992401,0.2,1.0,0,0
745,t2_b0,1,5,0.030406411168932848,0.19573187828063965,0.013666254468262196,0.013666254468262196,0.9500000000000001,1.0,0,0
746,t2_b0,7,2,0.7940068909022538,-0.04538394883275032,0.35228845477104187,0.35228845477104187,0.19921875,1.0,0,0
746,t2_b0,5,1,-0.42751818258575397,0.3992139399051666,0.34174302220344543,0.34174302220344543,0.9375,1.0,0,0
747,t2_b0,9,0,0.9927537084722744,0.3295533061027527,0.21991737186908722,0.21991737186908722,0.9,1.0,0,0
750,t2_b0,6,3,0.0,0.090858094394207,0.004127596504986286,0.004127596504986286,0.9500000000000001,1.0,0,0
751,t2_b0,0,5,-0.07135282982063457,0.06735409051179886,0.00961980503052473,0.00961980503052473,0.03333333333333333,1.0,0,0
753,t2_b0,4,1,0.22885861491129036,0.12152159214019775,0.005760618951171637,0.005760618951171637,1.0,1.0,0,0
753,t2_b0,8,5,-0.6821407813151766,0.15770751237869263,0.3526725769042969,0.3526725769042969,1.0,1.0,0,0
754,t2_b0,9,0,0.02239458406808386,0.32531699538230896,0.045880988240242004,0.045880988240242004,0.90078125,1.0,0,0
755,t2_b0,1,4,0.020833271251435186,0.03193137049674988,6.158390897326171e-05,6.158390897326171e-05,0.9500000000000001,1.0,0,0
756,t2_b0,2,1,0.8958201867879483,0.29491332173347473,0.18054452538490295,0.18054452538490295,0.9328125,1.0,0,0
757,t2_b0,3,6,-0.2232500417905869,0.10566327720880508,0.05409198999404907,0.05409198999404907,0.9500000000000001,1.0,0,0
757,t2_b0,2,4,-0.7090610993813885,0.17132386565208435,0.3875387907028198,0.3875387907028198,0.066796875,1.0,0,0
758,t2_b0,0,5,-0.040763222463598495,-0.06901169568300247,0.0003989881370216608,0.0003989881370216608,0.05,1.0,0,0
759,t2_b0,4,1,-0.9184255426670832,0.2966545820236206,0.7150801420211792,0.7150801420211792,1.0,1.0,0,0
759,t2_b0,5,0,-0.18700590720978041,0.07050113379955292,0.0331549346446991,0.0331549346446991,0.9500000000000001,1.0,0,0
760,t2_b0,6,3,0.008663852215074147,0.050773151218891144,0.000886596564669162,0.000886596564669162,1.0,1.0,0,0
764,t2_b0,3,6,0.006966949136207937,0.10952230542898178,0.005258800461888313,0.005258800461888313,0.1,1.0,0,0
764,t2_b0,5,9,-0.13608968114643122,0.08752252161502838,0.02500120922923088,0.02500120922923088,0.05,1.0,0,0
765,t2_b0,1,4,-0.037867278964483685,0.17060360312461853,0.021730054169893265,0.021730054169893265,1.0,1.0,0,0
765,t2_b0,9,0,-0.6762482364510504,0.2884153127670288,0.4652878940105438,0.4652878940105438,0.9386718749999999,1.0,0,0
766,t2_b0,0,9,-0.1038002298658667,0.08027271181344986,0.01694142445921898,0.01694142445921898,0.05,1.0,0,0
768,t2_b0,3,6,0.1550890287081105,0.11188244819641113,0.0009334046044386923,0.0009334046044386923,0.1,1.0,0,0
769,t2_b0,6,3,-0.20431363123211474,0.08501540124416351,0.04185565188527107,0.04185565188527107,1.0,1.0,0,0
769,t2_b0,2,5,0.9856080279932715,-0.0004883036017417908,0.4861929714679718,0.4861929714679718,0.2,1.0,0,0
772,t2_b0,1,3,-0.005572643387009031,0.21965833008289337,0.025364495813846588,0.025364495813846588,0.9500000000000001,1.0,0,0
775,t2_b0,8,1,0.8173611408337098,0.08467084169387817,0.26841750741004944,0.26841750741004944,0.2,1.0,0,0
778,t2_b0,4,1,-0.7986575486872789,0.18905386328697205,0.4877869486808777,0.4877869486808777,1.0,1.0,0,0
778,t2_b0,3,0,-0.33964897134529975,0.23228876292705536,0.16355638206005096,0.16355638206005096,0.9500000000000001,1.0,0,0
780,t2_b0,4,1,0.10127724689074451,0.005324088037014008,0.004603504203259945,0.004603504203259945,0.1,1.0,0,0
781,t2_b0,1,4,-0.11259032563337532,0.14935898780822754,0.03430871665477753,0.03430871665477753,0.1,1.0,0,0
783,t2_b0,9,6,0.028944629502440592,0.11095259338617325,0.00336265261285007,0.00336265261285007,1.0,1.0,0,0
784,t2_b0,6,9,0.9070738735554961,0.04990944266319275,0.36736539006233215,0.36736539006233215,0.15000000000000002,1.0,0,0
784,t2_b0,0,4,-0.012383023677708615,0.028527647256851196,0.000836841412819922,0.000836841412819922,1.0,1.0,0,0
785,t2_b0,5,0,0.8784766081865141,0.13490843772888184,0.2764468193054199,0.2764468193054199,1.0,1.0,0,0
785,t2_b0,7,8,0.9127911809047814,-0.01829957216978073,0.43346500396728516,0.43346500396728516,0.15000000000000002,1.0,0,0
786,t2_b0,1,0,0.07501473594768192,0.10117170214653015,0.0003420935245230794,0.0003420935245230794,0.05,1.0,0,0
786,t2_b0,8,7,-0.25187146338747296,-0.006926633417606354,0.029998987913131714,0.029998987913131714,1.0,1.0,0,0
788,t2_b0,3,5,0.03991708137000858,0.13497063517570496,0.00451758923009038,0.00451758923009038,0.1,1.0,0,0
788,t2_b0,0,1,0.10811441593278238,-0.23970898985862732,0.06049056351184845,0.06049056351184845,0.05,1.0,0,0
790,t2_b0,4,0,-0.30831169140988757,0.12446896731853485,0.09364955872297287,0.09364955872297287,0.05,1.0,0,0
792,t2_b0,8,2,0.8495996119556787,0.007923878729343414,0.3542090058326721,0.3542090058326721,1.0,1.0,0,0
792,t2_b0,7,1,-0.027140985074827338,0.2642412781715393,0.04245181009173393,0.04245181009173393,1.0,1.0,0,0
793,t2_b0,9,6,0.0,0.14390195906162262,0.010353886522352695,0.010353886522352695,1.0,1.0,0,0
796,t2_b0,1,7,0.06542366932002852,0.26378998160362244,0.019674597308039665,0.019674597308039665,0.9333333333333333,1.0,0,0
796,t2_b0,6,9,0.07999967206993586,0.1172025054693222,0.000692025467287749,0.000692025467287749,0.1,1.0,0,0
796,t2_b0,2,8,-0.07164828724439784,0.14098957180976868,0.022607428953051567,0.022607428953051567,1.0,1.0,0,0
799,t2_b0,3,5,0.05637408834389995,0.1297210156917572,0.0026898859068751335,0.0026898859068751335,0.1,1.0,0,0
800,t2_b0,0,1,0.007006124516370793,-0.23560860753059387,0.029430953785777092,0.029430953785777092,0.05,1.0,0,0
801,t2_b0,8,9,0.7118794027463693,0.10344955325126648,0.1850934773683548,0.1850934773683548,0.1,1.0,0,0
803,t2_b0,9,8,0.004992793273943352,0.18621224164962769,0.016420243307948112,0.016420243307948112,0.9500000000000001,1.0,0,0
805,t2_b0,8,9,0.268792420403419,0.054797135293483734,0.022896990180015564,0.022896990180015564,0.1,1.0,0,0
806,t2_b0,7,1,0.19459199577497138,0.05840852111577988,0.009272968396544456,0.009272968396544456,0.1,1.0,0,0
806,t2_b0,5,3,-0.41452561807540317,0.08534133434295654,0.12493348866701126,0.12493348866701126,0.1,1.0,0,0
807,t2_b0,1,0,0.02242634699455275,0.09748903661966324,0.002817203989252448,0.002817203989252448,0.03333333333333333,1.0,0,0
808,t2_b0,4,0,-0.5465356140537126,0.13991978764533997,0.2356104850769043,0.2356104850769043,0.9500000000000001,1.0,0,0
810,t2_b0,6,9,-0.4557567892742319,0.14002148807048798,0.17747588455677032,0.17747588455677032,1.0,1.0,0,0
811,t2_b0,6,8,-0.015306053919802649,0.004758857190608978,0.00020130032498855144,0.00020130032498855144,0.05,1.0,0,0
813,t2_b0,9,6,-0.0016492328842403208,0.1523147076368332,0.0118524469435215,0.0118524469435215,0.9500000000000001,1.0,0,0
814,t2_b0,0,4,-0.0163752535636512,-0.1550951600074768,0.009621605277061462,0.009621605277061462,0.9500000000000001,1.0,0,0
816,t2_b0,3,5,0.03872849478962317,0.10675261169672012,0.0023136399686336517,0.0023136399686336517,1.0,1.0,0,0
817,t2_b0,8,9,0.0,0.06671985983848572,0.002225769916549325,0.002225769916549325,1.0,1.0,0,0
817,t2_b0,1,4,-0.04675744875959523,0.19452112913131714,0.029107674956321716,0.029107674956321716,1.0,1.0,0,0
818,t2_b0,7,0,-1.0,0.1342121958732605,0.6342122554779053,0.6342122554779053,0.05,1.0,0,0
820,t2_b0,4,9,-0.050181595157369786,0.1224164143204689,0.01489503588527441,0.01489503588527441,1.0,1.0,0,0
821,t2_b0,9,0,0.9998268489441224,-0.06697934865951538,0.5668061971664429,0.5668061971664429,0.07500000000000001,1.0,0,0
822,t2_b0,6,8,0.0,0.11542297899723053,0.006661232095211744,0.006661232095211744,0.1,1.0,0,0
822,t2_b0,0,9,0.0826085220638678,-0.07067295908927917,0.011747606098651886,0.011747606098651886,1.0,1.0,0,0
823,t2_b0,7,9,0.1680694512651854,0.15015938878059387,0.0001603851851541549,0.0001603851851541549,1.0,1.0,0,0
827,t2_b0,8,2,-0.003006782046399952,0.0511246994137764,0.001465108711272478,0.001465108711272478,0.15000000000000002,1.0,0,0
829,t2_b0,3,9,0.9380060536169146,0.10558068752288818,0.34646597504615784,0.34646597504615784,0.2,1.0,0,0
829,t2_b0,5,8,0.0,0.047264665365219116,0.0011169742792844772,0.0011169742792844772,0.9500000000000001,1.0,0,0
832,t2_b0,9,3,-0.1690092427999436,0.07530119270086288,0.02984379604458809,0.02984379604458809,1.0,1.0,0,0
833,t2_b0,2,7,0.4761325665692744,0.027366340160369873,0.10069556534290314,0.10069556534290314,0.1,1.0,0,0
835,t2_b0,5,8,0.0,0.07154305279254913,0.0025592041201889515,0.0025592041201889515,1.0,1.0,0,0
838,t2_b0,2,9,-0.20630612114726113,0.08203434199094772,0.04157010838389397,0.04157010838389397,0.025,1.0,0,0
838,t2_b0,4,7,0.9580850346985813,0.12034057080745697,0.3509078919887543,0.3509078919887543,0.9322916666666666,1.0,0,0
839,t2_b0,4,7,0.8863980635922788,0.24110731482505798,0.20820006728172302,0.20820006728172302,0.9333333333333333,1.0,0,0
840,t2_b0,6,9,0.0,0.14477941393852234,0.010480538941919804,0.010480538941919804,1.0,1.0,0,0
841,t2_b0,7,2,0.020061329490384527,0.13058194518089294,0.006107403431087732,0.006107403431087732,0.9333333333333333,1.0,0,0
842,t2_b0,8,1,0.9989710971868379,-0.10582008957862854,0.6047911643981934,0.6047911643981934,1.0,1.0,0,0
843,t2_b0,9,1,0.858615861809258,0.1508062481880188,0.2504972219467163,0.2504972219467163,0.9500000000000001,1.0,0,0
844,t2_b0,7,4,0.2614868633261878,0.1274079829454422,0.008988572284579277,0.008988572284579277,0.05,1.0,0,0
844,t2_b0,9,2,-0.015379608439559387,0.2300754189491272,0.030124085023999214,0.030124085023999214,0.03333333333333333,1.0,0,0
844,t2_b0,6,1,0.6305051321133358,0.19488784670829773,0.09488121420145035,0.09488121420145035,0.03333333333333333,1.0,0,0
845,t2_b0,8,6,0.2528452994009122,0.44615089893341064,0.018683530390262604,0.018683530390262604,1.0,1.0,0,0
845,t2_b0,1,9,0.10049848806783522,0.22625823318958282,0.00790775753557682,0.00790775753557682,0.9333333333333333,1.0,0,0
847,t2_b0,1,7,0.3390885950036705,0.06719851493835449,0.036962106823921204,0.036962106823921204,0.03333333333333333,1.0,0,0
848,t2_b0,2,1,0.005104536764321114,0.052199043333530426,0.00110894616227597,0.00110894616227597,0.03333333333333333,1.0,0,0
849,t2_b0,3,8,0.8847544196442879,0.12906239926815033,0.28553521633148193,0.28553521633148193,0.05,1.0,0,0
850,t2_b0,0,8,0.0029174512458541545,-0.14204980432987213,0.010507753118872643,0.010507753118872643,0.05,1.0,0,0
854,t2_b0,7,1,0.05960640075878757,0.15235690772533417,0.004301328212022781,0.004301328212022781,0.1,1.0,0,0
856,t2_b0,1,2,-0.05001751983477743,0.09498988837003708,0.010513572953641415,0.010513572953641415,0.03333333333333333,1.0,0,0
859,t2_b0,0,9,0.018561970776874954,0.035450443625450134,0.00014261026808526367,0.00014261026808526367,0.03333333333333333,1.0,0,0
860,t2_b0,6,9,0.23622689088459609,0.13790908455848694,0.0048331948928534985,0.0048331948928534985,0.925,1.0,0,0
861,t2_b0,6,0,0.10711249291741504,0.0811820924282074,0.0003361927520018071,0.0003361927520018071,0.025,1.0,0,0
862,t2_b0,9,6,0.10932476455926166,0.11467926949262619,1.4335341802507173e-05,1.4335341802507173e-05,0.03333333333333333,1.0,0,0
862,t2_b0,4,7,0.9086493381168771,0.2939184308052063,0.18894703686237335,0.18894703686237335,1.0,1.0,0,0
864,t2_b0,2,0,-0.10934291585130503,0.2183627188205719,0.05369548872113228,0.05369548872113228,0.9333333333333333,1.0,0,0
867,t2_b0,3,1,-0.2611712542846105,0.14972089231014252,0.08441617339849472,0.08441617339849472,0.9500000000000001,1.0,0,0
868,t2_b0,5,0,0.997745154777807,0.20601606369018555,0.3134174644947052,0.3134174644947052,0.2,1.0,0,0
868,t2_b0,1,7,0.09090176777000059,0.013141654431819916,0.0030233177822083235,0.0030233177822083235,0.05,1.0,0,0
868,t2_b0,2,9,0.24518728336787518,0.1378662884235382,0.005758897867053747,0.005758897867053747,0.1,1.0,0,0
870,t2_b0,5,0,0.8973954792836877,0.4304427206516266,0.10902244597673416,0.10902244597673416,1.0,1.0,0,0
870,t2_b0,7,3,0.024758426408393687,0.15452422201633453,0.00841958075761795,0.00841958075761795,0.05,1.0,0,0
872,t2_b0,6,9,0.060290543900261166,0.17788711190223694,0.006914476398378611,0.006914476398378611,0.1,1.0,0,0
873,t2_b0,7,1,0.2145282292840541,0.10777459293603897,0.005698169581592083,0.005698169581592083,0.05,1.0,0,0
873,t2_b0,9,6,0.29706787749934055,0.13889174163341522,0.012509845197200775,0.012509845197200775,1.0,1.0,0,0
874,t2_b0,9,6,0.05668045863062091,0.16034117341041565,0.005372771993279457,0.005372771993279457,1.0,1.0,0,0
874,t2_b0,0,4,0.012845441389462236,-0.03810093551874161,0.0012977666920050979,0.0012977666920050979,1.0,1.0,0,0
875,t2_b0,3,7,-0.005602259171477588,0.12336418777704239,0.008316172286868095,0.008316172286868095,0.03333333333333333,1.0,0,0
876,t2_b0,0,4,0.1678353357816654,-0.015468798577785492,0.016800202429294586,0.016800202429294586,0.1,1.0,0,0
876,t2_b0,1,7,-0.030891249102656483,0.27496588230133057,0.04677429050207138,0.04677429050207138,0.9333333333333333,1.0,0,0
877,t2_b0,8,1,0.9053402944763657,0.3013342022895813,0.18241168558597565,0.18241168558597565,0.925,1.0,0,0
878,t2_b0,4,3,-0.10054179953671538,0.1395673006772995,0.028826190158724785,0.028826190158724785,0.9500000000000001,1.0,0,0
880,t2_b0,6,7,0.9563604118185768,0.24169877171516418,0.2553705871105194,0.2553705871105194,0.037500000000000006,1.0,0,0
880,t2_b0,4,3,0.5192917523882666,0.07299064099788666,0.09959233552217484,0.09959233552217484,0.05,1.0,0,0
882,t2_b0,3,1,-0.01977809552008413,0.10396254807710648,0.00765587342903018,0.00765587342903018,0.025,1.0,0,0
885,t2_b0,7,1,-0.03075452288289287,0.1765868365764618,0.021495219320058823,0.021495219320058823,0.05,1.0,0,0
886,t2_b0,6,0,-0.3441358249579354,0.17434081435203552,0.13440899550914764,0.13440899550914764,0.05,1.0,0,0
886,t2_b0,1,7,0.036349274593821077,0.24931734800338745,0.022677700966596603,0.022677700966596603,0.9500000000000001,1.0,0,0
888,t2_b0,8,6,0.9918663546108157,0.13016697764396667,0.37126287817955017,0.37126287817955017,0.2,1.0,0,0
890,t2_b0,4,0,-0.05234359037430227,0.12957313656806946,0.01654684729874134,0.01654684729874134,0.05,1.0,0,0
891,t2_b0,0,4,0.0,-0.031687915325164795,0.0005020619719289243,0.0005020619719289243,0.1,1.0,0,0
891,t2_b0,2,1,0.6063447505039572,0.1978468894958496,0.08343525230884552,0.08343525230884552,0.9,1.0,0,0
891,t2_b0,5,8,0.8696770911398691,0.1309386044740677,0.27286726236343384,0.27286726236343384,0.2,1.0,0,0
897,t2_b0,7,3,0.01780238728027536,0.15983328223228455,0.010086387395858765,0.010086387395858765,0.05,1.0,0,0
897,t2_b0,8,5,-0.03688307711204717,0.15150552988052368,0.017745135352015495,0.017745135352015495,0.05,1.0,0,0
900,t2_b0,6,8,0.41120203333658245,0.1138000562787056,0.04422397166490555,0.04422397166490555,1.0,1.0,0,0
901,t2_b0,6,5,0.09697481104297859,0.20020298659801483,0.005328027997165918,0.005328027997165918,0.05,1.0,0,0
904,t2_b0,0,4,-0.004679223389422371,-0.06892140209674835,0.002063528634607792,0.002063528634607792,1.0,1.0,0,0
905,t2_b0,1,7,0.026667366938472905,-0.012060977518558502,0.0007499423809349537,0.0007499423809349537,0.9500000000000001,1.0,0,0
905,t2_b0,8,5,-1.0,0.14137130975723267,0.6413712501525879,0.6413712501525879,0.1,1.0,0,0
907,t2_b0,3,1,-0.7531198389828966,0.1689540594816208,0.4251101315021515,0.4251101315021515,1.0,1.0,0,0
908,t2_b0,9,2,0.04493242670921718,-0.12580108642578125,0.01457496639341116,0.01457496639341116,1.0,1.0,0,0
908,t2_b0,4,5,0.0897223112331563,0.14025379717350006,0.001276715425774455,0.001276715425774455,0.9333333333333333,1.0,0,0
909,t2_b0,5,4,-0.9081844664464288,0.09657157212495804,0.5047560930252075,0.5047560930252075,0.9500000000000001,1.0,0,0
909,t2_b0,1,3,0.037516718045638046,0.07028049230575562,0.0005367324920371175,0.0005367324920371175,1.0,1.0,0,0
911,t2_b0,7,0,0.9551936653159642,-0.10749202221632004,0.5626856088638306,0.5626856088638306,1.0,1.0,0,0
912,t2_b0,7,0,-1.0,0.26929986476898193,0.7692998647689819,0.7692998647689819,0.900390625,1.0,0,0
914,t2_b0,5,4,0.17804922154899336,0.15189146995544434,0.0003421139845158905,0.0003421139845158905,1.0,1.0,0,0
914,t2_b0,2,9,0.0,0.052442796528339386,0.0013751235092058778,0.0013751235092058778,1.0,1.0,0,0
914,t2_b0,0,8,0.01098414426483727,0.0613010972738266,0.0012658978812396526,0.0012658978812396526,0.9500000000000001,1.0,0,0
916,t2_b0,0,7,-0.04678800867510524,-0.018696777522563934,0.00039455859223380685,0.00039455859223380685,1.0,1.0,0,0
918,t2_b0,4,7,-0.028035037201153516,0.19667229056358337,0.025246692821383476,0.025246692821383476,0.9500000000000001,1.0,0,0
920,t2_b0,8,3,0.0,0.08893284201622009,0.003954525105655193,0.003954525105655193,1.0,1.0,0,0
921,t2_b0,9,7,0.8289316293066453,0.1657542884349823,0.21990211308002472,0.21990211308002472,1.0,1.0,0,0
922,t2_b0,2,4,0.9511391372979452,0.12231923639774323,0.3434712290763855,0.3434712290763855,0.2,1.0,0,0
925,t2_b0,5,8,0.7289738876986803,0.12893563508987427,0.1800229400396347,0.1800229400396347,0.2,1.0,0,0
925,t2_b0,4,2,0.13771486486151185,0.13007542490959167,2.9180506317061372e-05,2.9180506317061372e-05,1.0,1.0,0,0
927,t2_b0,3,7,0.7596178925404174,0.15341642498970032,0.18374007940292358,0.18374007940292358,0.9500000000000001,1.0,0,0
927,t2_b0,6,9,0.6018432639672984,0.29254812002182007,0.047831736505031586,0.047831736505031586,1.0,1.0,0,0
928,t2_b0,7,3,-0.17948559955765422,0.1567157506942749,0.05651567876338959,0.05651567876338959,0.05,1.0,0,0
928,t2_b0,8,5,0.014386443355900733,0.12342622876167297,0.005944837350398302,0.005944837350398302,1.0,1.0,0,0
931,t2_b0,2,7,-0.5122748206150161,0.1574576497077942,0.2242707759141922,0.2242707759141922,0.03333333333333333,1.0,0,0
932,t2_b0,1,7,0.022988168557447602,0.006880238652229309,0.0001297326962230727,0.0001297326962230727,0.03333333333333333,1.0,0,0
937,t2_b0,5,2,-0.09022151559059759,0.1348838210105896,0.025336207821965218,0.025336207821965218,1.0,1.0,0,0
937,t2_b0,6,1,-0.7583135189167804,0.11657664179801941,0.38271644711494446,0.38271644711494446,0.05,1.0,0,0
937,t2_b0,3,7,0.26452571771990363,0.1294427216053009,0.009123707190155983,0.009123707190155983,0.9500000000000001,1.0,0,0
938,t2_b0,4,8,0.6641306984166798,0.17193818092346191,0.12112673372030258,0.12112673372030258,0.9375,1.0,0,0
938,t2_b0,3,7,0.5498732760285071,0.10745611041784286,0.0978664755821228,0.0978664755821228,0.05,1.0,0,0
940,t2_b0,7,0,-0.4735062043798755,0.10740005224943161,0.16872604191303253,0.16872604191303253,0.05,1.0,0,0
942,t2_b0,8,4,-0.10233737593596035,0.11301396787166595,0.02318810112774372,0.02318810112774372,0.03333333333333333,1.0,0,0
943,t2_b0,0,7,-0.008970116965841816,0.022229112684726715,0.0004866959643550217,0.0004866959643550217,0.1,1.0,0,0
944,t2_b0,8,6,0.20290792265847432,0.14287742972373962,0.0018018299015238881,0.0018018299015238881,0.05,1.0,0,0
945,t2_b0,1,6,0.05398492278482212,0.1105920746922493,0.0016021848423406482,0.0016021848423406482,0.9333333333333333,1.0,0,0
946,t2_b0,0,7,0.003774663226075933,-0.01429012417793274,0.00016316828259732574,0.00016316828259732574,0.05,1.0,0,0
946,t2_b0,2,8,-1.0,0.23058074712753296,0.7305808067321777,0.7305808067321777,0.925,1.0,0,0
946,t2_b0,4,3,0.08938514084626481,0.16542240977287292,0.002890832955017686,0.002890832955017686,0.03333333333333333,1.0,0,0
949,t2_b0,3,0,-0.43525623486929627,0.04332093149423599,0.11451805382966995,0.11451805382966995,0.03333333333333333,1.0,0,0
949,t2_b0,2,8,-0.8762772928347933,0.11031980812549591,0.4866868853569031,0.4866868853569031,0.03333333333333333,1.0,0,0
950,t2_b0,4,0,-0.14893792786236512,0.056912049651145935,0.021187106147408485,0.021187106147408485,0.03333333333333333,1.0,0,0
950,t2_b0,6,8,-0.258878210340716,0.1373695731163025,0.07850614935159683,0.07850614935159683,0.9333333333333333,1.0,0,0
951,t2_b0,6,8,-0.1816904508611412,0.08346457034349442,0.0351535901427269,0.0351535901427269,0.03333333333333333,1.0,0,0
951,t2_b0,1,2,0.046533323678201885,0.021745935082435608,0.0003072073159273714,0.0003072073159273714,0.05,1.0,0,0
951,t2_b0,7,3,-0.09286303440319948,0.15869386494159698,0.0316404365003109,0.0316404365003109,0.9500000000000001,1.0,0,0
953,t2_b0,8,6,0.05680632477465734,0.17005926370620728,0.006413113791495562,0.006413113791495562,1.0,1.0,0,0
956,t2_b0,8,4,0.9912199883020402,0.08054188638925552,0.4146672785282135,0.4146672785282135,0.2,1.0,0,0
957,t2_b0,0,2,0.009510077551162406,-0.09531468152999878,0.005494114942848682,0.005494114942848682,0.1,1.0,0,0
959,t2_b0,7,9,0.0,0.15681374073028564,0.012295274995267391,0.012295274995267391,0.1,1.0,0,0
959,t2_b0,3,4,0.017806503281634613,0.17329686880111694,0.012088627554476261,0.012088627554476261,0.1,1.0,0,0
959,t2_b0,2,0,-1.0,0.016224466264247894,0.5162245035171509,0.5162245035171509,0.1,1.0,0,0
960,t2_b0,6,8,0.9607779898476785,0.20455610752105713,0.28593575954437256,0.28593575954437256,1.0,1.0,0,0
961,t2_b0,6,8,-1.0,0.3246629238128662,0.8246629238128662,0.8246629238128662,0.17343750000000002,1.0,0,0
962,t2_b0,9,7,0.8172117747642217,0.21893982589244843,0.17896462976932526,0.17896462976932526,1.0,1.0,0,0
962,t2_b0,4,3,0.0,0.16613535583019257,0.013800478540360928,0.013800478540360928,1.0,1.0,0,0
964,t2_b0,7,3,0.13616590578679721,0.1520792543888092,0.00012661739310715348,0.00012661739310715348,0.1,1.0,0,0
965,t2_b0,1,9,0.012214598356534647,0.12500596046447754,0.006360945291817188,0.006360945291817188,0.9500000000000001,1.0,0,0
966,t2_b0,5,1,0.9531195368791315,-0.10629379749298096,0.5594133138656616,0.5594133138656616,1.0,1.0,0,0
967,t2_b0,9,1,-0.29865189049555135,0.050325535237789154,0.060892630368471146,0.060892630368471146,0.03333333333333333,1.0,0,0
968,t2_b0,2,6,-0.09231278290997472,0.12728182971477509,0.02411089651286602,0.02411089651286602,0.1,1.0,0,0
968,t2_b0,4,8,0.9997313831820606,0.09958670288324356,0.40513017773628235,0.40513017773628235,1.0,1.0,0,0
971,t2_b0,8,4,0.03890242925414641,0.27274590730667114,0.027341386303305626,0.027341386303305626,0.171875,1.0,0,0
971,t2_b0,5,9,-0.29564411880252306,0.11607030779123306,0.08475437760353088,0.08475437760353088,1.0,1.0,0,0
973,t2_b0,3,7,-0.0870036882716685,0.26996737718582153,0.0637141689658165,0.0637141689658165,1.0,1.0,0,0
974,t2_b0,1,0,0.17948949020139668,-0.07463736087083817,0.032290227711200714,0.032290227711200714,0.03333333333333333,1.0,0,0
975,t2_b0,8,4,0.6115751553984384,0.2706107497215271,0.05812835320830345,0.05812835320830345,0.17109375000000002,1.0,0,0
976,t2_b0,5,7,0.9834069609220102,0.09713196754455566,0.39274168014526367,0.39274168014526367,0.2,1.0,0,0
978,t2_b0,4,8,0.7142309299434403,0.2751134932041168,0.09641207009553909,0.09641207009553909,1.0,1.0,0,0
978,t2_b0,6,0,0.2070485158797434,-0.007521085441112518,0.023020057007670403,0.023020057007670403,0.03333333333333333,1.0,0,0
980,t2_b0,7,5,0.1406431831631527,0.18577809631824493,0.0010185803985223174,0.0010185803985223174,0.05,1.0,0,0
981,t2_b0,4,8,0.24861503707354415,0.29137271642684937,0.0009141094051301479,0.0009141094051301479,0.16953125000000002,1.0,0,0
981,t2_b0,1,6,0.10156101320532675,0.24189327657222748,0.009846572764217854,0.009846572764217854,0.9500000000000001,1.0,0,0
983,t2_b0,7,3,0.04167155380784405,0.15023571252822876,0.005893087480217218,0.005893087480217218,0.1,1.0,0,0
984,t2_b0,0,6,0.0,-0.10827029496431351,0.005861228331923485,0.005861228331923485,0.9500000000000001,1.0,0,0
986,t2_b0,2,9,0.0,0.13493552803993225,0.009103798307478428,0.009103798307478428,1.0,1.0,0,0
987,t2_b0,3,7,0.034688304309406795,0.17128190398216248,0.009328905493021011,0.009328905493021011,1.0,1.0,0,0
988,t2_b0,9,2,0.922986562094714,0.21290799975395203,0.25210580229759216,0.25210580229759216,0.15000000000000002,1.0,0,0
989,t2_b0,5,8,0.14905017941851484,0.20964524149894714,0.0018358809174969792,0.0018358809174969792,1.0,1.0,0,0
989,t2_b0,1,6,0.13228486725589667,0.09579229354858398,0.0006658539059571922,0.0006658539059571922,0.05,1.0,0,0
990,t2_b0,6,1,0.1965863536155165,0.010813742876052856,0.01725573092699051,0.01725573092699051,0.9500000000000001,1.0,0,0
990,t2_b0,2,9,-0.0042969521019620245,0.14398884773254395,0.010994340293109417,0.010994340293109417,1.0,1.0,0,0
990,t2_b0,4,8,-0.06579642839350125,0.24726654589176178,0.0490042120218277,0.0490042120218277,0.11875000000000001,1.0,0,0
991,t2_b0,6,0,0.3783425257332703,0.07387610524892807,0.0463499017059803,0.0463499017059803,0.05,1.0,0,0
992,t2_b0,8,4,0.2219839586635213,0.10050403326749802,0.007378685753792524,0.007378685753792524,0.9500000000000001,1.0,0,0
994,t2_b0,0,6,0.0010704732235822872,-0.1053764671087265,0.005665475036948919,0.005665475036948919,0.9500000000000001,1.0,0,0
995,t2_b0,3,7,0.0701636824327453,0.1552315354347229,0.0036182699259370565,0.0036182699259370565,0.1,1.0,0,0
996,t2_b0,1,0,0.051142576303165245,-0.08096037805080414,0.008725594729185104,0.008725594729185104,1.0,1.0,0,0
997,t2_b0,5,8,0.00359224912074796,0.21437710523605347,0.02221512794494629,0.02221512794494629,0.9500000000000001,1.0,0,0
997,t2_b0,0,6,0.12716693358649883,0.1259993463754654,6.816221116423549e-07,6.816221116423549e-07,0.1,1.0,0,0
998,t2_b0,8,4,0.0677089265724526,0.15365101397037506,0.0036930213682353497,0.0036930213682353497,0.1,1.0,0,0
999,t2_b0,9,6,0.5201960165731925,0.14064371585845947,0.0720299780368805,0.0720299780368805,0.05,1.0,0,0
1000,t2_b0,4,8,-0.029030741737490068,0.24946799874305725,0.03878077492117882,0.03878077492117882,1.0,1.0,0,0
1000,t2_b0,2,9,-0.10637013294903123,0.08767546713352203,0.01882684789597988,0.01882684789597988,1.0,1.0,0,0
1000,t2_b0,3,7,-0.007272756587690975,0.14925214648246765,0.012250022031366825,0.012250022031366825,1.0,1.0,0,0
